contractID,Reentrancy,Access Control,Arithmetic,Unchecked Return Values,DoS,Bad Randomness,Front Running,Time manipulation
1,0,0,0,0,1,0,0,0
4,1,1,0,1,0,0,0,0
5,0,0,0,1,1,0,0,0
6,1,1,1,1,1,0,0,1
7,0,0,0,0,1,0,0,0
9,1,0,0,0,0,0,0,0
10,1,1,1,0,1,0,1,0
11,1,1,1,0,1,0,1,0
12,0,0,0,0,1,0,0,0
14,0,0,0,0,1,0,0,0
15,0,1,0,0,0,0,0,0
16,1,1,0,0,0,0,0,0
18,1,1,0,1,1,0,1,0
19,1,0,0,0,0,0,0,0
20,1,1,1,0,0,0,0,0
21,0,1,0,0,1,0,0,0
22,0,1,0,0,0,0,0,1
23,1,1,0,0,0,0,0,0
24,0,1,1,0,0,0,0,0
25,0,1,0,1,0,0,0,0
26,0,1,0,0,0,0,0,1
27,0,0,0,0,0,0,0,0
28,0,1,0,0,0,0,0,0
29,0,1,0,0,0,0,0,0
30,1,1,1,0,0,0,0,0
31,1,1,1,0,1,0,0,0
32,1,0,0,0,0,0,0,0
34,0,0,1,0,0,0,0,0
35,0,0,0,0,0,0,0,0
36,1,1,1,0,1,0,0,0
37,0,1,1,0,1,0,0,0
39,0,1,0,0,0,0,0,0
40,1,1,0,0,1,0,0,1
42,0,1,1,0,0,0,0,0
43,0,1,0,0,0,0,0,0
44,0,1,0,0,0,0,0,0
46,1,1,1,1,0,0,0,0
47,1,1,1,0,1,0,1,1
48,0,1,0,0,0,0,0,0
49,1,1,1,0,0,0,0,0
50,1,1,0,0,1,0,0,1
51,1,1,0,0,0,0,0,1
52,0,1,1,0,0,0,0,0
53,0,1,0,0,0,0,0,0
54,0,1,0,0,0,0,0,0
55,0,1,0,0,0,0,0,0
56,1,1,1,1,1,0,0,1
57,1,1,1,0,0,0,0,1
58,1,0,1,1,1,0,0,1
59,1,1,0,1,0,0,0,0
60,0,0,1,0,0,0,0,0
61,0,1,0,0,0,0,1,0
62,1,1,1,0,0,0,0,0
64,0,1,0,0,0,0,0,0
65,0,1,0,0,0,0,0,0
66,0,1,0,0,0,0,0,0
68,1,1,0,0,1,0,0,1
69,1,1,1,0,0,0,0,0
72,0,1,1,0,0,0,0,0
74,1,1,0,0,0,0,0,1
80,0,1,0,1,0,0,0,0
81,0,1,0,0,1,0,0,0
82,0,1,0,0,1,0,0,0
84,1,0,0,0,0,0,0,0
85,0,1,0,0,0,0,0,0
86,1,1,0,0,1,0,0,0
87,0,1,1,0,0,0,0,0
88,0,1,0,0,0,0,0,1
89,1,1,0,0,0,0,0,1
91,1,1,0,1,0,0,0,0
95,0,0,0,0,0,0,0,0
97,1,1,1,0,0,0,0,0
99,0,0,0,0,0,0,0,1
98,1,1,0,0,0,0,0,0
100,1,1,1,1,0,0,0,1
101,0,0,1,0,0,0,0,1
102,1,1,0,0,0,0,0,1
103,1,1,1,1,0,0,0,0
104,1,1,1,0,1,0,1,0
106,0,1,0,0,0,0,0,0
107,0,0,0,0,0,0,0,0
111,0,1,0,0,0,0,0,0
112,1,1,1,1,0,0,0,0
141,0,0,0,0,0,0,0,1
155,0,1,1,0,0,0,0,1
115,1,1,1,0,0,0,0,0
116,1,1,1,0,0,0,0,1
118,0,0,0,0,0,0,0,0
119,1,1,0,0,0,0,0,1
121,1,1,0,1,0,0,0,0
122,1,1,1,0,0,0,0,0
125,0,1,0,0,0,0,0,0
127,0,1,0,0,0,0,0,0
128,0,1,1,1,0,0,0,1
130,1,0,1,0,0,0,0,0
132,0,0,0,0,0,0,0,0
134,0,1,1,0,0,0,0,0
136,1,1,1,1,0,0,0,0
137,0,0,0,0,0,0,0,0
138,0,1,0,0,0,0,0,0
139,0,0,0,0,1,0,0,1
140,1,1,1,1,0,0,0,0
142,1,1,0,0,1,0,0,1
143,1,1,0,0,1,0,0,1
144,1,1,0,1,0,0,0,0
145,0,1,0,0,0,0,0,0
146,0,1,1,1,0,0,0,0
148,0,1,0,0,0,0,0,0
153,1,1,0,1,0,0,0,0
156,0,1,0,0,0,0,0,0
158,1,1,0,0,0,0,0,0
160,1,1,0,1,0,0,0,1
161,1,1,0,0,1,0,0,0
163,1,1,1,0,1,1,0,0
165,1,1,0,1,1,0,0,0
168,0,1,0,0,0,0,0,0
169,1,1,0,0,0,0,0,0
170,0,1,0,0,0,0,0,0
173,0,1,0,0,0,0,0,0
174,0,1,0,0,0,0,0,0
175,0,1,1,1,1,0,0,0
178,1,1,1,0,1,0,1,1
179,1,1,1,1,0,0,0,1
180,1,1,0,0,0,0,0,1
181,0,1,1,0,0,0,0,1
182,0,0,0,1,0,0,1,0
183,1,1,1,0,0,0,0,1
184,1,1,0,1,0,0,1,1
185,0,1,1,1,1,0,0,0
186,1,1,0,1,0,0,0,0
187,0,0,1,0,0,0,0,0
188,0,1,0,0,0,0,0,0
191,1,1,0,0,1,0,0,0
192,1,1,0,0,0,0,0,0
195,1,0,0,1,1,0,0,1
196,0,0,0,0,0,0,0,0
199,1,0,1,0,0,0,0,1
204,0,1,0,1,1,0,0,1
206,0,0,0,0,0,0,0,0
205,0,1,0,0,0,0,0,0
207,0,1,0,0,1,0,0,0
208,0,1,0,0,0,0,0,0
209,1,1,0,0,0,0,0,0
211,1,1,0,0,0,0,0,0
212,1,1,1,1,1,0,0,0
213,0,0,0,0,0,0,0,1
214,0,0,0,0,0,0,0,0
218,1,1,1,0,1,0,0,0
220,1,1,0,0,0,0,0,0
223,1,1,1,0,0,0,0,0
225,1,1,1,1,0,0,0,1
226,1,1,0,0,1,0,0,0
227,0,1,0,0,0,0,0,0
228,0,1,1,0,0,0,0,0
229,0,1,0,0,0,0,0,1
230,0,1,0,0,0,0,0,0
231,0,1,1,1,0,0,0,0
233,1,1,0,0,0,0,0,0
234,1,1,0,0,0,0,0,1
237,1,1,0,0,1,0,0,0
240,0,0,0,0,0,0,0,0
242,1,1,1,1,0,0,0,0
243,0,1,0,0,0,0,0,0
245,0,0,0,0,0,0,0,0
246,0,1,0,0,0,0,0,0
247,1,1,0,0,0,0,0,0
248,1,1,1,1,1,0,0,1
249,1,0,0,0,0,1,0,0
250,0,1,1,0,0,0,0,0
251,0,0,0,0,0,0,0,1
252,0,0,1,0,0,0,0,0
255,1,1,0,0,0,0,0,0
257,0,1,0,0,1,0,0,1
259,1,1,1,1,0,0,0,1
260,1,1,0,0,0,1,0,0
261,0,0,0,0,0,0,0,1
263,0,1,0,0,0,0,0,1
264,1,1,1,0,1,0,0,0
297,0,0,1,0,0,0,0,0
312,0,0,0,0,0,0,0,1
327,0,0,0,0,0,0,0,1
266,1,1,1,0,0,0,0,0
268,1,0,1,0,0,0,0,1
270,0,1,0,1,0,0,0,0
271,1,1,0,0,0,0,0,0
272,1,1,0,0,0,0,0,1
273,0,1,1,0,0,0,0,0
274,1,0,0,0,0,0,0,0
276,0,1,1,0,0,0,0,0
277,1,1,1,1,1,0,0,0
279,0,1,0,0,0,0,0,0
280,0,1,0,0,0,0,0,0
281,0,1,1,0,0,0,0,0
283,1,1,1,0,0,0,0,1
284,0,0,0,0,0,0,0,0
285,1,1,0,0,1,0,0,1
287,0,1,0,0,0,0,0,1
288,1,1,1,0,0,0,0,0
290,0,1,0,0,1,0,0,0
293,1,1,1,1,0,0,0,0
294,0,1,0,0,0,0,0,0
295,1,1,0,1,1,0,0,0
296,1,1,1,1,1,0,0,1
299,0,1,0,0,0,0,0,0
302,0,1,1,0,1,1,1,0
303,1,1,0,0,1,0,0,0
304,1,1,0,0,1,1,0,1
305,1,1,1,0,1,0,1,0
307,1,1,1,0,1,0,0,0
310,1,1,0,0,1,0,0,0
311,0,1,0,0,0,0,0,0
314,1,1,0,1,0,0,0,0
315,0,1,0,0,0,0,0,0
317,0,0,1,0,0,0,0,0
318,1,1,1,1,0,0,0,0
319,1,1,0,0,0,0,0,1
320,0,0,1,0,0,0,0,0
321,1,1,0,0,0,0,0,0
322,1,1,1,1,1,0,0,1
323,0,1,0,0,0,0,0,0
326,1,1,1,0,0,0,0,1
329,1,1,1,0,1,0,0,0
330,0,1,1,0,0,0,0,0
331,1,1,0,0,1,0,0,0
332,0,1,0,0,0,0,0,0
336,1,1,1,0,1,0,0,1
337,0,1,0,0,0,0,0,0
338,1,0,0,0,0,0,0,1
339,1,1,0,0,0,0,0,0
340,1,1,1,1,0,0,0,0
345,0,1,0,0,0,0,0,0
346,1,1,1,0,0,0,0,0
348,1,1,0,0,0,0,0,0
349,1,1,1,1,0,0,0,0
350,0,1,0,0,0,0,0,0
351,1,1,1,1,0,0,0,1
352,0,0,0,0,0,0,0,0
354,1,1,0,0,0,0,0,0
355,1,1,0,1,1,0,1,0
357,0,1,0,0,0,0,1,0
359,1,1,0,0,0,0,0,0
362,0,1,0,0,0,0,0,0
364,0,1,0,0,0,0,0,1
365,1,1,0,0,0,1,0,1
366,0,1,0,0,0,0,0,1
367,0,0,0,0,0,0,0,0
368,0,0,0,0,0,0,0,1
369,0,1,0,0,0,0,1,0
370,0,1,0,0,0,0,0,0
372,0,1,1,0,1,0,0,1
373,1,1,0,0,0,0,0,1
374,1,1,0,0,0,0,0,0
376,0,1,1,0,0,0,0,0
377,1,1,0,0,0,0,0,0
378,1,1,1,0,1,0,0,0
379,1,1,1,0,0,0,0,0
380,0,1,0,1,0,0,0,1
381,0,1,0,0,0,0,0,1
382,0,0,0,0,0,0,0,1
386,1,1,1,1,0,0,0,0
387,0,1,0,0,0,0,0,0
389,1,1,1,0,0,0,0,0
393,1,1,1,0,0,0,0,1
395,1,1,0,0,1,0,0,0
396,1,1,1,1,0,0,0,0
397,1,1,0,0,0,0,0,0
401,0,1,1,0,0,0,0,0
399,1,1,0,0,0,0,0,1
400,1,1,0,0,0,0,1,0
416,0,0,0,0,0,0,0,1
432,0,0,0,0,0,0,0,0
441,0,0,0,0,0,0,0,0
454,0,0,0,0,0,0,0,0
403,1,1,0,1,0,0,0,0
404,0,1,0,0,1,0,0,1
405,1,1,1,0,0,0,0,0
408,1,1,0,1,1,0,0,0
409,0,0,0,0,0,0,0,1
411,1,1,0,0,0,0,0,0
412,1,1,0,0,0,0,0,0
414,1,1,0,1,1,0,0,0
415,1,1,1,0,0,0,0,0
417,1,1,0,0,0,0,0,0
418,1,1,1,1,0,0,0,1
419,0,0,0,0,0,0,0,1
420,1,1,1,0,1,0,0,0
421,1,1,1,0,0,0,0,1
424,1,0,0,0,0,0,0,0
427,0,0,0,0,0,0,0,0
426,1,1,0,1,0,0,0,0
428,1,1,0,1,1,0,0,1
429,0,1,0,1,0,0,0,1
430,1,0,1,0,0,0,1,1
433,1,1,1,1,1,0,0,0
434,1,1,0,0,1,0,0,0
435,1,1,1,0,0,0,0,0
437,0,0,1,0,0,0,0,0
438,0,1,0,0,0,0,0,0
442,0,1,0,0,0,0,0,0
445,1,1,1,1,0,0,0,0
446,0,1,0,0,0,0,0,0
448,1,1,0,0,0,0,1,1
449,1,1,0,0,0,0,0,1
450,1,1,0,1,1,0,0,0
452,0,1,0,0,0,0,0,0
455,1,1,0,0,0,0,0,0
456,0,1,0,0,0,0,0,0
457,0,1,1,0,0,0,0,0
459,0,1,0,0,0,0,0,0
461,1,1,1,0,0,0,0,1
462,0,0,1,0,0,0,0,0
463,1,1,1,0,1,0,0,1
470,0,0,0,0,0,0,0,1
469,0,1,0,0,1,0,0,1
473,0,1,1,0,0,0,0,0
474,1,1,0,0,0,0,0,1
475,1,1,1,1,0,0,0,1
477,0,0,1,0,0,0,0,0
479,0,1,1,0,0,0,0,1
480,1,1,1,0,0,0,0,0
481,1,1,1,0,1,1,0,0
482,0,1,1,0,0,0,0,1
484,1,1,0,1,1,0,0,1
485,1,1,1,0,0,0,0,1
486,1,1,0,1,0,0,0,1
487,0,1,1,1,0,0,0,0
489,1,1,1,1,1,0,1,0
490,1,1,0,1,0,0,0,0
492,1,1,0,0,1,0,0,0
493,1,1,0,0,0,1,1,0
497,1,1,1,1,0,0,0,0
498,0,1,1,0,0,0,0,0
499,1,1,0,0,0,0,0,0
500,0,1,0,0,0,0,0,0
501,0,1,1,0,0,0,0,0
503,1,1,0,0,1,0,0,0
504,0,1,1,0,0,0,0,1
505,1,1,1,0,1,0,0,1
506,1,1,0,0,1,1,0,0
507,1,1,1,1,0,0,0,0
508,0,1,0,0,0,0,0,0
509,0,0,0,0,0,0,0,0
510,1,1,0,0,0,0,0,0
511,0,0,0,0,0,0,0,0
514,1,1,0,0,0,0,0,0
515,1,1,0,1,0,0,0,0
516,1,1,1,1,1,0,0,1
518,1,1,0,0,0,0,0,0
519,1,1,1,1,0,0,0,0
521,0,1,1,0,0,0,0,1
528,0,1,1,0,0,0,0,0
532,1,1,1,0,0,0,0,0
533,1,1,0,0,1,0,0,1
534,0,0,0,0,0,0,0,0
536,0,1,0,0,0,0,0,0
538,1,1,1,0,0,0,0,1
539,1,1,0,0,0,0,0,0
541,0,1,0,0,0,0,0,1
542,1,1,0,1,0,0,0,0
544,0,1,0,0,0,0,0,0
547,0,1,0,0,0,0,0,0
548,0,0,0,0,1,0,0,0
549,1,1,0,0,1,0,0,0
550,0,1,0,0,0,0,0,0
552,0,0,0,0,0,0,0,0
553,0,1,0,0,0,0,0,0
559,0,0,0,0,0,0,0,0
554,0,1,0,0,0,0,0,0
555,0,0,0,0,0,0,0,0
556,0,1,0,0,0,0,0,0
558,1,1,1,0,0,0,1,1
591,1,0,1,0,0,0,0,0
605,0,0,0,0,0,0,0,1
560,1,1,1,1,0,0,0,0
563,0,1,0,0,0,0,0,0
564,0,1,0,0,0,0,0,1
566,0,1,0,0,1,0,1,1
567,0,0,1,0,0,0,0,0
569,0,1,0,1,0,0,0,0
570,0,1,1,0,0,0,0,1
571,0,0,0,0,0,0,0,0
572,0,0,0,0,0,0,0,0
573,0,1,0,0,0,0,0,0
574,1,1,1,1,0,0,0,1
575,0,1,1,0,0,0,0,0
576,0,0,0,0,0,0,0,0
577,1,1,1,1,0,0,0,0
579,0,0,0,0,0,0,0,1
581,1,1,1,0,1,0,0,1
582,1,1,1,0,0,0,0,1
589,0,0,0,0,0,0,0,1
590,0,1,1,0,0,0,0,0
595,0,0,0,0,0,0,0,0
596,1,1,1,0,0,0,0,0
597,1,1,1,1,0,0,0,1
598,0,0,1,0,0,0,0,1
599,1,1,1,1,0,0,0,1
600,0,1,0,0,0,0,0,0
601,1,1,1,0,0,0,0,1
603,0,1,1,0,0,0,0,0
607,0,0,1,0,0,0,0,0
610,0,0,0,0,0,0,0,1
611,1,1,1,0,0,0,0,0
612,1,1,0,1,0,0,1,0
614,0,0,0,0,0,0,0,1
613,1,1,0,0,0,0,0,0
615,0,1,1,0,0,0,0,0
617,1,1,0,0,0,0,0,0
618,0,1,1,0,0,0,0,0
619,1,1,1,1,1,0,0,0
620,1,1,1,0,1,0,0,0
621,0,0,0,1,1,0,0,0
622,0,1,0,0,0,0,0,0
623,1,1,1,0,0,0,0,0
625,0,0,0,0,0,0,0,1
626,1,1,1,1,1,0,0,1
628,0,1,0,0,0,0,0,0
629,1,1,1,1,1,0,0,0
630,1,1,1,1,0,0,0,1
631,1,1,1,0,0,0,0,0
634,0,1,0,0,0,0,0,0
635,1,0,0,0,0,0,0,0
636,1,1,1,1,0,0,0,1
638,0,0,0,0,0,0,0,0
644,0,1,0,0,0,0,0,0
645,1,1,0,1,0,0,0,0
646,1,1,0,0,0,0,0,0
647,1,1,1,0,0,0,0,1
648,0,1,0,0,0,0,0,0
650,0,1,0,0,0,0,0,0
651,1,1,1,0,1,0,0,0
652,1,1,1,0,0,0,0,0
653,1,0,0,0,0,0,1,1
654,1,1,1,0,0,0,0,0
655,0,1,1,1,0,0,0,0
657,0,1,0,0,0,0,0,0
658,1,1,0,0,1,0,0,0
659,0,0,0,0,0,0,0,1
660,1,1,1,0,0,0,0,0
662,0,0,0,0,0,0,0,1
663,0,1,0,0,0,0,0,0
664,1,1,0,0,0,0,0,1
665,0,0,0,0,0,0,0,1
667,1,1,1,1,0,0,0,1
666,0,1,1,0,0,0,0,0
668,1,1,0,0,0,0,0,0
676,0,0,0,0,0,0,0,1
670,1,1,1,0,0,0,0,1
677,1,1,0,0,0,0,0,1
681,1,1,1,1,0,0,0,1
682,1,1,0,1,0,1,0,0
683,0,0,0,0,0,0,0,0
684,1,1,0,0,0,0,0,0
685,0,1,1,0,1,0,0,0
686,1,1,1,1,0,0,0,0
688,1,1,1,0,0,0,0,0
696,1,1,0,0,0,0,0,0
697,1,1,1,1,1,0,0,0
699,0,0,0,0,0,0,0,1
700,0,0,0,0,0,0,0,0
701,0,0,0,0,0,0,0,0
702,0,0,0,0,0,0,0,1
704,1,1,0,0,0,0,0,1
706,0,0,0,0,0,0,0,0
714,0,0,0,0,0,0,0,0
713,1,1,1,1,1,0,0,0
715,1,1,1,0,0,0,0,0
716,0,1,1,0,1,0,0,1
717,1,1,1,1,1,0,0,1
718,0,0,0,0,0,0,0,0
719,1,1,0,0,0,0,0,1
720,0,1,1,1,0,0,0,0
723,1,1,1,1,0,0,0,1
725,0,1,0,0,1,0,0,0
726,1,1,0,0,0,0,0,1
727,0,1,1,0,0,0,0,1
728,1,1,1,0,1,1,0,0
732,1,1,1,0,0,0,0,0
733,0,0,1,0,0,0,0,0
735,0,0,1,0,0,0,0,0
762,0,1,1,0,1,0,0,0
737,1,1,0,0,0,0,0,0
738,0,1,0,0,0,0,0,0
739,1,1,1,0,0,0,0,1
740,1,1,1,0,0,0,0,1
742,1,1,1,0,0,0,0,0
743,0,0,1,0,1,0,0,0
745,1,1,1,0,0,0,1,0
746,1,1,1,0,0,0,0,0
748,1,1,1,0,0,0,0,0
749,0,1,1,0,0,0,0,0
750,0,0,0,0,0,0,0,0
751,0,1,0,0,0,0,0,1
753,0,1,0,0,0,0,0,0
754,1,0,0,0,0,0,0,0
756,1,1,0,1,1,0,1,0
757,0,1,0,0,0,0,0,0
758,1,1,0,0,0,0,0,0
761,1,1,1,0,1,0,0,0
765,0,0,0,0,0,0,0,0
766,1,1,1,1,1,0,0,0
769,0,1,1,1,1,0,0,0
772,0,0,1,0,0,0,0,0
771,0,1,1,1,1,0,0,0
776,0,0,1,0,0,0,0,0
777,0,1,1,1,0,0,0,1
781,1,1,1,0,0,0,0,0
783,1,1,1,1,0,0,0,0
784,1,1,1,1,0,0,0,0
788,1,1,1,0,1,0,0,0
789,0,0,0,0,0,0,0,0
790,0,0,0,0,0,0,0,0
791,1,1,0,0,0,0,0,0
792,1,0,0,0,1,0,0,1
795,1,1,0,1,1,0,0,1
796,0,0,1,1,1,0,0,0
797,1,1,1,0,1,0,0,1
798,1,1,1,1,1,0,0,1
799,0,0,0,0,0,0,1,0
800,0,0,0,0,0,0,0,0
801,1,0,0,0,0,0,0,0
804,1,1,0,0,0,0,0,1
805,0,0,0,0,0,0,0,0
806,1,1,1,0,0,0,0,1
807,0,1,1,0,0,0,0,1
808,1,0,1,0,0,0,0,1
809,1,1,0,0,1,0,1,1
811,1,1,0,0,1,0,0,0
812,0,1,1,0,0,0,0,0
813,1,1,1,1,1,0,0,1
814,1,1,0,0,0,0,0,0
815,1,1,0,1,0,0,0,0
816,0,0,0,0,0,0,0,0
818,0,0,1,0,0,0,0,0
826,0,0,0,0,0,0,0,1
845,0,0,0,0,0,0,0,1
852,0,0,0,0,0,0,0,0
853,0,1,1,0,0,0,0,1
820,0,1,1,0,0,0,0,0
824,0,0,0,0,0,0,0,0
825,1,0,0,0,0,0,0,1
827,1,1,1,0,0,0,0,0
830,0,0,0,0,0,0,0,1
829,0,1,0,0,0,0,0,0
831,1,1,1,0,0,0,0,0
834,1,1,0,0,0,0,0,0
839,1,1,0,0,1,1,0,0
840,1,1,1,1,0,0,0,0
841,1,0,0,0,1,0,0,0
844,1,1,1,0,0,0,0,1
848,1,1,1,0,0,0,0,0
849,0,0,0,0,0,0,0,0
851,0,1,1,0,0,0,0,1
850,0,1,1,1,1,0,0,1
854,0,0,0,0,0,0,0,0
855,1,1,1,1,0,0,0,0
856,1,1,1,0,1,0,0,0
857,1,1,1,0,0,0,0,0
858,1,1,1,1,0,0,0,1
859,1,1,1,1,0,0,0,1
861,0,1,0,0,0,0,0,0
863,0,1,0,0,0,0,0,1
864,1,1,0,1,1,0,0,0
865,1,1,0,0,0,0,0,1
866,0,1,0,0,0,0,0,0
868,0,1,1,1,1,0,0,0
869,0,1,0,0,0,0,0,0
870,1,1,1,1,0,0,0,1
873,0,0,0,0,0,0,0,0
871,1,1,0,1,1,0,0,0
874,1,1,1,0,0,0,0,0
875,0,0,0,0,0,0,0,0
877,1,1,1,0,1,1,0,1
878,1,1,0,1,1,0,0,0
880,1,1,1,0,0,0,0,0
884,1,0,1,1,0,0,0,1
885,1,1,1,0,1,0,0,1
886,0,1,0,0,0,0,0,0
888,1,1,1,1,0,0,0,1
889,0,1,0,0,0,0,0,1
890,1,1,1,1,0,0,0,0
891,0,1,1,0,0,0,0,0
892,0,0,0,0,0,0,0,1
893,0,1,0,0,0,0,0,0
895,1,1,1,1,0,0,0,0
896,1,1,0,0,0,1,0,0
899,1,1,0,0,0,0,0,0
900,1,1,0,1,0,0,0,0
901,0,1,0,0,0,0,0,0
902,0,1,0,1,0,0,0,0
903,1,1,1,0,0,0,0,0
904,0,0,0,0,0,0,0,0
928,0,0,0,0,0,0,0,0
906,1,1,0,1,0,0,0,0
909,0,1,1,0,0,0,0,0
910,1,1,0,0,0,0,0,0
911,0,1,0,0,0,0,0,0
912,1,1,1,0,0,0,0,0
913,1,1,0,1,0,0,0,0
914,1,1,0,0,0,0,0,1
917,1,1,0,0,1,0,0,1
918,0,0,0,0,0,0,0,0
919,0,1,0,0,0,0,0,0
921,0,1,0,0,1,0,0,0
922,1,1,0,0,0,0,0,0
924,0,0,0,0,0,0,0,0
925,0,0,1,0,0,0,0,1
926,1,1,0,0,0,0,0,0
927,1,1,1,0,0,1,0,0
929,0,1,0,0,0,0,0,1
930,1,1,0,0,1,0,0,0
931,0,1,0,0,0,0,0,1
933,1,1,0,1,0,0,0,0
934,1,1,0,0,0,0,0,0
935,1,0,1,0,0,0,0,0
938,0,1,0,1,0,0,0,0
939,0,1,1,1,1,0,0,1
940,0,1,0,0,0,0,0,0
942,0,1,0,1,0,0,0,0
944,0,0,1,0,0,0,0,0
945,1,1,0,0,0,0,0,0
946,0,1,0,1,0,0,0,0
948,0,1,0,0,0,0,0,0
949,0,0,1,0,0,0,0,0
950,1,1,1,0,0,0,0,0
955,1,1,0,0,0,0,0,1
957,1,1,1,0,0,0,0,1
958,0,0,0,0,0,0,0,0
959,0,1,1,0,0,0,0,0
963,1,1,1,1,1,0,0,0
964,1,1,1,1,1,0,0,0
965,0,0,0,0,0,0,0,0
966,0,1,0,0,0,0,0,1
967,1,1,1,0,0,0,0,0
968,1,1,1,0,0,0,0,0
969,0,1,0,0,0,0,1,0
971,0,0,1,0,0,0,0,0
970,1,1,0,1,0,0,0,1
973,1,1,1,0,0,0,0,0
974,1,1,1,1,0,0,0,1
977,0,0,0,0,0,0,0,0
979,1,1,0,0,0,0,0,0
980,1,0,0,0,0,0,0,0
981,1,1,0,1,0,0,0,0
983,0,0,0,0,0,0,0,1
1008,0,0,0,0,0,0,0,1
986,1,1,1,1,1,0,0,1
987,0,1,1,0,0,0,0,0
990,1,0,0,0,1,0,0,0
991,0,1,1,1,1,0,0,0
992,1,1,0,1,0,0,0,0
993,1,1,1,0,0,0,0,0
994,1,1,0,0,0,0,0,0
995,0,1,0,1,0,0,0,0
996,0,1,1,0,0,0,0,0
998,0,1,0,0,0,0,0,0
999,1,1,0,1,0,0,0,0
1000,1,1,1,0,0,0,0,0
1002,1,1,1,1,0,0,0,1
1003,1,1,1,1,0,0,0,1
1004,1,1,1,1,1,0,0,1
1005,0,1,0,0,0,0,0,1
1007,0,0,0,0,0,0,0,0
1011,0,1,0,0,0,0,0,0
1012,1,1,1,0,1,0,0,1
1013,1,1,1,0,0,0,0,1
1014,0,0,0,0,0,0,0,0
1015,1,1,1,0,0,0,0,0
1016,0,1,0,0,0,0,0,0
1017,1,1,1,1,0,0,0,0
1018,0,1,0,0,0,0,0,0
1020,0,1,1,0,0,0,0,0
1023,0,0,0,0,0,0,0,1
1024,1,1,0,1,1,0,0,0
1026,1,1,0,0,0,0,0,1
1027,0,0,0,0,0,0,0,0
1029,1,1,1,0,0,0,0,0
1030,0,1,1,0,0,0,0,0
1032,0,1,1,1,1,0,0,0
1034,0,1,0,0,1,0,0,0
1035,0,0,1,0,0,0,0,1
1037,0,0,0,0,0,0,0,0
1038,0,1,1,1,1,0,0,1
1039,1,1,1,1,0,0,0,0
1040,1,1,0,0,0,0,0,0
1042,1,1,0,0,0,0,0,1
1043,1,1,1,1,0,0,0,1
1044,1,1,1,0,0,0,0,0
1045,1,1,1,1,0,0,0,0
1046,1,1,0,0,0,0,0,0
1047,1,1,0,0,0,0,0,0
1048,0,0,0,0,0,0,0,0
1049,1,1,1,1,0,0,0,1
1050,1,1,1,1,0,0,0,1
1052,1,1,1,1,1,0,0,1
1062,0,1,0,0,0,0,0,1
1070,0,0,1,0,0,0,0,1
1072,0,0,0,0,0,0,0,0
1073,1,0,0,0,0,0,0,0
1076,0,0,0,0,0,0,0,1
1085,0,0,0,0,0,0,0,1
1107,0,0,0,0,0,0,0,1
1143,0,0,1,0,0,0,0,0
1149,0,0,1,0,0,0,0,0
1165,0,0,0,0,0,0,0,0
1169,0,0,0,0,0,0,0,0
1197,1,1,0,1,1,0,0,0
1210,0,0,0,0,0,0,0,0
1307,0,0,0,0,0,0,0,0
1327,0,0,0,0,0,0,0,1
1338,0,0,0,0,0,0,0,1
1344,0,0,0,0,0,0,0,1
1445,0,0,0,0,0,0,0,0
1522,0,0,1,0,0,0,0,0
1525,0,0,0,0,0,0,0,0
1594,0,0,0,0,0,0,0,0
1054,1,1,1,0,0,0,0,0
1056,0,0,0,0,0,0,0,1
1059,0,1,1,0,0,0,0,0
1060,0,1,1,0,0,1,0,1
1061,0,1,0,0,0,0,0,0
1063,0,1,1,0,0,0,0,0
1064,0,0,0,0,0,0,0,0
1067,1,1,0,1,1,0,0,1
1071,1,1,0,1,0,0,0,1
1074,1,1,1,1,0,0,0,1
1075,1,1,1,0,0,0,0,0
1078,0,0,0,0,0,0,0,1
1077,1,1,0,0,0,0,0,0
1079,1,1,1,1,1,0,0,1
1080,1,1,1,1,1,0,0,1
1081,0,0,0,0,0,0,0,0
1083,1,1,1,1,0,0,0,1
1084,1,1,0,0,0,0,0,1
1086,0,0,0,0,0,0,0,0
1087,0,0,0,0,0,0,0,0
1101,0,0,0,0,0,0,0,1
1089,1,1,1,0,0,0,0,0
1090,0,0,0,0,0,0,0,0
1092,1,1,0,0,0,0,0,0
1095,0,0,1,0,0,0,0,1
1100,0,1,1,1,0,0,0,0
1102,1,1,0,0,0,0,0,0
1104,1,1,1,1,0,0,0,1
1106,0,0,0,0,0,0,0,0
1109,1,1,1,0,0,0,0,0
1110,1,1,1,1,0,0,0,1
1111,1,1,1,1,0,0,0,0
1112,0,0,0,0,0,0,0,0
1113,1,1,1,0,0,0,0,0
1115,1,1,0,1,1,0,0,0
1117,1,1,1,0,0,0,0,0
1119,1,1,0,0,0,0,0,0
1120,1,1,1,1,0,0,0,0
1132,0,0,0,0,0,0,0,1
1121,1,1,1,0,0,0,0,0
1123,1,1,1,1,0,0,0,0
1126,0,0,0,0,0,0,0,1
1127,0,0,0,0,0,0,0,0
1128,0,0,0,0,0,0,0,0
1129,1,1,0,0,0,0,0,0
1130,0,0,0,0,0,0,0,1
1131,0,1,1,1,0,0,0,0
1133,1,1,1,1,0,0,0,0
1134,1,1,1,1,0,0,0,0
1136,1,1,1,0,0,0,0,0
1137,1,1,1,0,0,0,0,0
1139,0,1,0,0,1,0,0,0
1141,0,1,1,0,0,0,0,0
1144,0,1,1,0,0,0,0,1
1151,0,1,1,0,1,0,0,0
1153,0,1,1,1,1,0,0,0
1155,0,0,0,0,0,0,0,1
1157,1,1,0,0,0,0,0,0
1158,1,1,1,0,0,0,0,0
1160,0,0,0,0,0,0,0,0
1161,0,0,0,0,0,0,0,0
1178,0,0,0,0,0,0,0,0
1162,1,1,0,0,1,0,1,0
1166,1,1,1,0,0,1,0,0
1168,1,1,1,1,0,0,0,1
1170,1,1,0,1,1,0,0,0
1171,0,1,1,0,1,0,0,0
1172,0,1,1,0,0,0,0,0
1176,0,1,0,0,1,0,0,1
1177,1,1,0,0,1,1,0,1
1179,0,1,1,0,0,0,0,0
1180,0,0,0,0,0,0,0,0
1181,1,0,0,1,0,0,0,1
1185,0,1,1,0,0,1,0,1
1186,1,1,1,1,0,0,0,1
1188,1,1,1,1,0,0,0,1
1190,1,1,0,0,0,0,0,0
1191,0,0,0,0,0,0,0,0
1193,0,0,0,0,0,0,0,0
1196,0,1,0,1,0,0,0,0
1198,1,1,1,0,1,0,0,0
1199,1,1,0,0,1,0,0,0
1200,1,1,0,1,0,0,0,1
1201,1,1,0,1,0,0,0,0
1204,0,1,0,0,0,0,0,1
1205,0,1,0,0,0,0,1,0
1207,0,1,0,0,0,0,1,0
1208,1,1,0,0,0,0,0,1
1209,0,1,0,0,0,0,0,0
1211,1,1,0,0,0,0,0,0
1212,1,0,0,0,0,0,0,0
1213,0,1,0,0,0,0,0,0
1214,1,1,1,1,0,0,0,0
1216,0,1,0,0,0,0,0,0
1217,1,1,1,1,0,0,0,1
1218,0,1,0,0,0,0,0,0
1221,1,1,0,1,0,0,1,0
1222,0,1,1,1,1,0,0,1
1224,1,1,1,1,0,0,0,0
1226,0,1,0,1,1,0,0,0
1227,0,1,0,1,1,0,0,0
1229,1,0,0,0,1,0,0,0
1230,1,1,1,1,0,0,0,0
1231,0,0,0,0,0,0,0,0
1235,0,1,0,0,0,0,0,1
1236,0,1,0,0,0,0,0,0
1237,1,1,0,1,0,0,0,1
1243,0,1,0,0,0,0,0,0
1244,0,1,1,0,1,0,0,1
1246,1,1,0,1,0,0,0,0
1247,1,1,1,0,0,0,0,0
1248,1,1,0,0,0,0,0,0
1249,1,1,1,0,0,0,0,0
1250,1,1,1,1,1,0,0,0
1251,0,0,1,0,0,0,0,0
1252,0,1,0,0,0,0,0,0
1254,1,1,0,1,0,1,0,0
1255,1,1,0,1,1,0,1,1
1257,1,1,1,1,0,0,0,1
1259,1,1,1,1,0,0,0,0
1261,0,0,0,0,0,0,0,0
1262,0,1,0,1,1,0,0,1
1266,0,1,0,0,0,0,0,0
1267,1,1,0,1,0,0,0,0
1270,1,1,1,1,1,0,0,1
1271,0,1,1,0,0,0,0,0
1273,0,1,0,0,0,0,0,0
1276,1,1,1,0,0,0,0,0
1277,1,1,1,0,1,0,0,1
1282,0,0,0,0,0,0,0,0
1283,1,0,1,0,0,0,0,0
1284,1,1,1,1,0,0,0,1
1286,1,1,1,0,1,0,0,0
1287,1,1,0,0,0,0,0,0
1288,0,1,1,1,0,0,0,0
1289,0,1,0,0,0,0,0,0
1291,0,1,1,0,0,1,0,1
1292,0,1,0,0,0,0,0,0
1295,0,0,0,0,0,0,0,0
1297,0,1,1,0,0,0,0,1
1298,0,1,0,0,0,0,0,0
1299,1,1,0,0,1,0,1,1
1303,0,1,0,0,0,0,0,0
1304,1,1,1,0,1,0,0,0
1305,0,1,1,0,0,0,0,1
1306,0,1,0,0,0,0,0,0
1308,1,1,1,0,0,0,0,0
1309,0,1,0,0,0,0,0,0
1314,1,1,0,0,0,0,0,0
1315,0,1,0,0,0,0,0,0
1316,0,1,0,0,1,0,0,1
1319,1,1,0,1,0,0,0,0
1323,1,1,0,0,0,0,0,1
1326,1,1,1,1,1,1,0,0
1328,0,1,0,0,0,0,0,0
1329,0,1,1,0,0,0,0,1
1330,0,1,1,0,1,0,0,1
1332,0,1,0,1,0,0,0,0
1333,1,1,1,0,1,0,0,0
1336,0,1,0,0,0,0,0,1
1337,1,1,0,0,1,0,0,0
1339,1,1,1,1,0,0,0,0
1340,0,1,1,1,1,0,0,0
1341,1,1,0,0,0,0,0,0
1342,0,1,0,0,0,0,0,0
1345,0,1,1,0,0,0,0,0
1346,0,1,1,0,0,0,0,0
1348,0,0,0,0,0,0,0,1
1350,0,1,1,0,1,1,0,1
1351,0,0,0,0,0,0,0,0
1352,1,1,1,0,0,0,0,0
1353,1,1,1,0,1,0,1,0
1354,0,0,0,0,0,0,0,0
1358,1,1,0,0,1,1,0,1
1359,1,1,1,0,0,0,0,0
1360,0,1,1,0,0,0,0,0
1361,0,1,0,0,0,0,0,1
1362,0,0,1,0,0,0,0,1
1365,0,1,1,0,0,0,0,0
1368,0,0,1,1,1,0,0,0
1369,0,0,0,0,0,0,0,0
1371,0,0,0,0,0,0,0,1
1372,0,1,1,0,0,0,0,0
1373,1,1,1,1,0,0,0,0
1382,0,1,0,0,0,0,0,0
1383,1,1,1,0,1,0,0,0
1384,1,1,1,0,1,0,0,1
1385,1,1,0,0,0,0,0,1
1386,1,1,0,0,1,0,0,0
1389,1,1,0,1,0,0,0,0
1390,1,1,1,0,1,0,0,0
1391,0,1,0,0,0,0,0,0
1392,1,0,0,0,0,0,0,0
1393,1,1,0,0,0,0,0,1
1394,0,0,0,0,0,0,0,0
1396,0,0,0,0,0,0,0,0
1401,0,0,0,0,0,0,0,0
1403,1,1,0,0,1,0,1,1
1404,1,1,1,1,1,0,0,1
1405,1,1,1,1,0,0,0,0
1406,0,1,0,0,0,1,1,0
1408,0,1,0,0,0,0,0,0
1409,1,1,1,0,0,0,0,0
1410,0,1,0,1,0,0,0,0
1412,1,1,1,0,1,0,0,0
1413,1,1,1,0,0,0,0,0
1418,0,1,0,0,0,0,0,0
1420,1,1,0,0,0,0,0,0
1421,0,1,1,0,0,0,0,0
1422,1,1,1,0,0,0,0,0
1423,0,0,0,0,0,0,0,0
1427,0,1,0,0,0,0,0,0
1428,1,1,0,1,1,0,0,1
1429,0,1,1,0,0,0,0,0
1430,1,1,1,1,0,0,0,1
1431,0,1,0,0,0,0,0,0
1433,1,1,0,0,0,0,0,0
1434,1,1,0,1,1,0,0,0
1435,1,0,1,0,0,0,0,0
1436,0,1,0,0,0,0,1,0
1437,1,1,0,0,1,0,0,0
1438,1,0,1,0,0,0,0,0
1441,0,1,0,0,0,0,0,0
1442,1,1,1,0,1,0,0,1
1443,1,1,0,0,0,0,0,0
1444,1,1,0,0,1,0,0,0
1446,0,1,0,0,0,0,0,1
1449,0,0,0,1,1,0,0,0
1450,1,1,1,0,1,0,0,1
1451,1,1,1,0,1,0,0,1
1452,1,1,1,0,1,0,1,1
1454,1,1,0,1,0,0,0,0
1455,0,1,1,1,0,0,0,1
1456,0,1,0,1,1,0,0,0
1459,1,1,0,0,0,1,0,0
1460,1,1,0,0,0,0,0,1
1461,0,1,0,0,0,0,1,0
1462,0,1,0,0,0,0,0,0
1463,1,0,1,0,0,0,0,0
1511,0,0,0,0,0,0,0,1
1464,0,1,1,0,0,0,0,0
1466,0,1,0,0,0,0,0,0
1471,0,0,0,0,0,0,0,0
1475,1,1,1,0,0,0,0,0
1476,1,1,1,0,0,0,0,0
1477,0,0,0,0,0,0,0,0
1478,0,1,0,1,0,0,0,0
1481,1,1,0,0,0,0,0,0
1482,1,1,0,1,0,0,0,1
1485,1,1,0,0,1,0,0,1
1486,0,0,0,0,0,0,0,1
1487,0,1,0,1,0,0,0,0
1489,0,0,0,0,0,0,0,0
1491,1,1,0,0,0,0,0,0
1492,1,1,1,0,0,0,0,0
1493,0,1,0,0,0,0,0,0
1494,1,1,1,1,0,0,0,1
1498,0,1,0,0,0,0,0,0
1501,0,1,0,0,0,0,0,0
1503,1,1,1,0,0,0,0,0
1504,0,0,1,0,0,0,0,0
1505,0,1,0,0,0,0,0,0
1506,0,1,0,0,0,0,0,0
1507,0,1,0,0,0,0,0,1
1508,1,1,1,0,0,0,1,1
1509,1,1,0,0,0,0,0,0
1512,0,1,0,1,0,0,0,0
1514,0,1,0,0,0,1,0,0
1515,0,1,0,0,0,0,0,0
1516,0,0,0,0,0,0,0,0
1518,0,1,1,0,0,0,0,1
1521,1,1,1,1,0,0,0,1
1527,1,1,0,1,1,0,1,1
1529,0,1,1,0,0,0,1,1
1530,1,0,0,0,0,0,0,0
1531,1,1,0,0,1,0,0,1
1536,0,0,0,0,0,0,0,0
1537,1,1,1,0,1,0,0,0
1538,1,1,0,0,0,0,0,0
1540,1,1,0,1,0,0,0,0
1544,1,1,0,0,0,0,0,0
1545,0,1,0,0,0,0,0,0
1547,0,1,1,0,0,0,0,0
1548,0,1,1,0,0,0,0,1
1549,0,1,1,1,0,0,0,0
1550,0,1,0,0,0,0,0,0
1551,0,1,0,0,0,0,0,0
1553,0,1,0,0,0,0,0,0
1554,0,1,0,0,0,0,0,0
1555,1,1,0,0,1,0,0,0
1556,0,1,0,0,0,0,0,0
1557,0,1,0,0,0,0,0,0
1559,1,1,0,0,1,0,0,0
1560,1,1,0,0,1,0,0,0
1564,1,0,1,0,0,0,0,0
1567,1,1,0,0,0,0,0,0
1568,0,1,0,0,0,0,0,1
1572,1,1,0,0,0,0,0,1
1574,1,1,0,1,0,0,0,1
1575,1,1,0,1,0,0,0,0
1576,0,1,0,0,1,0,0,0
1577,0,1,0,0,1,0,0,0
1578,1,1,1,1,0,0,0,1
1580,0,1,0,0,0,0,0,0
1582,1,0,0,0,1,0,0,0
1583,1,1,1,1,0,0,0,1
1585,1,1,0,0,0,0,0,1
1586,0,0,0,0,0,0,0,0
1587,0,0,0,0,0,0,0,0
1589,0,0,0,0,0,0,0,1
1591,1,1,0,0,0,0,0,1
1592,1,1,0,0,0,1,0,0
1593,1,1,0,1,0,0,0,1
1596,0,1,0,1,0,0,0,0
1597,1,1,1,1,1,0,0,1
1598,0,0,0,0,0,0,0,0
1602,0,1,1,0,0,0,0,1
1605,0,0,0,0,0,0,0,0
1606,1,1,0,1,0,0,0,0
1607,1,1,0,1,0,0,0,0
1609,1,1,1,1,0,0,0,0
1610,0,1,1,0,0,0,0,0
1612,1,1,1,1,0,0,0,0
1613,1,1,0,0,0,0,0,0
1614,1,1,1,0,0,0,0,1
1615,0,1,1,0,0,0,0,0
1616,0,1,0,0,0,0,0,0
1617,1,1,0,0,0,0,0,0
1618,0,0,0,0,0,0,0,1
1619,1,1,0,0,0,0,0,1
1621,1,1,0,0,0,0,0,0
1623,1,1,0,0,0,0,0,1
1626,1,1,0,0,0,0,0,0
1628,1,1,1,0,0,0,0,1
1631,0,0,0,0,0,0,0,0
1633,0,1,1,1,0,0,0,1
1634,0,0,0,0,0,0,0,0
1635,1,1,1,1,0,0,0,1
1636,1,1,0,0,0,0,0,0
1637,0,1,0,0,0,0,0,0
1638,1,1,1,1,0,0,0,1
1639,1,1,0,0,0,0,0,0
1641,1,1,1,1,1,0,0,0
1642,1,1,1,1,0,0,0,1
1643,1,1,1,1,0,0,0,0
1644,1,1,1,1,0,0,0,1
1645,0,0,0,0,0,0,0,0
1646,0,1,1,0,0,0,0,1
1647,0,1,1,0,0,0,0,1
1649,1,1,1,0,0,0,0,0
1652,0,1,1,0,0,0,0,0
1653,1,1,0,1,0,1,0,1
1654,1,1,1,1,0,0,0,0
1657,1,1,1,0,0,0,0,0
1658,0,1,1,1,1,0,0,0
1659,0,1,1,1,1,0,0,1
1660,0,1,1,0,1,0,0,0
1661,0,0,1,0,0,0,0,1
1662,0,0,0,0,0,0,0,1
1663,0,0,0,0,0,0,0,0
1664,1,1,0,1,0,1,0,1
1666,0,1,0,0,0,0,0,0
1667,1,1,0,0,0,0,0,0
1668,1,1,0,0,0,0,0,0
1669,1,1,0,0,0,0,0,0
1670,1,1,1,0,0,0,0,0
1671,1,1,1,0,0,0,0,0
1672,1,1,1,0,0,0,0,0
1673,1,1,1,1,1,0,0,1
1675,0,0,0,0,0,0,0,0
1676,1,1,1,1,0,0,0,0
1677,1,1,1,1,0,0,0,1
1678,1,1,1,1,0,0,0,1
1679,1,1,1,0,0,0,0,0
1681,1,1,1,1,0,0,0,1
1682,1,1,1,1,0,1,0,0
1683,1,1,1,0,0,0,0,1
1684,0,1,1,1,0,0,0,0
1685,1,1,1,1,1,0,0,1
1686,0,0,0,0,0,0,0,1
1687,1,1,1,0,0,0,0,0
1689,1,1,0,1,1,0,0,0
1690,0,0,1,0,0,0,0,1
1692,1,1,0,1,1,0,0,1
1694,1,1,1,0,0,0,0,0
1696,1,1,1,0,0,0,0,0
1697,1,1,1,1,0,0,0,0
1699,1,1,1,0,0,0,0,0
1700,1,1,1,1,0,0,0,0
1701,0,0,0,0,0,0,0,0
1702,1,1,0,0,0,0,0,0
1703,1,1,1,1,0,0,0,0
1704,0,0,1,1,1,0,0,0
1705,1,1,0,0,0,0,0,0
1707,0,0,0,0,0,0,0,1
1708,0,1,0,0,0,0,0,0
1709,0,1,1,0,1,0,0,1
1710,1,1,1,0,0,0,0,0
1711,1,1,1,1,1,0,0,1
1712,1,1,1,1,0,0,0,0
1713,0,1,1,0,0,0,0,0
1714,1,1,0,0,0,0,0,0
1715,1,1,0,0,0,0,0,0
1717,1,1,1,0,0,0,0,0
1718,1,1,0,1,0,0,0,0
1719,1,1,1,1,0,0,0,0
1720,1,1,1,0,0,0,0,1
1722,1,1,0,0,0,0,0,0
1723,0,1,1,0,0,0,1,0
1744,0,0,0,0,0,0,0,1
1745,0,0,0,0,0,0,0,0
1747,0,0,1,0,0,0,0,1
1724,0,0,0,0,0,0,0,0
1725,0,1,1,0,0,0,0,1
1726,1,1,1,1,0,0,0,0
1727,0,1,0,0,0,0,0,0
1728,1,1,1,0,0,0,0,0
1729,0,0,0,0,0,0,0,0
1730,1,1,1,0,0,0,0,0
1731,0,1,1,1,1,0,0,0
1732,1,1,1,0,0,0,0,1
1733,0,0,0,0,0,0,0,0
1734,1,1,1,0,0,0,0,1
1736,1,1,0,0,0,0,0,0
1740,0,0,0,0,0,0,0,0
1743,1,1,0,1,1,0,0,0
1746,0,1,1,0,0,0,0,0
1748,1,1,0,0,0,0,0,0
1749,1,1,0,0,0,0,0,0
1750,0,1,0,0,0,0,0,0
1752,0,0,0,0,0,0,0,1
1753,1,1,0,1,1,0,0,0
1756,0,1,1,1,0,0,0,0
1758,1,1,0,0,0,0,0,0
1759,0,1,1,1,1,0,0,0
1760,1,1,1,0,0,0,0,0
1761,0,1,1,0,0,0,0,0
1762,1,1,1,1,0,0,0,0
1764,0,1,1,0,0,0,0,0
1767,1,1,0,0,0,0,0,0
1768,1,1,1,1,1,0,0,0
1770,0,0,0,0,0,0,0,1
1771,0,0,0,0,0,0,0,0
1772,1,1,1,0,1,0,0,1
1773,1,1,0,0,0,0,0,0
1775,0,0,1,0,0,0,0,1
1776,1,1,1,0,0,0,0,0
1777,1,1,1,1,0,0,0,0
1778,0,1,0,0,0,0,0,0
1779,0,0,0,0,0,0,0,0
1781,1,0,1,1,0,0,0,1
1782,1,1,1,0,0,0,0,0
1783,0,0,0,0,0,0,0,1
1784,0,1,1,0,0,0,0,0
1787,0,0,0,0,0,0,0,0
1788,0,0,0,0,0,0,0,0
1790,1,1,0,0,0,0,0,0
1791,1,1,0,0,0,0,0,0
1793,1,1,1,0,0,0,0,0
1794,0,0,1,1,1,0,0,0
1797,1,1,0,0,0,0,0,0
1798,1,1,1,1,0,0,0,1
1801,0,0,0,0,0,0,0,0
1802,0,0,0,0,0,0,0,0
1803,0,1,1,0,0,0,0,1
1804,1,1,1,1,0,0,0,1
1806,0,1,1,1,1,0,0,0
1807,1,1,1,0,0,0,0,0
1808,1,1,1,0,0,0,0,1
1809,0,1,1,0,0,0,0,0
1812,0,1,0,1,0,0,0,1
1814,1,1,1,1,1,0,0,0
1818,0,1,1,0,0,0,0,1
1820,1,1,1,0,0,0,0,0
1821,0,1,1,0,0,0,0,1
1822,1,1,1,0,0,0,0,0
1825,0,0,0,0,0,0,0,0
1831,0,0,1,0,0,0,0,0
1834,0,0,0,0,0,0,0,1
1823,0,0,0,0,0,0,0,0
1826,0,0,0,0,0,0,0,0
1827,1,1,1,1,1,0,0,1
1828,0,1,1,0,0,0,0,0
1829,0,1,1,1,1,0,0,0
1830,1,1,0,0,0,0,0,0
1832,0,0,0,0,0,0,0,0
1833,1,1,1,1,0,0,0,1
1835,0,1,0,1,0,0,0,0
1836,1,1,1,0,0,0,0,0
1837,1,1,1,0,0,0,0,0
1838,1,1,1,1,1,1,0,1
1840,0,1,0,1,1,0,0,0
1841,0,1,1,1,1,0,0,0
1842,0,0,0,0,0,0,0,1
1843,1,0,1,1,0,0,0,1
1846,0,0,0,0,0,0,0,1
1849,0,0,0,0,0,0,0,0
1850,0,0,0,0,0,0,0,0
1851,0,1,1,0,0,0,0,0
1852,1,1,0,0,0,1,0,0
1853,0,0,0,0,0,0,0,0
1854,1,1,0,0,0,0,0,0
1855,0,1,0,0,1,0,0,0
1859,0,1,0,1,0,0,0,0
1861,1,1,0,0,0,0,0,0
1862,1,1,1,1,1,0,0,1
1863,1,1,1,1,0,0,0,1
1864,1,1,1,1,0,0,0,1
1872,0,1,0,0,0,0,0,0
1866,0,0,0,0,0,0,0,1
1869,1,1,1,0,0,0,0,0
1870,0,1,1,1,1,1,0,1
1874,0,1,1,1,0,0,0,1
1877,0,1,1,1,1,0,0,0
1880,0,0,0,0,0,0,0,0
1881,0,1,1,1,1,0,0,0
1882,1,1,1,1,1,0,0,0
1883,0,1,0,1,0,0,0,0
1884,1,1,1,1,0,0,0,1
1885,1,1,1,0,0,0,0,0
1886,0,1,1,0,1,0,0,1
1887,1,1,1,0,1,0,0,0
1888,0,0,0,0,0,0,0,1
1889,1,1,1,1,0,0,0,1
1890,1,0,0,1,0,0,0,0
1891,0,0,0,0,0,0,0,0
1894,0,0,0,0,0,0,0,1
1897,0,0,0,0,0,0,0,0
1899,0,0,0,0,0,0,0,0
1900,1,1,1,1,1,0,0,0
1901,1,1,0,0,0,0,0,1
1902,0,0,0,0,0,0,0,0
1903,1,1,1,0,0,0,0,0
1905,1,1,0,0,0,0,0,1
1906,1,1,1,1,0,0,0,0
1908,1,1,1,0,0,0,0,0
1909,0,0,1,1,1,0,0,0
1910,1,1,0,0,0,0,0,0
1911,0,1,1,1,1,0,0,1
1912,1,1,1,1,0,0,0,0
1915,0,0,0,0,0,0,0,0
1919,0,0,1,0,0,0,0,1
1918,1,1,0,0,0,0,0,0
1920,0,0,0,0,0,0,0,0
1924,0,1,0,1,0,0,0,0
1925,0,1,1,1,0,0,0,1
1927,0,1,1,0,0,0,0,1
1931,1,1,1,0,0,0,0,0
1932,1,1,0,0,0,0,0,0
1934,1,1,0,0,0,0,0,0
1935,1,1,0,0,1,0,0,0
1939,1,1,1,0,0,0,0,0
1940,1,1,1,0,0,0,0,0
1942,0,1,1,0,0,0,0,1
1944,1,1,0,0,0,0,0,1
1945,1,1,0,1,0,0,0,0
1946,0,0,0,0,0,0,0,0
1947,1,1,1,0,0,0,0,0
1948,1,1,0,1,1,1,0,0
1951,1,1,0,0,0,0,0,0
1953,1,1,0,0,0,0,0,0
1954,0,1,0,0,1,0,0,0
1955,0,1,0,0,0,0,0,0
1957,1,1,0,0,1,0,0,0
1959,0,0,0,0,0,0,0,0
1958,0,1,0,0,0,0,0,0
1961,1,1,1,0,0,0,0,1
1963,1,1,0,1,1,0,0,1
1965,1,1,1,1,0,0,0,1
1969,0,1,1,0,0,0,0,0
1970,1,1,0,1,1,0,0,1
1972,1,1,0,0,1,0,0,0
1973,0,1,1,1,0,0,0,1
1977,1,1,0,0,0,0,0,0
1979,0,0,0,0,0,0,0,1
1978,1,1,1,0,0,0,0,1
1984,0,1,1,0,0,0,0,0
1985,1,0,0,0,1,0,0,1
1987,1,1,0,1,0,1,0,1
1988,0,1,0,1,0,0,0,0
1990,0,1,0,0,0,0,0,0
1992,1,1,1,0,0,0,0,0
1993,1,1,0,1,0,0,0,0
1994,1,1,1,1,1,0,0,1
1997,0,0,0,0,0,0,0,1
2036,0,0,0,0,0,0,0,1
1996,1,1,0,0,0,0,1,1
1998,0,1,1,0,1,0,0,0
2000,1,1,1,1,0,1,0,0
2001,0,1,0,0,0,0,0,0
2002,0,0,0,0,1,0,0,1
2004,1,1,0,0,0,0,0,0
2006,1,0,1,0,0,0,0,0
2008,0,0,0,0,0,0,0,1
2011,0,1,1,0,1,0,0,0
2016,0,1,0,1,0,0,0,0
2017,0,1,1,0,0,0,0,0
2018,0,1,0,0,0,0,0,0
2020,0,0,0,0,0,0,0,1
2022,0,1,0,0,0,0,0,0
2023,0,0,0,0,0,0,0,0
2024,1,1,0,1,0,0,0,0
2027,1,1,1,0,1,1,0,0
2029,0,1,1,0,0,0,0,0
2030,1,1,0,1,0,0,0,0
2031,0,1,0,0,1,0,0,1
2035,1,1,0,0,1,0,0,0
2038,1,1,0,1,1,0,1,0
2039,1,1,0,0,1,0,0,0
2043,0,1,0,0,0,0,0,1
2044,1,1,0,0,0,0,0,0
2045,1,1,1,0,1,0,0,1
2046,0,1,1,0,0,0,0,0
2047,0,1,0,0,0,0,0,0
2051,0,1,0,0,0,0,0,0
2052,1,1,0,0,1,0,0,0
2054,1,1,1,0,0,0,0,0
2056,0,1,1,0,0,0,0,1
2057,1,1,1,0,1,0,1,0
2060,0,0,1,0,0,0,0,0
2063,0,1,0,0,0,0,0,0
2064,0,1,0,1,1,0,0,0
2067,1,1,0,0,0,1,0,0
2070,0,1,0,0,0,0,0,1
2071,1,0,0,0,1,0,0,0
2073,1,1,1,0,0,0,0,1
2074,0,1,1,0,0,0,0,0
2075,0,0,0,0,0,0,0,0
2076,0,1,1,0,0,0,0,0
2077,1,1,0,0,1,0,0,0
2082,1,1,0,1,0,0,0,0
2083,1,1,1,0,0,0,0,1
2085,0,1,0,0,0,0,0,0
2086,0,1,1,0,0,0,0,0
2089,0,1,1,1,1,0,0,0
2091,0,1,0,0,0,0,0,0
2093,0,1,1,0,0,0,0,0
2094,1,0,0,0,0,0,0,0
2095,0,0,0,0,0,0,0,1
2096,0,0,0,0,0,0,0,0
2097,1,0,1,0,0,0,0,0
2098,0,1,0,0,0,0,0,0
2100,0,0,0,0,1,0,0,0
2101,1,1,0,0,1,0,1,0
2102,0,1,0,0,0,0,0,0
2103,0,1,0,0,1,0,0,1
2105,1,0,1,0,0,0,0,0
2106,0,0,0,0,0,0,0,0
2107,0,0,0,0,0,0,0,0
2108,1,0,1,0,0,0,0,0
2109,0,0,0,0,0,0,0,0
2110,0,1,0,0,0,0,0,0
2114,1,1,1,0,0,0,0,1
2115,0,0,0,0,0,0,0,0
2116,1,1,1,0,1,0,0,0
2118,0,0,0,0,0,0,0,0
2119,0,0,0,0,0,0,0,0
2120,0,1,0,0,1,0,1,0
2122,0,1,1,0,1,1,0,1
2124,0,1,1,1,1,0,0,0
2125,0,1,1,1,0,0,0,1
2127,1,1,0,0,0,0,0,0
2128,1,1,1,1,0,1,0,1
2130,0,0,0,0,0,0,0,0
2132,0,1,0,0,0,0,0,0
2134,0,1,0,1,1,0,0,1
2135,1,1,1,0,0,0,0,0
2136,1,1,1,0,0,0,0,0
2137,1,1,1,0,1,0,0,1
2138,1,1,0,0,0,0,0,0
2139,1,1,0,1,1,0,0,0
2140,0,1,0,0,0,0,0,0
2142,0,1,1,0,0,0,0,1
2145,0,0,1,0,0,0,0,1
2146,1,1,0,0,0,0,0,0
2147,0,1,0,0,1,0,0,0
2148,1,1,0,0,1,0,0,0
2156,0,0,0,0,0,0,0,0
2153,1,0,0,0,0,0,1,1
2155,1,1,0,0,1,1,0,1
2157,1,1,0,0,1,0,0,0
2158,1,1,0,0,0,0,0,0
2159,0,0,0,0,0,0,0,0
2162,0,0,0,0,0,0,0,0
2164,1,1,1,1,0,0,0,0
2165,0,1,0,0,0,0,0,0
2167,0,1,0,1,0,0,0,0
2168,0,0,0,0,0,0,0,0
2169,0,1,1,0,0,0,0,0
2170,0,1,0,0,0,0,0,1
2171,0,1,1,0,0,0,0,0
2172,1,1,0,1,0,0,0,0
2173,0,1,0,0,0,0,0,0
2174,0,1,1,0,1,0,0,0
2176,0,0,0,0,0,0,0,0
2177,1,1,1,0,0,0,0,1
2178,1,1,1,1,1,0,0,0
2179,1,1,0,0,0,0,0,0
2180,1,1,0,0,0,0,0,1
2182,0,1,0,0,0,0,0,0
2183,1,1,1,0,0,0,0,1
2184,1,1,1,0,0,0,0,0
2185,1,1,1,0,1,0,0,1
2187,1,1,0,0,1,0,0,0
2188,1,1,0,1,0,0,0,0
2189,0,1,1,0,0,0,0,0
2190,1,1,1,1,0,1,0,0
2192,0,1,0,0,0,0,0,0
2194,0,1,1,0,0,0,0,0
2195,0,1,1,0,0,0,0,0
2196,1,1,0,1,1,0,0,1
2197,0,1,0,0,0,0,0,0
2198,0,1,1,0,1,0,0,0
2200,0,0,0,0,0,0,0,0
2203,0,1,0,0,0,0,0,0
2204,1,0,0,0,1,0,0,0
2205,0,1,0,0,0,0,0,0
2206,1,1,1,1,0,0,0,1
2208,0,1,0,1,0,0,0,0
2209,1,1,0,0,0,0,0,0
2213,1,1,1,0,1,0,0,1
2214,1,0,1,0,1,0,0,1
2215,0,1,0,0,1,0,0,0
2217,1,1,1,0,0,0,0,0
2218,1,1,0,0,0,0,0,0
2220,0,1,0,0,0,0,0,0
2222,1,1,1,0,1,0,0,0
2223,0,1,0,0,0,0,0,0
2224,0,1,1,0,0,1,0,1
2225,1,1,0,0,0,0,0,0
2227,1,1,1,0,1,0,0,1
2228,1,1,1,0,0,0,0,0
2229,0,1,0,1,0,1,0,1
2231,1,1,1,0,0,0,0,0
2232,0,0,1,0,0,0,0,0
2233,1,0,1,0,0,0,0,1
2234,0,1,1,1,0,0,0,0
2235,1,1,0,0,0,0,0,0
2236,0,0,0,0,0,0,0,0
2237,1,1,1,1,0,0,0,1
2240,0,0,0,0,0,0,0,0
2241,1,1,1,0,0,0,0,0
2242,1,1,1,1,0,0,0,0
2243,0,1,1,0,0,0,0,0
2244,1,1,1,1,0,0,0,0
2245,1,1,1,0,0,0,0,0
2246,0,0,1,0,0,0,0,0
2248,0,0,0,0,0,0,0,1
2247,1,1,1,0,0,0,0,0
2249,1,1,1,1,0,0,0,0
2250,1,1,0,1,0,0,0,0
2255,1,1,1,0,0,0,0,0
2256,1,1,0,0,0,0,0,0
2257,0,0,0,0,0,0,0,0
2264,0,0,0,0,0,0,0,1
2258,1,1,1,1,0,0,0,1
2259,0,1,0,1,0,0,0,0
2265,0,0,0,1,1,0,0,1
2266,0,1,1,1,0,0,0,1
2268,0,1,1,0,0,0,0,0
2269,0,1,1,0,0,0,0,0
2271,0,1,0,0,0,0,0,0
2272,0,0,0,0,0,0,0,1
2273,1,1,1,0,0,0,0,0
2276,0,1,0,0,0,0,0,0
2283,1,1,1,1,0,0,0,0
2294,0,0,0,0,0,0,0,1
2296,0,0,1,0,0,0,0,0
2317,1,1,0,0,0,0,0,1
2326,0,0,0,0,0,0,0,1
2357,0,0,0,0,0,0,0,1
2358,0,0,0,0,0,0,0,1
2368,0,0,0,0,0,0,0,0
2418,0,0,0,0,0,0,0,0
2440,0,0,0,0,0,0,0,0
2446,0,0,0,0,0,0,0,1
2517,0,0,1,0,0,0,0,1
2534,0,0,0,0,0,0,0,1
2580,0,0,0,0,0,0,0,1
2658,0,0,0,0,0,0,0,0
2666,0,0,0,0,0,0,0,0
2767,0,0,0,0,0,0,0,0
2787,0,0,0,0,0,0,0,1
2792,0,0,0,0,0,0,0,0
2819,0,0,0,0,0,0,0,0
2799,0,0,0,0,0,0,0,0
2870,0,1,0,0,0,0,0,0
2889,0,0,0,0,0,0,0,1
2892,0,0,0,0,0,0,0,0
2917,0,0,0,0,0,0,0,0
2275,1,1,0,0,0,0,0,0
2278,1,1,1,1,0,0,0,1
2279,1,1,1,1,0,0,0,1
2281,1,1,1,1,0,0,0,0
2285,1,1,1,1,0,0,0,0
2287,1,1,1,1,0,0,0,0
2290,1,1,1,1,0,0,0,0
2292,1,1,0,0,1,0,0,1
2293,1,1,0,0,0,0,0,0
2298,0,1,1,0,0,0,0,0
2299,1,1,0,0,0,0,0,0
2300,1,1,0,0,0,0,0,0
2302,0,0,0,0,0,0,0,1
2307,0,1,1,1,0,0,0,0
2308,0,1,0,0,0,0,0,0
2309,0,1,0,1,0,0,0,0
2311,1,1,1,1,1,0,0,1
2312,1,1,0,0,0,0,0,0
2313,1,1,1,1,0,0,0,0
2316,1,1,1,1,0,0,0,1
2318,0,1,1,0,0,0,0,0
2321,0,0,0,0,0,0,0,0
2323,1,1,1,0,1,0,1,1
2324,1,1,1,0,1,0,0,1
2328,0,1,0,0,1,0,0,1
2330,1,1,0,0,0,0,0,0
2332,1,0,0,1,0,0,0,0
2334,1,1,0,0,0,0,0,0
2336,0,1,0,0,0,0,0,0
2338,0,1,0,0,0,0,0,0
2339,1,1,0,0,0,0,0,0
2340,1,1,0,0,1,0,0,1
2341,0,0,1,0,0,0,0,0
2345,0,1,1,1,0,1,0,1
2347,1,1,1,1,0,0,0,0
2349,1,1,1,0,0,1,0,1
2353,1,1,0,1,0,0,1,0
2354,1,1,0,0,0,0,0,0
2355,0,0,0,0,0,0,0,0
2356,0,1,0,0,0,0,0,0
2360,1,1,1,1,1,0,0,1
2361,1,1,0,1,0,0,0,1
2363,0,1,0,0,0,0,0,0
2364,1,1,0,1,1,0,0,0
2365,1,1,1,1,0,0,0,0
2366,1,1,0,1,1,0,0,0
2369,0,1,1,0,0,0,0,0
2370,0,1,0,1,0,0,0,0
2371,1,1,0,1,0,0,0,0
2372,1,1,1,0,0,0,0,0
2376,1,1,0,0,0,0,0,0
2378,1,1,0,0,1,0,0,0
2385,0,1,1,0,0,0,0,0
2386,1,1,0,0,1,0,0,0
2387,0,0,0,0,0,0,0,0
2388,0,1,1,0,0,1,0,1
2389,0,1,0,0,1,0,0,0
2390,1,0,0,0,0,0,0,0
2391,1,1,1,0,0,0,0,0
2392,0,1,0,0,0,0,1,0
2393,0,1,0,0,0,0,0,0
2394,1,1,0,1,1,0,0,1
2395,1,1,0,0,1,0,0,0
2398,1,1,1,1,0,0,0,0
2399,1,1,0,0,0,0,0,0
2400,1,1,0,0,0,0,0,0
2401,0,1,0,1,0,0,0,0
2402,0,1,1,0,0,0,0,0
2403,0,1,0,0,1,0,0,0
2404,0,0,0,0,0,0,0,1
2405,0,1,0,0,0,0,0,0
2406,0,0,0,0,0,0,0,0
2408,1,1,0,0,0,0,0,1
2409,1,1,1,0,0,0,0,1
2410,1,1,1,1,0,0,0,1
2412,0,1,1,0,0,0,0,0
2414,1,1,0,0,0,0,0,0
2415,0,1,0,1,0,0,0,1
2419,1,1,1,1,0,0,0,0
2420,0,1,1,0,0,0,1,0
2425,1,1,0,1,1,0,1,1
2426,1,1,1,0,0,0,0,0
2429,0,1,0,0,0,0,0,0
2430,0,1,0,0,0,0,0,0
2434,1,1,0,0,0,0,0,0
2436,1,1,0,0,1,0,1,1
2438,1,1,0,1,0,0,0,1
2439,0,1,0,0,0,0,0,1
2441,0,1,0,0,0,0,0,0
2443,0,0,0,0,0,0,0,0
2444,1,1,1,0,1,0,0,0
2447,1,1,0,0,0,0,0,1
2449,0,1,1,0,1,0,0,1
2451,1,1,1,1,1,0,0,1
2452,1,1,1,0,1,0,0,0
2454,0,1,1,0,1,0,0,1
2455,1,1,1,0,1,0,0,1
2457,1,1,1,0,0,0,0,1
2458,0,1,1,0,0,0,0,0
2459,1,1,1,0,0,0,0,0
2463,1,1,0,0,0,0,0,1
2464,0,0,0,0,0,0,0,0
2465,1,1,0,0,0,0,0,0
2466,0,1,1,0,0,0,0,0
2470,0,1,0,0,0,0,0,0
2471,1,1,0,0,0,0,1,0
2472,1,1,1,1,0,0,0,0
2473,1,1,1,1,0,0,0,0
2475,1,1,0,0,1,0,0,0
2477,1,1,1,0,0,0,0,0
2478,0,1,1,0,1,0,0,0
2480,1,1,1,1,1,0,0,1
2481,0,1,1,0,0,0,0,0
2482,0,1,1,0,0,0,0,0
2483,1,1,0,0,1,0,0,0
2484,0,1,0,0,1,0,0,0
2485,1,1,1,1,0,0,0,0
2486,0,1,1,0,0,0,0,0
2490,1,1,1,1,0,0,0,0
2492,0,1,0,0,0,0,0,0
2493,0,1,0,0,0,0,0,0
2495,0,1,0,1,1,0,0,0
2496,0,0,0,0,0,0,0,0
2499,1,1,0,1,1,1,0,0
2500,1,1,0,0,0,0,0,0
2505,0,1,1,0,0,0,0,0
2506,1,1,1,0,0,0,0,0
2507,0,1,0,0,0,0,0,0
2508,1,1,0,1,1,1,0,0
2509,1,1,0,0,0,0,0,0
2511,1,1,0,0,0,0,0,0
2512,1,1,1,0,0,0,0,0
2513,0,1,1,0,0,0,0,0
2514,1,1,1,1,0,0,0,0
2516,1,1,1,0,0,1,0,1
2518,1,1,1,1,0,0,0,1
2519,0,1,1,0,0,0,0,0
2520,0,0,0,0,0,0,0,1
2521,1,1,1,0,1,0,0,1
2522,1,1,1,1,0,0,0,0
2524,0,1,1,0,0,0,0,0
2525,1,1,0,0,0,0,0,0
2528,1,0,0,0,0,0,0,1
2529,0,0,0,0,0,0,0,0
2532,0,1,0,0,0,0,0,0
2535,0,1,1,0,0,0,0,0
2536,1,1,1,0,1,1,0,0
2537,1,1,0,0,0,0,0,0
2551,0,0,0,0,0,0,0,1
2538,1,1,0,0,0,0,0,1
2539,1,1,1,1,0,0,0,1
2542,1,1,0,0,0,0,0,1
2544,0,1,1,1,0,0,0,0
2545,1,0,1,0,0,0,0,1
2547,0,1,1,1,1,0,0,1
2548,0,0,0,0,0,0,0,0
2549,1,1,0,0,1,0,0,0
2553,0,1,0,0,0,0,0,0
2554,1,1,0,1,1,0,0,0
2555,0,1,0,0,0,0,0,0
2556,1,1,0,0,0,0,0,0
2558,1,1,1,0,0,0,0,0
2559,1,1,1,0,0,0,0,0
2560,1,0,0,0,0,0,0,0
2561,1,1,0,0,1,0,0,0
2562,1,1,0,0,0,0,0,0
2563,1,1,1,0,1,0,0,1
2564,0,1,0,0,0,0,0,0
2565,1,1,1,0,0,0,0,1
2567,0,1,0,1,0,0,0,0
2568,1,1,0,1,0,0,0,1
2569,0,0,0,0,0,0,0,0
2570,1,1,0,0,0,0,0,0
2575,1,1,1,1,0,0,0,1
2576,0,0,0,0,0,0,0,0
2577,1,1,0,0,0,0,0,0
2578,1,1,1,0,1,0,0,0
2579,1,1,1,0,0,0,0,0
2585,1,1,0,0,0,0,0,0
2586,1,1,1,0,0,0,0,0
2587,1,1,0,0,0,0,0,0
2588,0,1,1,0,0,0,0,1
2589,1,1,0,0,1,0,0,1
2592,0,1,1,1,1,0,0,1
2597,1,1,1,1,1,0,0,1
2599,1,0,0,0,1,0,0,0
2602,0,1,0,0,0,0,0,0
2603,0,1,1,0,0,0,0,0
2604,0,1,0,0,0,0,0,0
2608,1,1,1,0,0,0,0,1
2609,0,0,0,0,0,0,0,0
2610,1,1,1,0,0,0,0,0
2611,1,1,1,1,0,0,0,0
2612,1,1,0,0,0,0,0,0
2614,1,0,1,0,1,0,0,1
2615,1,1,1,0,1,0,0,0
2616,0,1,0,0,0,0,0,0
2617,1,1,1,0,1,0,0,0
2618,1,1,1,0,0,0,0,0
2620,0,1,1,0,0,0,0,0
2622,0,0,0,0,0,0,0,0
2624,1,1,1,1,1,0,0,0
2626,0,0,0,0,0,0,0,0
2627,1,1,0,1,0,0,0,0
2629,1,1,0,0,0,0,0,0
2630,1,1,1,0,0,0,0,0
2632,1,1,0,0,1,0,0,0
2633,0,1,0,1,0,0,0,0
2634,1,1,0,0,0,0,0,0
2635,0,1,1,0,0,0,0,0
2636,1,0,0,0,0,0,0,0
2637,0,1,1,0,0,0,0,1
2638,0,0,1,0,0,0,0,1
2641,0,0,0,0,0,0,0,1
2643,1,0,0,0,1,0,0,1
2644,1,1,0,0,0,0,0,1
2645,1,1,0,1,0,0,0,1
2649,1,1,0,0,1,0,0,1
2651,1,1,1,0,0,0,0,0
2652,0,1,1,0,0,0,0,0
2653,1,1,1,0,1,0,0,0
2654,1,1,0,1,0,0,0,0
2660,1,1,1,0,0,0,0,0
2661,1,1,1,0,0,0,0,0
2665,1,1,0,0,0,0,0,0
2667,1,1,0,1,0,0,0,0
2709,0,0,0,0,0,0,0,1
2670,0,1,0,0,0,0,0,0
2671,1,1,0,0,0,0,0,1
2672,1,1,1,0,0,0,0,0
2673,0,1,0,0,0,0,0,0
2674,0,1,0,1,0,0,0,0
2676,1,1,1,1,0,0,0,0
2677,0,1,0,0,0,0,0,0
2678,1,1,1,0,1,0,0,1
2679,0,1,0,0,0,0,0,0
2680,1,1,1,1,0,0,0,0
2681,1,0,0,0,0,0,0,0
2682,0,1,0,1,0,0,0,0
2683,1,1,0,0,0,0,0,0
2685,0,1,1,0,1,0,0,1
2686,0,0,0,0,0,0,0,0
2687,1,1,1,1,1,0,0,0
2688,1,1,1,0,0,0,0,0
2689,0,1,0,0,0,0,0,0
2690,0,1,0,0,0,0,0,0
2691,0,1,1,0,0,0,1,1
2692,1,1,0,0,1,0,0,1
2693,1,1,1,0,0,0,0,0
2694,1,1,0,0,0,0,0,0
2695,0,1,0,0,0,0,0,0
2697,1,1,0,0,0,0,0,1
2698,1,1,0,0,1,0,0,0
2700,1,1,0,0,0,0,0,0
2705,1,1,1,0,1,0,0,0
2708,1,1,0,0,0,0,1,1
2710,0,1,0,0,0,0,0,0
2711,1,1,0,0,0,0,0,0
2712,0,1,0,0,1,0,0,1
2713,1,1,0,0,1,0,0,0
2714,0,1,1,0,0,0,0,1
2715,0,1,1,0,0,0,0,0
2716,0,1,0,0,0,0,0,0
2717,1,1,0,0,1,0,0,1
2720,0,1,0,0,0,0,0,0
2721,0,1,1,0,0,0,0,0
2722,1,1,1,0,0,0,0,0
2723,1,1,0,0,1,0,0,0
2725,0,1,1,1,0,0,0,0
2727,1,1,1,0,1,0,1,1
2729,1,1,1,1,0,0,0,0
2732,0,1,0,0,0,0,0,1
2733,1,1,1,1,0,0,0,0
2734,0,1,0,0,0,0,0,0
2735,0,1,0,0,0,0,0,0
2736,1,1,1,0,0,0,0,0
2738,1,1,1,1,0,0,0,1
2739,0,1,0,0,0,0,0,0
2740,0,1,0,0,1,0,0,0
2741,0,0,1,0,1,0,0,0
2742,0,1,1,0,0,0,0,0
2743,0,0,0,0,1,0,0,0
2745,0,1,0,0,0,0,0,0
2747,0,1,1,0,0,0,0,0
2748,1,1,0,1,1,0,0,1
2752,0,1,0,0,0,0,0,0
2753,1,1,1,0,0,0,0,0
2754,1,1,0,0,1,0,0,0
2756,0,1,0,1,0,0,0,0
2757,1,1,1,1,0,0,0,1
2758,0,1,1,0,0,0,0,1
2759,1,0,1,0,0,0,0,0
2762,0,0,1,0,0,0,0,0
2766,1,1,0,0,1,0,0,1
2768,1,1,0,1,0,0,0,1
2769,1,1,1,1,0,0,0,0
2770,0,1,1,0,1,0,0,0
2771,1,1,0,0,0,0,0,1
2772,0,1,0,1,1,0,0,1
2774,1,1,0,0,0,0,0,0
2775,0,1,0,0,0,0,0,0
2776,0,1,0,0,0,0,0,0
2777,0,1,0,0,0,0,0,0
2778,0,1,0,0,1,0,0,0
2780,0,0,0,0,0,0,0,0
2781,1,1,1,0,1,0,0,1
2784,0,0,1,0,0,0,0,0
2785,1,0,1,0,1,0,0,0
2788,1,1,1,0,0,0,0,0
2791,1,1,1,0,0,0,0,0
2796,0,0,0,0,0,0,0,0
2794,0,0,1,0,0,0,0,0
2795,0,1,1,1,0,1,0,0
2797,0,1,1,0,0,1,0,1
2798,0,1,0,0,0,0,0,0
2800,1,1,1,0,1,0,0,1
2801,0,1,0,0,0,0,0,0
2804,1,1,1,0,1,0,1,0
2805,1,1,0,1,1,0,0,1
2807,0,0,0,0,0,0,0,0
2808,1,1,1,0,0,0,0,0
2809,1,1,0,1,0,0,0,1
2810,1,1,0,1,0,0,0,0
2812,0,1,0,0,0,0,0,0
2814,0,0,0,0,0,0,0,0
2816,1,1,1,0,0,0,0,0
2822,0,1,0,0,0,0,0,1
2823,1,1,0,0,0,0,0,0
2824,0,0,0,0,0,0,0,0
2825,0,1,0,0,0,0,0,1
2829,0,1,0,1,0,0,0,0
2832,0,1,0,0,0,0,0,1
2835,1,1,0,1,0,0,0,0
2836,1,1,1,1,0,0,0,0
2838,0,1,0,0,0,0,0,0
2839,1,1,0,0,0,0,0,0
2840,1,1,1,1,0,0,0,0
2841,0,1,0,0,0,0,0,0
2842,1,1,0,0,1,1,0,1
2843,1,1,1,0,1,0,0,0
2844,0,0,0,0,0,0,0,0
2846,1,1,0,0,0,0,0,0
2851,1,1,1,1,0,0,0,1
2852,0,1,0,0,0,0,0,0
2853,0,0,0,0,0,0,0,0
2855,1,1,1,1,0,0,0,1
2857,0,1,1,0,0,0,0,1
2858,1,1,0,0,1,0,0,1
2860,0,1,1,0,0,0,0,0
2862,0,1,0,0,0,0,0,0
2863,0,0,0,0,0,0,0,0
2865,1,1,0,0,0,0,0,0
2867,1,1,0,0,1,0,1,1
2868,1,1,0,0,1,0,0,0
2871,0,1,0,1,0,0,0,0
2872,1,1,1,0,0,0,0,0
2874,1,1,1,1,0,0,0,0
2875,0,1,0,0,0,0,0,0
2876,1,1,0,0,0,1,0,0
2877,1,1,1,1,1,0,0,0
2879,1,1,1,1,0,0,0,1
2880,1,1,0,0,0,0,0,0
2881,1,1,1,0,1,0,1,1
2882,0,1,0,0,0,0,0,0
2883,1,1,0,0,0,0,0,0
2884,1,1,1,0,0,0,0,0
2887,0,1,1,0,0,0,0,0
2888,0,1,0,0,1,0,0,0
2890,0,1,0,0,0,0,0,1
2891,1,1,0,1,1,0,1,0
2895,0,0,1,0,0,0,0,0
2897,0,1,1,1,1,0,0,0
2898,0,1,1,0,0,0,0,0
2899,1,1,1,1,0,0,0,1
2902,0,1,0,0,0,0,0,0
2903,1,1,1,1,0,0,0,1
2905,1,1,1,1,0,0,0,0
2906,0,1,1,0,0,0,0,0
2908,1,1,1,1,1,0,0,0
2911,0,1,0,0,0,0,0,0
2914,1,1,0,1,1,0,0,1
2915,1,1,0,0,1,0,0,0
2916,1,1,0,0,1,0,0,0
2919,0,0,0,0,0,0,0,0
2921,1,1,1,1,0,0,0,1
2923,1,1,0,0,0,0,0,0
2924,1,1,1,1,0,0,0,1
2925,0,1,1,0,0,0,1,0
2926,1,1,0,1,1,0,0,1
2927,0,0,0,0,0,0,0,0
2929,1,1,1,1,0,0,0,1
2930,1,1,0,0,0,0,0,0
2933,1,0,1,0,0,0,0,0
2936,0,1,1,1,1,0,0,1
2938,0,0,0,0,0,0,0,0
2939,1,0,1,0,0,0,0,1
2941,0,1,1,1,0,0,0,0
2942,0,1,0,0,0,0,0,0
2944,1,1,0,0,0,0,0,0
2946,1,1,0,1,1,0,0,1
2948,1,1,0,0,0,0,0,0
2949,0,1,1,1,0,0,0,1
2951,1,1,1,0,0,1,1,0
2952,0,1,1,0,0,0,0,0
2953,0,1,0,0,0,0,0,0
2954,1,0,1,1,1,0,0,1
2957,0,1,0,0,1,0,0,0
2958,1,1,1,0,1,0,0,0
2959,1,1,1,0,0,0,1,0
2961,0,0,0,0,0,0,0,0
2963,0,1,0,0,0,0,0,0
2964,0,1,0,0,0,0,0,0
2966,1,1,0,0,0,0,0,0
2970,0,1,0,0,0,0,0,0
2974,1,1,0,0,1,0,0,1
2975,1,1,1,0,1,0,0,0
2976,1,1,1,1,0,0,0,1
2979,0,0,0,0,0,0,0,0
2980,0,1,0,0,0,0,0,1
2981,1,0,0,0,1,0,0,1
2982,0,0,1,0,0,0,0,0
2985,0,1,0,0,1,0,0,0
2986,0,1,0,1,0,0,0,0
2990,1,1,1,0,1,0,0,1
2992,0,1,0,0,0,0,0,0
2993,1,1,1,1,0,0,0,1
2994,1,1,1,0,0,0,0,0
2996,0,0,0,0,0,0,0,1
2998,0,0,0,0,0,0,0,0
3000,1,1,0,1,0,0,0,0
3001,0,1,1,0,0,0,0,0
3003,1,1,1,1,0,0,0,0
3006,1,0,1,0,1,0,0,1
3007,0,1,0,0,0,0,0,0
3009,1,1,1,0,0,0,0,0
3010,1,1,0,0,0,0,0,1
3012,1,1,1,1,1,0,0,1
3013,1,0,0,0,1,0,0,0
3014,0,0,0,0,0,0,0,1
3016,0,1,0,0,0,0,0,1
3017,1,1,1,0,1,0,0,0
3018,1,0,1,0,0,0,0,0
3019,0,0,0,0,0,0,0,1
3020,1,1,0,0,0,0,0,0
3021,0,1,0,0,0,0,0,0
3023,1,1,1,0,0,0,0,0
3024,0,1,0,0,0,0,0,1
3026,0,1,1,0,0,0,0,1
3028,1,1,0,0,1,0,0,1
3031,1,1,0,0,0,0,0,0
3032,0,1,0,0,0,0,0,0
3033,0,1,0,0,0,0,0,0
3066,0,0,0,0,0,0,0,0
3074,0,1,0,0,0,0,0,0
3036,0,1,1,0,0,0,0,1
3038,1,1,1,0,0,0,0,1
3039,1,0,1,0,0,0,0,0
3041,0,1,0,0,0,0,0,0
3042,0,1,0,0,0,0,0,0
3043,0,1,0,0,0,0,0,0
3045,1,1,0,1,0,0,0,0
3050,1,1,1,0,1,0,1,1
3051,1,0,0,1,0,0,1,0
3052,1,1,1,0,1,0,0,0
3053,1,0,1,0,0,0,0,0
3056,0,1,0,0,0,0,0,0
3057,1,1,1,1,0,0,0,0
3058,1,1,1,0,0,0,0,0
3059,0,1,1,0,0,0,0,0
3061,0,0,1,0,0,0,0,0
3064,0,1,0,0,0,0,0,0
3067,1,1,1,0,0,0,0,1
3070,1,1,1,0,0,0,0,0
3073,1,1,1,1,0,0,0,1
3079,1,1,0,0,0,0,0,0
3082,1,1,0,0,0,0,0,0
3083,0,1,0,0,1,0,0,1
3086,0,1,0,0,0,0,0,0
3088,1,1,1,1,0,0,0,1
3089,0,0,1,0,0,0,0,0
3090,1,1,1,1,0,0,0,1
3091,1,1,1,0,0,0,0,0
3094,0,0,1,0,0,0,0,0
3095,0,1,0,0,0,0,0,0
3098,0,1,1,0,0,0,0,0
3099,0,1,1,1,0,1,0,0
3101,1,1,0,0,0,0,0,1
3102,1,0,1,1,0,0,0,1
3103,0,1,0,0,0,0,0,0
3104,1,1,0,0,0,0,0,1
3105,1,1,0,1,1,1,1,1
3106,1,1,1,0,0,0,0,0
3107,1,0,0,1,1,0,0,0
3108,1,1,0,0,0,0,0,1
3111,0,1,0,0,1,0,0,0
3113,0,1,0,0,0,0,0,0
3116,0,0,0,0,0,0,0,0
3118,0,0,0,0,0,0,0,1
3119,0,1,0,0,0,0,0,0
3120,1,1,1,1,1,0,0,0
3121,1,1,0,0,0,0,0,0
3124,0,0,0,0,0,0,0,0
3125,1,1,0,1,0,0,0,0
3126,0,1,0,0,0,0,0,1
3127,1,1,0,0,0,0,0,0
3129,0,0,0,0,0,0,0,1
3131,0,0,0,0,0,0,0,1
3133,1,1,0,0,1,0,0,0
3135,0,0,0,0,1,0,0,0
3136,1,1,1,1,0,0,0,0
3140,1,1,0,0,0,0,0,0
3141,1,1,0,0,0,0,0,1
3142,1,1,0,0,1,0,1,0
3143,1,1,1,0,1,0,0,0
3144,0,0,0,0,0,0,0,1
3147,0,1,1,0,0,0,0,0
3148,0,1,0,1,0,0,0,0
3151,1,1,0,0,0,0,0,1
3152,1,1,0,0,0,0,0,0
3154,0,1,0,0,0,0,0,0
3156,0,1,1,0,1,0,0,1
3157,0,1,1,0,0,0,0,0
3158,1,1,1,0,0,0,0,1
3167,0,0,1,0,0,0,0,0
3170,0,0,0,0,0,0,0,1
3176,0,0,0,0,0,0,0,0
3177,0,0,0,0,0,0,0,1
3159,0,1,0,0,0,0,0,0
3160,1,1,0,1,0,0,0,1
3161,1,1,0,0,0,0,0,1
3162,1,1,0,0,0,0,0,1
3163,0,1,1,0,0,0,0,0
3164,1,1,0,0,0,0,0,0
3165,0,1,1,0,0,0,0,1
3166,1,1,1,0,1,0,0,0
3172,0,1,0,1,1,0,0,1
3175,1,1,0,0,0,0,0,0
3179,1,1,1,1,0,0,0,1
3180,0,0,0,0,0,0,0,1
3181,0,1,1,0,0,0,0,0
3182,0,0,0,0,0,0,0,1
3183,1,1,0,0,1,0,0,0
3186,1,1,1,1,0,0,0,0
3187,0,0,0,0,0,0,0,0
3188,0,1,1,0,1,0,0,1
3190,0,1,1,1,1,0,0,0
3191,1,1,0,1,0,0,0,0
3192,0,1,1,0,0,0,0,1
3195,1,1,0,0,0,0,0,0
3200,0,1,1,0,1,0,0,0
3201,0,1,1,0,1,0,0,0
3204,1,1,1,1,0,0,0,1
3205,0,0,0,0,0,0,0,0
3206,1,1,0,0,0,0,0,0
3207,1,1,1,0,1,0,1,0
3208,1,1,1,0,0,0,0,0
3216,0,0,0,0,0,0,0,0
3219,0,1,0,1,0,0,0,0
3211,1,1,0,1,0,0,0,0
3212,1,1,1,0,0,0,0,0
3213,1,1,1,1,1,0,0,1
3215,0,0,0,0,0,0,0,0
3217,1,1,1,0,0,0,0,0
3218,1,1,0,0,0,0,0,0
3221,0,0,0,0,0,0,0,0
3222,0,1,1,0,0,1,0,0
3227,0,0,1,0,0,0,0,1
3228,1,1,0,0,0,0,0,0
3229,0,1,0,0,0,0,0,0
3230,1,1,1,1,0,0,0,1
3232,0,0,1,0,0,0,0,1
3233,1,1,1,0,0,0,0,0
3235,1,1,0,0,0,0,0,1
3236,1,1,0,0,0,0,0,1
3237,0,1,0,1,0,0,0,0
3238,0,0,0,0,0,0,0,1
3239,1,1,1,1,0,0,0,1
3240,1,1,1,0,0,0,0,0
3241,0,1,1,1,1,0,0,0
3243,1,1,0,1,0,0,0,1
3244,0,0,1,0,0,0,0,0
3245,1,1,1,1,0,0,0,0
3246,0,0,0,0,0,0,0,0
3248,1,1,1,1,0,0,0,1
3253,0,0,0,0,0,0,0,0
3254,1,1,1,0,0,0,0,0
3255,0,1,1,0,0,0,0,0
3256,0,0,0,0,0,0,0,0
3264,0,0,1,0,0,0,0,0
3271,0,1,1,0,0,0,0,1
3257,1,1,0,0,0,1,0,0
3258,1,1,0,0,0,0,0,0
3259,0,1,1,0,0,0,0,0
3261,1,1,1,1,0,0,0,0
3262,1,1,1,1,0,0,0,1
3263,1,1,0,1,0,0,0,1
3265,1,1,1,0,0,0,0,0
3266,1,1,1,0,0,0,0,0
3267,1,1,1,1,1,0,0,1
3269,0,1,0,1,0,0,0,0
3270,0,1,0,1,0,0,0,0
3272,1,1,0,0,0,0,0,0
3278,0,0,0,0,0,0,0,0
3277,1,1,0,0,0,0,0,0
3279,1,1,0,0,0,0,0,1
3280,0,1,1,0,0,0,0,0
3283,1,1,1,0,0,0,0,0
3284,1,1,1,1,0,0,0,0
3285,1,1,1,1,1,0,0,0
3288,1,1,1,1,0,0,0,0
3290,1,1,0,1,0,0,0,1
3291,0,0,1,0,0,0,0,0
3292,1,1,1,1,1,1,1,1
3293,0,0,0,0,0,0,0,0
3295,1,1,0,0,0,0,0,0
3300,1,1,1,0,0,0,0,1
3311,0,0,0,0,0,0,0,0
3301,0,1,1,0,0,0,0,0
3302,1,1,1,1,1,0,1,0
3303,1,1,1,1,0,0,0,1
3305,0,1,0,1,1,0,0,1
3307,1,1,1,1,0,0,0,1
3308,0,1,1,0,0,0,0,0
3309,0,0,0,0,0,0,0,1
3310,0,1,1,0,0,0,0,0
3313,1,1,0,1,0,0,0,0
3315,1,1,0,0,0,0,0,0
3318,0,1,0,1,0,0,0,0
3322,0,0,0,0,0,0,0,1
3324,1,1,0,0,0,0,0,0
3327,1,1,1,0,1,0,0,1
3328,0,1,1,0,0,0,0,0
3329,1,1,0,0,0,0,0,0
3330,0,1,1,1,1,0,0,0
3331,1,1,1,1,1,0,0,1
3332,1,0,0,0,0,0,0,0
3335,1,1,1,0,0,0,0,0
3336,1,1,1,0,0,0,0,0
3337,0,1,0,1,0,0,0,0
3338,1,1,1,0,0,0,0,1
3339,0,0,0,0,0,0,0,1
3341,0,1,0,0,0,0,0,0
3343,0,0,0,0,0,0,0,1
3348,0,0,0,0,0,0,0,1
3349,0,0,0,0,0,0,0,0
3351,0,0,0,0,0,0,0,0
3393,0,0,0,0,0,0,0,1
3394,0,0,0,0,0,0,0,1
3346,0,0,0,0,0,0,0,1
3347,1,1,0,0,0,0,0,0
3354,1,1,1,1,1,0,0,1
3355,0,1,0,0,0,0,0,0
3357,0,0,0,0,0,0,0,0
3358,0,1,1,1,1,0,0,1
3360,1,1,0,0,0,0,0,0
3361,1,1,1,1,0,0,1,1
3362,1,1,0,0,0,0,0,1
3363,1,1,1,1,0,0,0,1
3367,0,1,0,0,0,0,0,0
3369,0,1,0,0,0,0,0,0
3370,0,1,1,0,1,0,0,1
3371,1,1,0,0,1,0,1,0
3372,1,1,0,0,1,0,0,1
3373,0,0,0,0,0,0,0,0
3374,1,1,0,0,0,0,0,0
3377,1,1,0,0,1,0,0,1
3378,1,1,0,0,0,1,0,0
3381,0,0,1,0,0,0,0,0
3382,0,1,0,0,1,0,0,1
3384,0,1,1,0,0,0,0,1
3385,1,1,0,0,0,0,0,1
3387,1,1,1,0,0,0,1,0
3390,1,1,1,0,0,0,0,0
3391,0,0,1,1,1,0,0,0
3392,1,1,1,0,0,0,0,0
3396,1,1,1,0,1,0,1,0
3397,0,1,0,0,0,0,0,0
3399,1,1,1,1,1,0,0,1
3400,1,1,1,0,0,0,0,1
3401,0,1,1,0,1,0,1,1
3402,0,0,0,0,0,0,0,1
3403,0,1,0,0,0,0,0,0
3405,0,0,0,0,0,0,0,0
3408,1,1,1,1,0,0,0,0
3410,0,0,0,0,0,0,0,1
3411,1,1,0,0,1,0,0,0
3412,0,1,1,0,1,0,0,1
3414,0,1,0,0,0,0,0,0
3416,1,1,1,1,1,0,0,1
3417,0,0,0,0,0,0,0,1
3418,0,1,0,0,0,0,0,0
3419,1,1,0,1,1,0,0,0
3421,1,1,0,1,1,0,0,1
3422,1,1,1,0,1,0,0,0
3423,0,1,0,0,0,0,1,1
3424,1,1,0,0,1,0,0,0
3427,0,0,0,0,0,0,0,0
3429,1,1,1,0,0,0,0,0
3430,0,1,1,1,1,0,0,1
3431,0,1,0,0,0,0,1,0
3432,0,0,0,0,0,0,0,1
3434,0,0,0,0,0,0,0,0
3435,1,1,1,1,0,0,0,1
3436,1,1,0,0,0,1,0,0
3438,0,1,0,0,0,0,0,0
3440,1,1,0,0,0,0,0,0
3442,0,1,1,0,0,0,0,1
3444,0,0,0,0,0,0,0,1
3446,0,1,0,0,0,0,0,0
3447,1,1,0,1,0,0,0,0
3451,0,1,0,0,0,0,0,0
3452,0,1,1,0,0,0,0,0
3456,1,0,1,0,0,0,0,0
3458,1,1,1,1,0,1,0,0
3460,0,0,0,0,0,0,0,0
3459,1,1,1,0,0,0,0,0
3461,0,1,0,0,0,0,0,0
3462,1,1,1,1,0,0,0,1
3464,1,1,1,0,0,0,0,0
3466,1,1,0,0,1,0,0,0
3467,1,1,0,0,0,0,0,0
3468,0,1,0,0,0,0,0,0
3469,0,1,1,0,1,0,0,0
3471,1,1,1,1,0,0,0,1
3472,0,0,0,0,0,0,0,1
3473,1,1,1,1,0,0,0,0
3475,0,1,0,0,0,0,0,0
3476,0,1,0,1,0,0,0,0
3478,1,1,0,0,0,0,0,1
3479,1,1,1,0,1,0,1,1
3480,1,1,0,1,1,0,0,0
3481,0,1,1,0,0,1,0,1
3482,0,1,1,0,0,0,0,1
3483,1,1,1,0,0,0,0,0
3484,1,1,1,1,0,0,0,1
3485,1,1,0,1,0,0,0,1
3488,1,1,1,0,0,0,0,0
3491,0,1,0,0,0,0,0,0
3494,0,1,1,0,0,0,0,0
3495,0,1,0,0,0,0,1,0
3496,1,1,1,0,0,0,0,0
3498,1,1,0,0,0,0,0,1
3500,1,1,0,0,1,0,0,0
3503,1,1,1,1,1,0,0,0
3504,1,1,1,0,0,0,0,0
3505,0,1,0,0,0,0,0,0
3507,1,1,1,0,1,0,0,0
3510,1,1,0,0,0,0,0,1
3511,1,1,0,0,0,0,0,0
3512,0,1,1,0,1,0,0,1
3513,1,1,0,0,0,0,0,0
3514,1,1,0,0,1,0,0,0
3515,1,1,0,1,0,0,0,0
3517,1,1,0,0,0,0,0,0
3518,1,1,0,0,0,0,0,0
3520,1,0,1,1,1,0,0,1
3521,1,1,0,0,1,0,0,1
3522,1,1,0,0,1,0,1,1
3523,0,1,1,0,0,0,0,1
3525,0,1,0,0,1,0,0,0
3529,1,1,0,0,0,0,0,1
3531,0,1,0,0,0,0,0,0
3532,0,1,0,0,0,0,0,0
3535,1,1,0,0,0,0,0,1
3536,1,1,1,1,1,0,0,1
3537,1,1,1,0,1,0,0,1
3538,1,1,0,1,1,0,0,1
3541,0,1,1,1,0,0,0,0
3542,0,0,1,0,0,0,0,0
3543,0,1,1,0,0,0,0,1
3544,1,1,1,0,1,0,0,0
3545,1,0,0,0,0,0,0,0
3546,1,1,0,0,1,0,1,1
3549,1,1,0,0,0,0,0,0
3550,1,1,1,0,1,0,0,0
3552,0,1,1,0,0,0,0,1
3553,1,1,0,0,0,0,0,1
3554,1,1,1,0,1,0,0,1
3556,1,1,0,1,1,0,0,1
3560,0,1,0,1,0,0,0,0
3563,1,1,0,1,1,0,0,0
3564,1,1,0,0,0,0,0,0
3565,1,1,1,0,0,1,0,1
3566,1,1,0,0,1,0,0,0
3570,1,1,1,0,0,0,0,0
3572,0,1,1,0,0,0,0,0
3575,0,1,0,0,0,0,0,1
3577,1,1,1,1,1,0,0,1
3580,0,1,0,0,0,0,0,1
3581,0,0,0,0,0,0,0,1
3582,1,1,1,0,0,0,0,0
3585,0,1,1,1,0,0,0,1
3586,1,1,1,0,1,0,0,0
3587,1,1,0,0,0,0,0,1
3590,0,1,1,0,0,0,0,0
3593,0,1,0,0,0,0,0,0
3594,1,1,0,0,0,0,0,0
3597,0,1,0,0,0,0,0,0
3598,1,1,0,0,1,0,0,1
3599,1,1,0,0,1,0,0,1
3601,0,1,0,0,0,0,0,0
3604,0,1,1,0,0,0,0,0
3605,0,1,0,0,0,0,0,0
3606,0,1,0,0,0,0,0,0
3609,1,1,0,0,0,0,0,0
3611,0,1,0,0,0,0,0,0
3615,0,0,0,0,0,0,0,1
3612,0,1,0,0,0,0,0,0
3614,0,0,0,0,0,0,0,0
3620,1,1,0,0,1,1,0,1
3621,1,1,1,0,1,0,0,0
3622,0,0,1,0,0,0,0,1
3625,0,1,0,0,0,0,0,0
3653,0,0,0,0,0,0,0,1
3626,0,0,1,0,0,0,0,1
3627,1,1,1,0,0,0,1,0
3630,1,1,0,0,1,0,1,0
3631,0,0,0,0,0,0,0,0
3632,1,1,0,0,0,0,0,0
3634,0,0,1,0,0,0,0,0
3637,0,0,1,0,0,0,0,0
3635,0,1,0,0,0,0,0,0
3636,0,1,1,0,0,0,0,0
3638,1,1,1,0,0,0,0,0
3639,0,1,1,1,0,1,0,1
3640,0,1,0,0,0,0,0,0
3641,1,1,0,0,0,0,0,0
3643,0,1,0,0,1,0,0,0
3644,0,1,0,0,0,0,0,0
3647,1,1,0,0,0,0,0,0
3651,1,1,0,0,0,0,0,1
3652,1,1,0,0,0,0,0,1
3654,0,1,0,0,0,0,0,0
3655,1,0,1,0,0,0,0,1
3656,1,0,1,0,1,1,0,0
3657,1,1,1,1,1,0,0,1
3658,0,1,1,0,0,0,0,0
3659,1,1,0,1,1,0,0,0
3660,0,1,0,0,0,0,1,0
3661,0,1,0,0,0,0,0,0
3663,0,0,0,0,0,0,0,0
3667,1,1,1,0,0,0,0,0
3670,1,1,0,0,0,0,0,0
3672,1,1,1,1,1,0,0,0
3673,1,1,1,1,0,0,0,0
3674,0,0,0,0,0,0,0,0
3675,1,1,1,0,1,0,0,0
3678,1,1,0,0,0,0,0,0
3679,0,1,1,0,1,0,0,1
3683,1,1,1,1,1,0,0,1
3688,0,1,0,0,0,0,0,1
3689,1,1,1,0,0,1,0,0
3691,0,1,0,0,0,0,0,0
3692,0,1,0,0,0,0,0,0
3693,1,1,0,0,0,0,0,0
3697,0,1,1,0,0,0,0,0
3700,0,0,0,0,0,0,0,0
3701,0,0,1,0,0,0,0,0
3705,0,0,1,0,0,0,0,0
3704,1,1,1,0,0,1,0,1
3708,1,1,0,0,1,0,0,1
3710,0,1,0,0,1,0,0,0
3711,1,1,1,0,0,0,0,1
3712,1,1,1,0,0,0,0,0
3714,1,1,1,0,0,0,0,0
3717,1,1,0,0,0,0,1,0
3718,1,0,0,0,0,0,0,0
3720,0,0,0,0,0,0,0,1
3721,0,1,0,0,0,0,0,0
3723,0,1,0,0,0,0,0,0
3724,1,1,0,0,0,0,0,0
3725,0,1,0,0,1,0,0,0
3726,1,1,1,1,1,0,0,1
3727,0,1,1,0,0,0,0,1
3728,0,0,0,0,1,0,0,0
3730,1,1,0,0,0,0,0,0
3731,1,1,1,1,0,0,0,0
3735,1,1,1,0,0,0,0,0
3736,0,0,1,0,0,0,0,0
3740,1,1,0,1,1,0,0,0
3745,1,1,0,0,0,0,0,0
3747,1,1,1,0,0,0,0,0
3748,1,1,0,0,0,0,0,1
3749,0,1,1,0,0,0,0,1
3751,0,1,0,0,0,0,0,0
3755,0,0,0,0,0,0,0,1
3757,1,1,1,1,0,0,0,0
3758,0,0,0,0,0,0,0,0
3762,1,1,0,1,1,0,1,1
3763,1,1,1,1,0,0,0,0
3764,1,1,1,1,1,0,0,1
3765,0,1,0,0,1,0,0,0
3766,1,1,1,1,0,0,0,0
3767,1,1,1,0,0,0,0,0
3768,1,1,0,0,0,0,0,0
3769,0,1,1,0,0,0,0,1
3770,1,1,1,1,0,0,0,1
3773,0,1,0,0,0,0,0,0
3774,1,1,0,0,0,0,0,1
3775,0,1,0,1,1,0,0,1
3776,1,1,1,1,1,0,1,0
3777,1,1,0,0,0,0,0,0
3780,0,1,0,0,0,0,1,1
3782,1,0,0,0,1,0,1,0
3783,0,1,1,0,0,0,0,1
3785,1,1,1,0,0,0,0,0
3787,0,1,0,0,0,0,0,0
3788,1,1,1,0,0,0,0,0
3789,1,1,1,0,0,0,0,0
3793,0,1,0,0,0,0,0,0
3799,0,0,1,0,0,0,0,1
3800,0,1,1,0,0,0,0,1
3803,0,1,1,0,0,0,0,0
3805,0,0,0,0,0,0,0,1
3807,0,1,0,0,0,0,0,0
3809,1,1,1,1,0,0,0,0
3811,0,1,1,1,0,0,0,0
3812,1,1,0,1,1,0,0,0
3813,1,1,1,1,1,0,0,0
3816,1,1,1,0,0,0,0,0
3817,1,1,1,0,0,0,0,1
3818,1,0,0,0,0,0,0,0
3819,1,1,1,0,1,0,0,0
3820,0,1,0,0,1,0,0,0
3821,0,0,1,0,0,0,0,0
3823,1,1,1,0,1,0,0,0
3825,1,0,0,0,0,0,0,0
3827,1,1,1,0,1,0,0,1
3830,0,1,0,0,0,0,0,0
3831,1,1,0,0,0,0,0,0
3833,0,1,0,0,0,0,0,0
3834,0,1,0,0,0,0,0,0
3835,1,1,0,1,0,0,0,0
3836,0,1,1,0,0,0,0,0
3838,0,0,0,0,0,0,0,0
3839,0,1,0,0,0,0,0,0
3840,1,1,0,0,0,0,0,1
3842,1,1,0,0,0,1,0,0
3843,1,1,1,1,1,0,0,1
3844,1,1,1,1,1,0,0,1
3847,1,1,0,0,1,0,0,1
3848,1,1,1,0,0,0,0,1
3851,1,1,0,0,0,0,0,0
3853,1,1,1,1,0,0,0,0
3854,1,1,1,0,1,0,0,0
3857,1,1,1,0,0,0,0,0
3858,1,1,0,0,0,0,0,0
3860,1,1,0,0,0,0,0,0
3859,0,1,1,1,0,0,0,0
3861,1,1,0,0,0,0,0,0
3862,0,0,0,0,0,0,0,0
3864,0,1,0,0,0,0,0,0
3865,1,0,1,0,0,1,0,1
3867,1,1,0,0,0,0,0,0
3870,1,1,1,0,1,0,0,1
3871,1,1,1,1,0,0,0,0
3872,0,1,0,0,0,0,0,0
3875,1,1,0,1,1,0,0,1
3877,0,1,1,0,0,0,0,0
3879,0,1,1,0,0,0,0,0
3880,0,1,0,0,0,0,0,0
3881,1,0,1,1,1,0,0,1
3882,0,1,0,0,0,0,0,0
3884,0,1,0,0,0,0,0,0
3885,0,1,0,1,0,0,0,0
3889,1,1,1,0,1,0,0,1
3891,0,1,0,0,0,0,0,0
3897,1,1,1,0,1,0,0,1
3898,1,1,0,1,0,0,0,0
3900,1,1,0,0,0,0,0,0
3901,0,1,0,0,1,0,0,0
3903,0,1,0,0,0,0,0,1
3904,1,1,0,0,1,0,0,0
3905,0,1,1,1,1,0,0,0
3907,0,1,1,0,0,0,1,0
3909,0,1,0,0,0,0,0,0
3911,0,0,0,0,0,0,0,1
3910,1,1,1,1,1,0,0,1
3914,1,1,1,1,0,0,0,0
3915,1,1,0,1,0,1,0,0
3916,0,1,0,0,0,0,0,0
3918,0,0,0,0,0,0,0,0
3920,0,1,0,0,1,0,1,0
3924,0,1,0,0,0,0,0,0
3925,1,1,1,1,1,0,0,1
3926,0,0,1,0,0,0,0,0
3930,0,0,0,0,0,0,0,0
3928,1,1,1,1,0,0,0,0
3929,1,1,0,0,0,0,0,0
3931,1,1,1,1,0,0,0,1
3933,1,1,1,0,0,0,0,0
3934,0,1,1,0,0,0,0,0
3939,1,1,0,0,0,0,0,0
3940,1,1,1,0,1,0,0,1
3941,1,1,0,1,0,0,0,0
3943,0,0,0,0,0,0,0,0
3944,1,1,1,1,0,0,0,0
3945,1,1,0,0,1,0,0,0
3947,0,0,0,0,0,0,0,0
3948,1,1,0,0,0,0,0,0
3949,1,1,1,1,1,0,0,1
3950,0,0,0,0,0,0,0,0
3951,0,0,0,0,0,0,0,0
3953,0,1,0,0,0,0,0,0
3954,1,1,1,0,0,0,0,1
3962,0,0,0,0,0,0,0,1
3971,0,0,0,0,0,0,0,0
3998,0,0,0,0,0,0,0,0
4005,0,0,0,0,0,0,0,1
4021,0,0,0,0,0,0,0,1
4025,0,0,1,0,0,0,0,1
4032,0,0,0,0,0,0,0,1
4036,0,0,0,0,0,0,0,0
4042,0,1,1,0,0,0,0,1
4048,0,0,0,0,0,0,0,0
4057,0,0,0,0,0,0,0,1
4067,0,0,0,0,0,0,0,1
4096,0,0,0,0,0,0,0,0
4134,0,0,0,0,0,0,0,1
4148,0,0,0,0,0,0,0,0
4167,0,0,0,0,0,0,0,0
4227,0,0,1,0,0,0,0,0
4232,0,0,0,0,0,0,0,1
4219,0,0,0,0,0,0,0,0
4251,0,0,1,0,0,0,0,0
4277,0,0,0,0,0,0,0,1
4309,0,0,0,0,0,0,0,0
4288,0,0,0,0,0,0,0,0
4304,1,1,1,0,1,0,0,0
4318,0,0,0,0,0,0,0,1
4332,0,1,1,0,0,0,0,0
3955,1,1,0,0,0,0,0,0
3956,0,1,0,1,0,0,0,0
3958,0,0,1,0,0,0,0,0
3959,1,1,0,0,0,0,0,0
3960,1,1,0,0,0,0,0,0
3964,0,1,1,0,0,0,0,0
3965,1,1,0,0,0,0,0,0
3966,1,1,0,0,0,0,0,0
3972,0,0,0,0,0,0,0,0
3973,0,1,1,1,0,0,0,0
3976,1,1,1,0,0,0,0,0
3977,0,0,0,0,0,0,0,0
3978,0,1,1,1,0,0,0,1
3979,1,1,0,0,0,0,0,0
3980,1,1,1,0,1,0,0,0
3982,1,0,1,1,1,0,0,0
3983,0,1,1,0,0,0,0,1
3984,0,1,1,1,0,0,0,0
3986,1,1,1,0,0,0,0,1
3987,1,1,0,0,1,1,0,0
3989,1,1,1,0,1,0,0,0
3990,0,0,0,0,0,0,0,1
3991,1,1,0,0,0,0,0,0
3994,0,1,0,0,0,0,0,0
3995,0,0,1,0,0,0,0,0
4001,1,1,0,0,1,0,0,1
4003,1,1,1,1,1,0,0,1
4009,0,0,1,0,0,0,0,1
4019,0,0,0,0,0,0,0,0
4027,0,0,1,0,0,0,0,1
4006,1,1,1,1,1,0,0,1
4008,1,1,1,1,0,1,0,1
4010,1,1,1,0,0,0,0,0
4015,0,0,0,0,0,0,0,1
4016,0,0,0,0,0,0,0,0
4017,1,1,1,0,1,0,0,0
4018,1,1,0,0,0,0,0,1
4020,0,1,0,0,1,0,0,0
4024,1,1,1,0,0,0,0,0
4026,1,1,1,0,0,0,0,1
4028,0,1,0,0,0,0,0,0
4031,1,1,0,0,0,0,0,0
4033,0,0,0,0,0,0,0,0
4035,1,1,0,1,0,0,0,0
4037,0,1,0,0,0,0,0,0
4040,1,1,1,1,0,0,0,0
4043,1,1,1,1,0,0,0,0
4044,0,1,1,1,0,0,0,0
4045,0,0,1,0,0,0,0,0
4050,1,1,0,0,0,0,0,0
4051,1,1,1,1,0,0,0,1
4052,0,0,1,0,0,0,0,1
4053,0,0,0,0,0,0,0,0
4055,1,1,1,0,0,0,0,1
4058,0,1,1,1,0,0,0,0
4059,0,0,0,0,0,0,0,0
4060,1,1,1,0,0,0,0,1
4061,0,1,0,0,0,0,0,0
4062,0,0,0,0,0,0,0,0
4069,0,0,0,0,0,0,0,1
4063,0,1,0,0,0,0,0,0
4065,1,1,0,0,0,0,0,0
4066,0,1,0,0,0,0,0,0
4068,0,1,1,0,0,0,0,0
4070,0,0,0,0,0,0,0,0
4071,1,1,0,0,0,0,0,1
4073,0,1,1,0,0,0,0,0
4074,0,1,1,1,0,0,0,0
4077,1,1,0,1,1,0,0,1
4078,1,1,1,1,0,0,0,1
4080,1,1,1,0,0,0,0,0
4081,0,1,1,0,0,0,0,0
4082,1,1,1,1,0,0,0,0
4083,1,1,1,1,0,0,0,0
4084,1,1,1,1,0,1,0,1
4086,1,1,1,0,0,0,0,0
4087,0,1,0,0,0,0,0,0
4089,1,1,0,0,0,0,0,0
4092,1,1,0,1,0,0,0,0
4094,1,1,0,0,0,0,0,0
4098,0,1,0,0,1,0,0,0
4099,1,1,0,0,0,0,0,0
4100,1,1,1,0,0,0,0,0
4101,1,1,0,0,0,0,0,0
4102,1,1,0,0,0,0,0,1
4103,0,0,0,0,0,0,0,0
4105,1,1,1,1,0,0,0,1
4106,0,0,1,0,1,0,0,1
4108,1,0,0,0,0,0,0,1
4109,1,1,1,0,0,0,0,0
4114,1,0,1,0,0,0,0,0
4115,0,0,0,0,0,0,0,1
4116,0,0,0,0,0,0,0,0
4118,1,1,1,0,0,0,0,0
4119,0,1,0,1,0,0,0,0
4120,0,0,0,0,0,0,0,0
4121,1,1,0,1,0,0,0,0
4123,1,1,1,1,0,0,0,0
4124,1,1,1,1,0,0,0,1
4125,1,1,1,0,0,0,0,1
4127,1,1,0,0,0,0,0,0
4132,1,1,0,0,0,0,0,1
4133,1,1,1,0,0,0,0,0
4138,0,1,1,0,0,0,0,1
4140,1,0,0,0,0,0,0,0
4144,1,1,0,1,0,0,0,0
4145,0,1,0,0,0,0,0,0
4147,1,1,1,1,0,0,0,1
4149,1,1,1,1,1,0,0,0
4150,1,1,0,0,0,0,0,0
4153,0,0,0,0,0,0,0,1
4158,1,1,0,0,1,0,1,0
4161,1,1,0,1,1,0,0,0
4162,0,0,1,0,0,0,0,0
4163,0,0,0,0,1,0,0,0
4164,1,1,1,1,0,0,0,1
4166,0,1,0,0,1,0,0,0
4168,0,0,0,0,0,0,0,0
4169,1,1,1,1,0,0,0,0
4171,1,1,0,0,1,0,0,0
4172,0,1,0,1,0,0,0,0
4173,1,1,1,0,0,0,0,0
4174,1,1,0,0,0,0,0,0
4175,1,1,0,1,0,0,0,0
4179,1,1,0,0,0,0,0,1
4181,1,1,1,1,0,0,0,0
4183,0,1,0,0,0,0,0,0
4186,1,1,1,0,0,0,0,0
4189,0,0,0,0,0,0,0,1
4190,1,0,1,0,0,1,1,0
4191,0,0,0,0,0,0,0,0
4192,0,0,0,0,0,0,0,1
4195,1,1,0,0,1,0,0,1
4198,0,1,1,1,1,0,0,0
4204,0,1,0,0,0,0,0,0
4205,1,1,1,0,0,0,0,1
4211,0,0,0,0,0,0,0,0
4221,0,0,0,0,0,0,0,1
4206,1,1,1,1,0,0,0,1
4207,0,1,0,0,1,0,0,0
4210,1,1,0,0,0,0,0,0
4213,0,1,0,0,0,0,0,0
4217,1,1,1,1,0,0,0,1
4220,1,1,1,0,0,0,0,0
4222,1,1,1,0,1,0,0,1
4223,1,1,0,0,0,1,0,0
4224,0,0,0,0,0,0,0,0
4228,1,1,0,1,1,0,0,1
4230,1,1,1,1,1,0,0,1
4233,0,0,0,0,0,0,0,0
4234,1,1,1,0,0,0,0,0
4237,0,0,0,0,0,0,0,1
4240,0,0,0,0,0,0,0,1
4244,1,1,1,1,0,0,0,1
4246,1,1,1,1,0,0,0,0
4247,0,1,0,0,0,0,0,0
4248,1,1,1,1,1,0,1,1
4250,1,1,1,1,0,0,0,1
4252,0,1,0,0,0,0,0,1
4255,1,1,1,0,0,0,0,0
4257,1,1,1,0,0,0,0,0
4258,1,1,0,1,0,0,0,0
4260,1,1,1,1,1,0,1,0
4261,1,1,0,0,0,0,0,0
4264,1,1,1,1,0,0,0,1
4265,0,0,0,0,0,0,0,1
4266,0,0,0,0,0,0,0,0
4267,0,1,0,0,0,0,0,0
4268,1,1,0,0,0,0,0,0
4270,1,0,1,0,0,0,0,1
4272,0,1,1,0,0,0,0,0
4273,0,1,0,0,0,0,0,0
4275,0,1,0,0,0,0,0,0
4276,1,1,1,1,0,0,0,1
4279,1,1,0,0,1,0,0,0
4281,1,1,0,0,0,0,0,0
4282,0,0,0,0,0,0,0,0
4284,0,1,0,0,1,0,0,0
4285,1,0,1,0,0,0,0,0
4286,1,1,1,1,0,0,0,0
4287,1,1,0,1,0,0,0,1
4292,0,0,0,0,0,0,0,1
4293,1,1,0,0,0,0,0,0
4295,1,1,0,0,0,0,0,0
4296,0,1,0,0,0,0,0,0
4297,0,1,1,1,0,0,0,0
4299,1,1,1,1,0,1,0,0
4300,1,1,1,1,0,1,0,0
4302,0,1,1,0,0,0,0,1
4303,0,1,0,0,0,0,0,0
4305,1,1,1,1,0,0,0,0
4306,1,1,1,1,1,0,0,0
4308,0,1,1,1,0,0,0,0
4310,1,1,0,1,0,0,0,0
4312,0,1,1,0,1,0,0,1
4313,1,1,1,0,0,0,0,0
4314,1,1,0,1,0,0,0,0
4315,1,1,0,1,1,0,0,0
4321,1,1,0,0,0,0,0,0
4322,0,1,0,1,0,0,0,0
4323,1,1,0,0,0,0,0,0
4327,1,1,0,0,0,0,0,0
4328,0,0,0,0,0,0,0,1
4329,0,1,1,0,0,0,0,0
4333,1,1,1,0,0,0,0,0
4336,0,0,0,0,0,0,0,0
4337,1,1,0,0,1,0,1,0
4338,0,1,0,0,1,0,0,0
4340,0,1,0,0,0,0,0,0
4341,0,1,1,0,0,0,0,0
4344,1,1,0,1,1,0,0,1
4345,1,1,1,0,0,0,0,0
4346,0,0,0,0,0,0,0,0
4347,1,1,0,1,0,0,0,0
4350,0,0,0,0,0,0,0,0
4354,0,1,0,0,0,0,0,0
4355,1,1,1,0,0,0,0,0
4376,0,0,0,0,0,0,0,1
4356,1,1,1,0,0,0,0,0
4358,1,1,0,1,0,0,0,0
4359,1,1,1,1,0,0,0,0
4360,0,1,0,0,0,0,0,0
4361,0,1,1,0,0,0,0,0
4365,0,1,1,0,1,0,0,0
4367,0,0,0,0,0,0,0,0
4369,0,1,0,0,0,0,0,0
4370,1,1,1,1,0,0,0,0
4371,1,1,0,0,0,0,0,1
4378,0,1,0,0,0,0,0,0
4385,0,1,0,0,0,0,0,0
4386,1,1,0,0,0,0,0,0
4387,0,1,1,0,0,0,0,0
4388,1,1,1,1,0,0,0,1
4392,1,1,1,0,0,0,0,0
4393,1,1,0,0,0,0,0,0
4398,0,1,1,1,1,0,0,0
4399,0,1,0,0,0,0,0,1
4401,1,1,1,1,0,0,0,0
4402,1,0,0,1,1,1,0,0
4403,0,0,1,1,1,0,0,1
4404,1,1,1,1,1,0,0,1
4406,0,1,0,0,0,0,0,0
4407,0,1,0,0,0,0,0,0
4408,1,1,1,1,0,0,0,1
4409,0,1,0,0,0,0,0,0
4410,1,1,1,0,0,0,0,0
4411,1,1,1,0,0,0,0,0
4412,1,1,0,0,0,0,0,0
4414,1,1,0,0,0,0,0,0
4416,0,0,0,0,0,0,0,1
4417,1,1,1,0,0,0,0,0
4418,1,1,1,1,0,0,0,0
4419,1,1,0,1,0,0,0,0
4421,1,1,0,0,0,0,0,0
4422,0,1,0,1,0,0,0,0
4423,1,1,1,1,0,0,0,0
4424,1,1,1,1,0,0,0,1
4431,0,1,1,0,0,0,0,0
4432,0,1,1,1,0,0,0,0
4433,1,1,0,1,1,0,0,0
4435,1,1,1,1,0,0,0,1
4437,0,1,0,1,0,0,0,0
4438,1,1,1,0,1,0,0,0
4442,1,1,0,1,0,0,0,0
4445,1,1,0,0,1,0,0,0
4447,1,1,1,1,0,0,0,0
4450,1,1,0,0,0,0,0,1
4451,1,1,1,0,1,0,0,0
4452,1,1,1,0,0,0,0,1
4453,0,0,0,0,0,0,0,1
4455,0,0,1,0,0,0,0,0
4458,0,1,1,0,0,0,0,0
4460,1,1,0,1,1,0,0,1
4461,1,1,0,0,1,0,0,1
4462,1,1,1,1,1,0,0,1
4464,1,1,0,1,0,0,0,1
4465,0,1,0,0,0,0,0,0
4467,0,0,0,0,0,0,0,0
4469,0,1,0,0,0,0,0,0
4470,1,1,0,0,0,0,0,0
4472,0,1,0,0,0,0,0,0
4474,1,1,0,0,0,0,0,0
4475,0,0,0,0,0,0,0,0
4477,0,1,0,0,0,0,0,0
4479,1,1,1,1,0,0,0,0
4482,1,1,1,1,0,0,0,1
4483,1,1,0,1,0,0,0,0
4485,1,1,1,0,0,0,0,0
4486,1,1,1,1,0,0,0,1
4487,1,1,1,1,0,0,0,1
4489,1,1,1,0,0,0,0,0
4491,1,0,1,1,1,1,0,1
4492,1,1,1,0,0,0,0,1
4493,0,0,0,0,0,0,0,0
4495,0,0,0,0,0,0,0,1
4497,0,1,1,0,0,0,0,0
4499,0,0,0,0,0,0,0,1
4500,0,0,0,0,0,0,0,0
4501,0,0,0,0,0,0,0,1
4502,0,0,1,0,0,0,0,0
4504,1,1,1,1,0,0,0,1
4506,0,1,0,0,1,0,0,0
4507,1,1,1,1,0,0,0,1
4508,0,0,0,0,0,0,0,0
4509,0,1,0,0,0,0,1,1
4510,1,1,1,1,0,0,0,0
4511,0,1,1,0,0,1,0,0
4513,1,1,0,0,0,0,0,0
4516,0,0,0,0,0,0,0,0
4525,0,0,0,0,0,0,0,0
4542,0,0,0,0,0,0,0,0
4517,1,1,0,0,1,0,0,0
4521,1,1,1,0,0,0,0,0
4523,1,1,1,1,0,0,0,0
4524,1,1,0,0,0,0,0,0
4527,0,1,1,0,0,0,0,0
4528,1,1,0,1,1,0,1,1
4529,1,1,0,0,0,0,0,0
4530,1,1,1,0,0,0,0,0
4533,0,1,0,0,0,0,0,0
4534,1,1,0,0,0,0,0,1
4536,1,1,1,1,0,0,0,1
4538,0,1,0,0,0,0,0,0
4539,1,1,1,1,0,0,0,1
4540,0,0,0,1,0,0,0,0
4541,1,1,1,1,1,0,0,1
4543,0,0,0,0,0,0,0,1
4545,0,0,0,0,0,0,0,1
4546,0,0,0,0,0,0,0,0
4547,0,1,1,0,0,0,0,0
4548,0,1,1,1,0,0,0,0
4551,0,0,0,0,0,0,0,0
4552,0,1,1,0,0,1,0,1
4555,1,1,1,1,1,0,1,0
4556,0,0,1,1,0,0,0,0
4557,0,0,1,0,0,0,0,0
4559,0,0,1,0,0,0,0,1
4561,0,0,0,0,0,0,0,0
4562,1,1,1,1,0,0,0,0
4563,0,1,0,0,0,0,0,0
4564,1,1,1,1,0,0,0,1
4566,1,1,1,1,0,0,0,0
4567,0,0,0,0,0,0,0,0
4570,0,1,0,0,0,0,0,1
4572,0,1,0,0,0,0,0,0
4573,1,1,1,0,1,0,0,0
4574,1,1,0,0,0,0,0,0
4577,1,1,1,0,0,1,0,0
4578,1,1,0,0,0,0,0,0
4583,1,1,1,0,0,0,0,0
4587,1,1,1,1,0,0,0,0
4588,1,1,1,1,0,0,0,1
4589,0,0,0,0,0,0,0,0
4592,1,1,0,0,0,0,0,0
4593,0,1,0,0,0,0,0,0
4594,1,1,0,0,0,0,0,1
4596,0,1,0,0,0,0,0,0
4613,0,0,0,0,0,0,0,0
4630,0,0,0,0,0,0,0,0
4598,0,1,1,1,0,0,0,1
4600,0,0,0,0,0,0,0,0
4601,1,1,1,0,0,0,0,1
4602,1,1,0,1,0,0,0,0
4603,1,0,0,0,0,0,0,0
4605,0,1,0,0,1,0,0,0
4607,0,1,0,1,0,0,0,1
4608,1,1,0,0,0,0,0,0
4609,1,1,1,0,0,0,0,0
4610,1,1,0,0,0,0,0,0
4614,0,0,0,0,0,0,0,0
4617,1,1,1,0,1,0,0,1
4619,0,1,0,1,1,0,0,0
4620,1,1,0,1,0,0,0,0
4621,0,1,0,0,0,0,0,0
4622,0,1,0,0,1,0,0,1
4623,0,1,0,0,0,0,0,0
4624,0,1,0,0,0,0,0,0
4625,0,1,1,0,0,0,0,0
4626,0,1,0,0,1,0,0,0
4627,0,1,0,0,0,0,0,0
4632,0,1,1,0,0,0,0,1
4635,0,1,1,0,0,1,0,1
4636,1,0,0,0,0,0,0,0
4638,0,1,0,1,0,0,0,0
4639,1,1,0,0,0,0,0,0
4641,1,1,1,1,1,1,1,1
4642,1,1,1,1,0,0,0,1
4643,0,1,1,1,0,0,0,1
4645,0,1,1,0,0,0,0,0
4646,1,1,0,0,0,0,1,0
4650,1,1,1,1,1,0,0,1
4651,0,1,0,0,0,0,0,0
4652,1,0,0,0,0,0,1,1
4653,1,1,0,0,1,0,0,0
4655,1,1,1,0,0,0,0,0
4656,0,1,0,0,0,0,0,0
4657,0,0,0,0,0,0,0,0
4658,0,0,0,1,1,0,0,0
4659,0,1,1,0,0,0,0,0
4660,0,1,1,0,0,0,0,0
4661,1,1,1,0,0,0,0,0
4662,1,1,1,0,1,0,0,1
4663,1,1,0,0,0,0,0,0
4665,1,1,0,1,1,0,0,1
4666,0,1,0,0,0,0,0,0
4669,0,1,1,0,0,0,0,0
4670,0,1,0,0,0,0,0,1
4673,1,1,0,0,1,0,0,0
4674,0,1,0,0,0,0,0,0
4675,0,1,0,1,1,0,0,1
4678,1,1,0,0,1,0,0,1
4681,0,1,1,0,0,1,0,1
4682,0,1,1,1,0,1,0,0
4684,1,1,0,1,0,0,0,0
4686,1,0,1,0,0,0,0,0
4688,1,1,0,0,0,0,0,0
4689,0,1,1,0,1,0,0,0
4690,0,0,0,0,0,0,0,1
4692,0,1,0,0,0,1,0,0
4694,0,1,0,1,0,0,0,0
4695,1,1,0,0,1,0,0,0
4696,0,1,0,0,0,0,0,0
4697,1,1,1,0,0,0,0,0
4699,1,1,0,1,0,0,0,0
4701,0,0,0,0,0,0,0,0
4703,0,0,0,0,0,0,0,1
4704,1,1,1,0,0,1,0,1
4706,1,1,0,0,1,0,0,0
4709,0,0,0,0,0,0,0,0
4712,0,1,0,0,0,0,0,0
4713,0,1,1,0,0,0,0,0
4714,1,1,0,0,0,0,0,0
4716,0,1,0,0,0,0,0,0
4718,0,1,1,0,0,0,0,0
4720,0,1,0,0,0,0,0,0
4721,0,1,0,0,0,0,0,0
4722,0,1,0,0,0,0,0,0
4726,1,1,0,0,1,0,0,0
4729,0,1,0,0,0,0,0,0
4731,1,1,1,1,1,0,0,0
4732,0,1,0,0,0,0,0,0
4736,0,1,0,0,0,0,0,0
4737,0,1,0,0,0,0,0,0
4738,1,1,0,1,1,1,0,0
4739,1,1,0,0,1,0,0,1
4741,0,1,1,0,1,0,0,0
4743,0,1,1,1,1,0,0,0
4746,0,1,0,0,0,0,0,0
4748,0,1,0,1,0,0,0,1
4749,1,0,0,0,0,0,0,1
4750,1,0,1,0,0,0,0,0
4751,0,0,0,0,0,0,0,0
4752,0,1,0,0,0,0,1,0
4756,1,1,0,0,0,0,0,1
4759,0,1,0,0,0,0,0,0
4760,1,1,0,0,0,0,0,1
4761,1,1,1,1,0,0,0,0
4762,1,1,1,1,1,0,0,0
4763,1,1,0,0,1,0,0,0
4766,0,0,0,0,0,0,0,1
4765,0,1,0,0,0,0,0,0
4767,1,1,1,0,0,0,0,1
4768,0,0,1,0,0,0,0,1
4771,0,0,1,0,0,1,0,0
4773,1,1,0,1,0,0,0,0
4774,1,1,1,0,0,0,0,0
4775,1,1,1,1,0,0,0,0
4777,0,1,0,0,0,0,0,1
4778,1,1,1,1,0,0,0,0
4779,0,0,0,0,0,0,0,1
4780,0,1,0,0,0,0,0,0
4782,1,1,0,1,0,0,0,0
4784,0,1,1,0,0,0,0,1
4785,0,1,0,0,0,0,0,0
4788,0,1,0,0,0,0,0,0
4790,0,1,0,0,0,0,0,1
4791,1,1,0,0,0,0,0,1
4792,0,1,1,1,1,0,0,0
4793,1,1,1,0,0,0,0,1
4796,0,0,1,0,0,0,0,1
4798,1,1,0,0,1,0,1,0
4801,1,1,1,0,1,0,0,0
4803,1,1,0,0,0,0,0,0
4804,0,0,0,0,0,0,0,1
4805,1,1,0,1,1,0,0,1
4808,1,1,0,0,0,1,0,0
4809,0,0,0,0,0,0,0,0
4810,0,0,0,0,0,0,0,0
4811,1,1,1,1,0,0,0,0
4814,1,1,1,0,0,0,0,0
4816,0,0,1,0,0,1,0,1
4817,1,0,0,1,1,0,0,0
4818,1,1,0,0,0,1,0,0
4819,1,1,1,0,0,0,0,1
4820,1,0,0,0,0,0,0,0
4821,1,1,0,0,0,0,0,1
4822,0,0,1,0,0,0,0,0
4823,1,1,1,1,0,0,0,0
4824,1,1,1,1,0,0,0,1
4825,1,1,0,0,0,0,0,0
4826,0,1,0,0,0,0,0,1
4827,1,1,0,0,0,0,0,0
4832,0,1,0,0,0,0,0,0
4833,0,1,1,0,1,0,0,1
4834,1,1,1,1,0,0,0,0
4835,0,0,1,0,0,0,0,0
4836,0,1,1,0,0,0,0,0
4839,1,1,0,1,0,0,0,1
4840,0,1,0,0,0,0,0,0
4842,0,1,0,0,1,0,0,1
4843,1,1,0,0,0,0,0,0
4845,1,1,1,0,0,0,0,1
4850,0,1,1,0,0,0,0,0
4852,1,1,1,0,1,0,0,1
4853,0,1,0,0,0,0,0,0
4855,1,1,0,1,0,0,0,1
4858,0,1,0,0,0,0,0,0
4860,1,1,1,0,0,0,0,0
4861,0,1,1,0,0,0,0,0
4862,1,1,0,0,1,0,0,0
4863,1,1,1,1,0,0,0,1
4864,0,1,0,0,0,0,0,0
4867,1,1,1,0,0,0,0,1
4868,0,1,1,1,1,0,0,1
4869,1,1,0,1,0,0,0,0
4871,0,1,1,0,0,0,0,0
4873,0,1,0,0,0,0,0,0
4876,0,1,0,0,0,0,0,0
4877,1,1,0,0,0,0,0,0
4878,0,0,0,0,0,0,0,0
4879,0,1,1,0,0,0,0,0
4882,0,0,0,0,0,0,0,1
4885,0,0,0,0,0,0,0,1
4881,0,0,0,0,0,0,0,0
4880,0,1,0,0,0,1,1,0
4883,0,1,1,0,0,0,0,0
4884,0,0,0,0,0,0,0,0
4886,0,0,0,0,0,0,0,0
4887,1,1,0,0,1,0,0,0
4890,0,0,0,0,0,0,0,0
4891,0,0,0,0,0,0,0,0
4893,1,1,0,0,1,0,0,0
4894,0,1,0,0,0,0,0,0
4897,0,0,0,0,0,0,0,1
4898,1,1,1,0,0,0,0,0
4901,1,1,1,0,0,0,0,1
4903,1,1,0,0,1,0,0,0
4906,0,1,0,0,0,0,0,0
4909,0,1,0,0,0,0,0,0
4910,0,0,0,0,0,0,0,0
4915,0,1,0,0,0,0,0,0
4916,0,1,1,0,0,0,0,0
4919,0,0,0,0,0,0,0,0
4922,1,1,0,0,0,0,0,0
4927,0,0,0,0,0,0,0,1
4925,1,1,1,1,0,0,0,0
4926,0,0,0,0,0,0,0,0
4929,0,1,1,1,1,0,0,0
4930,0,0,0,0,0,0,0,0
4932,0,1,0,1,0,0,0,0
4933,1,1,0,0,0,0,0,0
4934,1,1,0,1,1,1,0,0
4937,0,1,0,1,0,0,0,0
4938,1,1,0,1,0,0,0,1
4939,1,1,0,0,0,0,0,0
4940,1,1,1,1,0,0,0,0
4941,1,1,1,0,0,0,0,1
4942,1,1,1,0,0,0,0,0
4943,1,1,0,1,1,0,0,1
4945,1,0,1,0,1,1,0,0
4946,1,1,1,0,0,0,0,1
4947,0,0,1,0,0,0,0,0
4948,1,1,1,1,1,0,0,0
4951,1,1,1,1,0,0,0,0
4956,0,1,0,0,0,0,0,0
4958,1,1,1,1,0,0,0,1
4959,1,1,1,1,0,0,0,0
4961,0,0,0,0,0,0,0,0
4960,1,1,1,0,0,0,0,1
4962,1,1,0,0,0,0,0,0
4965,1,1,1,1,0,0,0,0
4967,1,1,1,0,0,0,0,0
4970,0,0,0,0,0,0,0,0
4969,1,1,1,1,0,0,0,1
4972,0,1,1,0,0,0,0,0
4974,1,1,1,1,0,0,0,0
4975,1,1,1,1,1,0,0,1
4976,1,1,1,1,0,0,0,1
4977,0,0,0,0,0,0,0,1
4981,1,1,0,0,0,0,0,0
4991,0,0,1,0,0,0,0,1
5011,0,1,0,0,0,0,0,1
4992,1,1,1,0,0,0,0,1
4994,1,1,1,0,0,0,0,0
5000,1,1,1,0,0,0,1,1
5002,0,1,0,0,0,0,0,0
5004,1,1,1,1,1,0,0,1
5005,1,1,1,0,1,1,1,0
5006,0,1,0,0,0,0,0,0
5008,1,1,0,0,0,0,0,0
5009,1,1,0,0,0,0,0,0
5010,1,1,0,0,1,0,1,1
5012,1,1,0,0,0,0,0,0
5014,0,0,1,0,0,0,1,1
5015,1,1,0,0,0,0,0,1
5018,1,0,1,1,1,0,0,1
5020,0,1,1,0,0,0,0,1
5021,1,1,1,1,1,1,0,1
5023,0,1,0,0,0,0,0,0
5024,0,1,1,0,0,0,0,0
5025,1,1,1,0,1,1,0,1
5026,1,1,0,0,0,0,0,0
5027,1,1,1,0,0,0,0,1
5028,1,1,1,1,0,0,0,0
5029,1,1,0,0,1,0,1,0
5031,0,1,0,0,1,0,0,0
5032,0,1,1,0,0,0,0,0
5033,1,1,1,1,0,0,0,1
5037,0,1,1,0,0,0,1,0
5038,0,1,1,0,0,0,0,0
5039,1,0,0,0,1,0,0,0
5041,1,1,1,0,1,0,0,1
5042,0,1,0,1,0,0,0,0
5043,1,1,1,0,0,0,0,0
5044,1,1,1,1,0,0,0,1
5046,0,0,0,0,0,0,0,0
5049,1,1,0,0,0,1,0,0
5050,1,1,1,0,0,1,0,0
5052,1,1,0,0,0,0,0,1
5054,1,1,1,0,1,0,0,0
5055,0,1,1,1,0,0,0,1
5057,1,1,0,1,0,0,0,0
5058,1,1,1,0,0,0,0,0
5060,1,1,0,0,0,0,0,0
5061,1,1,0,0,0,0,0,0
5066,1,1,0,0,0,0,0,0
5067,0,1,0,0,0,0,0,0
5070,1,1,1,1,0,0,0,0
5071,1,1,1,0,0,0,1,1
5072,1,1,0,0,0,0,0,1
5076,0,0,0,0,0,0,0,0
5077,0,1,0,1,0,0,0,0
5078,1,1,0,0,1,0,0,0
5080,1,1,1,0,0,0,0,1
5081,0,1,0,0,0,0,0,0
5082,1,1,1,0,0,0,0,0
5085,1,1,0,1,0,0,0,0
5086,0,0,0,0,0,0,0,0
5087,0,0,0,0,0,0,0,0
5089,0,0,0,0,0,0,0,0
5090,0,1,1,0,0,0,0,0
5091,1,1,1,1,0,0,0,0
5092,1,1,1,0,0,0,0,0
5094,0,1,0,0,0,0,0,0
5095,0,1,1,1,1,0,0,0
5097,1,1,0,0,0,0,0,1
5099,1,1,1,0,0,0,0,1
5101,0,1,1,1,0,0,0,0
5102,0,1,1,1,0,0,0,0
5106,0,0,1,0,0,0,0,0
5107,0,1,0,0,0,0,0,0
5108,0,0,0,0,0,0,0,0
5110,1,1,0,0,0,0,0,0
5113,1,1,1,1,0,0,0,0
5114,0,0,0,0,0,0,0,0
5116,0,1,0,0,0,0,0,0
5118,1,1,1,0,1,0,0,1
5120,1,1,1,0,0,0,0,0
5123,1,1,1,0,0,0,0,0
5124,1,1,1,0,0,0,0,0
5125,1,1,1,0,0,0,0,0
5132,1,1,1,1,0,0,0,1
5133,0,1,1,0,0,0,0,1
5135,0,0,0,0,0,0,0,1
5138,1,1,0,1,0,0,0,0
5140,1,1,0,0,1,0,0,0
5142,1,1,1,1,0,0,0,0
5143,1,1,0,0,0,0,0,0
5144,1,1,1,0,0,0,0,0
5147,1,1,0,0,0,0,0,0
5154,1,1,1,1,0,0,0,1
5156,0,0,0,0,0,0,0,0
5157,0,1,0,0,0,0,0,0
5159,0,0,0,0,0,0,0,1
5161,1,1,0,1,0,0,0,1
5163,1,1,0,0,1,0,0,1
5164,0,1,0,1,0,0,0,0
5165,1,1,0,0,0,0,0,0
5169,0,1,0,1,0,0,0,0
5170,1,1,1,0,0,0,0,0
5171,1,1,1,0,1,0,0,1
5172,1,1,1,0,1,0,0,0
5174,1,1,0,0,0,0,0,0
5178,0,1,0,0,0,0,0,0
5179,1,1,1,0,1,1,0,1
5180,1,1,0,1,0,0,0,1
5181,0,1,1,0,0,0,0,0
5183,1,1,0,0,1,0,0,0
5184,1,1,1,0,1,0,0,1
5187,1,1,1,0,0,0,0,0
5194,0,1,1,1,0,0,0,1
5195,1,1,0,0,0,0,0,0
5196,0,1,0,0,1,0,0,0
5198,0,1,1,1,0,0,0,0
5210,0,0,0,0,0,0,0,1
5236,0,0,0,0,0,0,0,0
5200,0,0,0,0,0,0,0,0
5203,1,1,1,0,1,0,0,0
5204,1,1,0,0,0,0,0,1
5205,1,1,0,0,0,0,0,0
5207,0,1,1,0,1,0,1,0
5208,1,1,1,0,0,0,0,1
5209,0,1,1,0,1,0,0,1
5211,0,1,0,0,0,0,0,0
5212,1,1,0,0,0,0,0,0
5213,0,1,0,0,0,0,0,0
5214,0,1,0,0,0,0,0,0
5216,0,0,1,0,0,0,0,0
5219,1,1,1,1,0,0,0,0
5220,1,1,0,0,0,0,0,0
5222,1,0,1,0,0,0,0,1
5226,1,1,0,0,0,0,0,0
5228,0,1,0,0,0,0,0,0
5234,0,1,0,0,0,0,0,0
5237,0,0,0,0,0,0,0,0
5239,1,1,0,0,0,0,0,0
5242,0,0,0,0,0,0,0,0
5245,1,1,1,0,0,0,0,0
5246,1,1,1,0,0,0,0,0
5249,1,1,0,0,0,0,0,1
5253,1,1,1,0,0,0,0,0
5254,0,0,0,0,0,0,0,1
5255,0,0,0,0,0,0,0,1
5258,1,1,1,1,0,0,0,0
5260,0,0,0,0,0,0,0,0
5261,1,1,0,1,0,0,0,1
5262,0,1,1,0,0,0,0,1
5264,1,1,0,0,0,0,0,0
5265,1,1,1,1,0,0,0,0
5266,0,1,1,0,0,0,0,1
5267,1,1,1,0,0,0,0,0
5272,0,1,0,0,0,0,0,0
5273,0,1,1,0,0,0,0,0
5274,0,1,0,0,0,0,0,0
5276,0,1,0,0,0,0,0,0
5277,0,1,1,0,0,0,0,0
5278,0,1,1,0,0,0,0,0
5283,0,0,1,0,0,0,0,1
5280,0,1,1,0,0,0,0,0
5281,1,1,1,1,0,0,0,0
5282,0,1,1,1,0,0,0,1
5284,0,1,0,0,0,0,0,0
5285,0,1,1,0,0,0,0,0
5288,0,1,0,0,0,0,0,1
5289,0,1,1,0,0,0,0,1
5291,0,1,0,0,0,0,0,0
5292,1,1,0,0,0,0,0,1
5293,0,0,0,0,0,0,0,1
5295,1,0,1,0,1,0,0,1
5296,1,1,1,1,0,0,0,0
5298,0,0,1,0,0,0,0,0
5299,0,1,0,0,0,0,0,0
5300,1,1,1,1,1,0,0,0
5304,1,1,0,0,0,0,0,0
5307,1,1,1,1,0,0,0,0
5309,1,1,1,0,0,0,0,1
5310,1,1,0,0,0,0,0,0
5311,0,0,1,0,0,0,0,1
5313,0,1,0,1,0,0,0,0
5314,0,0,0,0,1,0,0,0
5316,1,1,1,1,0,0,0,1
5317,1,1,0,0,0,0,0,0
5318,0,1,1,0,0,0,0,0
5319,0,1,1,0,0,1,0,0
5321,1,1,1,0,0,0,0,0
5322,1,1,1,1,0,0,0,0
5326,0,0,0,0,0,0,0,0
5327,0,0,0,0,0,0,0,1
5329,0,1,0,1,0,0,0,0
5330,0,1,1,1,1,0,0,0
5333,1,1,0,0,0,1,0,0
5336,0,1,1,0,0,0,0,0
5337,1,1,1,1,1,0,0,1
5339,1,1,1,0,0,0,0,0
5340,1,1,0,0,0,0,0,1
5343,1,1,1,1,0,0,0,0
5344,1,1,1,1,0,0,0,1
5345,0,1,1,1,0,0,0,0
5349,0,0,1,0,0,0,0,1
5346,0,1,1,1,0,0,0,0
5348,0,1,0,0,0,0,0,0
5350,1,1,1,1,0,0,0,0
5351,1,1,1,0,0,0,0,0
5354,1,1,0,1,1,0,0,0
5356,1,1,0,0,0,0,0,1
5358,1,1,0,0,0,0,0,0
5359,1,1,0,1,1,0,0,0
5361,0,0,0,0,0,0,0,1
5362,0,0,0,0,0,0,0,1
5363,0,1,1,0,0,1,0,1
5364,0,1,0,0,0,0,0,1
5365,0,0,0,0,0,0,0,0
5372,0,0,0,0,0,0,0,1
5373,0,0,0,0,0,0,0,0
5374,1,1,1,0,0,0,0,1
5375,0,1,0,0,1,0,0,0
5376,1,1,1,1,0,0,0,0
5378,1,1,1,0,1,0,1,1
5379,1,1,1,1,0,0,0,0
5380,0,0,1,0,1,0,0,1
5382,1,1,0,0,0,0,0,1
5383,1,1,1,0,0,0,0,0
5384,0,1,1,0,0,0,0,0
5385,1,1,1,1,0,0,0,0
5387,1,0,1,1,1,0,0,1
5500,0,0,0,0,0,0,0,1
5474,0,0,0,0,0,0,0,1
5526,0,0,0,0,0,0,0,0
5528,0,0,0,0,0,0,0,0
5541,0,0,0,0,0,0,0,0
5550,0,0,0,0,0,0,0,0
5536,0,0,0,0,0,0,0,0
5554,0,0,1,0,0,0,0,0
5560,0,0,0,0,0,0,0,0
5567,0,0,0,0,0,0,0,1
5568,0,1,0,1,0,0,0,0
5581,0,0,1,0,0,0,0,1
5585,0,0,0,0,0,0,0,1
5602,0,0,0,0,0,0,0,0
5595,0,0,0,0,0,0,0,1
5597,0,0,1,0,0,0,0,0
5653,0,0,0,0,0,0,0,1
5655,0,0,1,0,0,0,0,0
5671,0,0,0,0,0,0,0,1
5681,0,0,0,0,0,0,0,1
5701,0,0,0,0,0,0,0,1
5793,0,0,0,0,0,0,0,0
5388,0,1,0,0,0,0,0,0
5391,0,1,0,0,0,0,0,0
5392,1,1,0,0,0,0,0,0
5393,0,1,0,0,0,0,0,0
5394,1,1,0,1,1,0,0,0
5396,1,1,1,1,0,1,0,0
5399,1,1,1,0,0,0,0,1
5400,0,1,1,0,0,0,0,1
5402,0,1,0,0,0,0,0,0
5405,1,1,1,1,1,0,0,0
5407,0,1,0,0,0,0,0,1
5410,1,0,0,0,0,0,0,0
5411,0,1,0,0,0,0,0,0
5412,1,1,1,0,0,0,0,0
5414,1,1,1,0,0,0,0,0
5415,0,1,0,0,1,0,0,0
5417,0,1,0,0,0,0,0,0
5420,1,1,0,1,0,0,0,0
5421,1,1,1,0,1,0,1,1
5423,1,1,1,0,1,0,1,0
5426,0,0,1,0,0,0,0,0
5430,0,0,1,0,0,0,0,0
5431,0,1,1,0,0,0,0,1
5432,1,0,0,0,0,0,0,0
5433,1,1,0,1,1,0,0,1
5434,0,0,1,0,0,0,0,1
5435,0,0,0,0,0,0,0,0
5438,0,1,0,0,0,0,0,0
5440,0,1,0,0,0,0,0,0
5441,0,1,0,0,0,0,0,0
5442,0,1,1,0,0,0,0,0
5444,1,1,1,0,0,0,0,1
5445,1,1,1,0,0,0,0,0
5447,1,1,0,0,0,1,0,1
5449,0,1,0,0,0,0,1,0
5451,1,1,1,0,0,1,0,1
5454,1,1,0,0,1,0,0,1
5456,0,1,0,0,0,0,0,0
5457,1,1,0,0,1,0,0,0
5458,0,1,0,0,0,0,0,0
5459,1,1,1,0,0,0,0,0
5460,1,1,0,0,0,0,0,0
5462,1,1,1,1,1,0,0,1
5463,1,1,0,0,0,0,0,0
5468,0,0,0,0,0,0,0,0
5469,1,1,0,0,0,0,0,1
5471,1,1,0,0,1,0,0,1
5473,1,1,1,0,0,1,0,0
5476,0,0,1,0,0,0,0,0
5477,1,1,0,0,0,0,0,0
5478,1,1,0,1,1,0,0,0
5480,1,1,1,0,0,0,0,0
5482,0,1,0,0,0,0,0,0
5483,1,1,0,0,1,1,0,0
5486,0,1,0,0,0,0,0,0
5487,0,1,0,0,0,0,1,0
5488,1,1,1,0,0,0,0,1
5493,1,1,0,0,0,0,0,0
5495,0,0,0,0,0,0,0,0
5496,0,1,0,0,0,0,0,0
5501,0,1,0,0,1,0,0,1
5502,0,1,0,0,1,0,0,1
5503,0,1,1,0,1,0,0,0
5505,1,1,1,1,0,0,0,1
5506,0,1,0,1,0,0,0,0
5508,0,0,0,0,0,0,0,1
5509,1,1,1,1,0,0,0,1
5511,1,1,0,0,0,0,0,0
5512,1,1,1,0,0,0,0,0
5513,0,1,1,1,0,0,0,0
5514,0,1,0,0,0,0,0,0
5516,1,1,0,1,0,0,0,0
5519,0,1,1,0,0,0,0,0
5520,1,1,1,0,0,0,0,0
5521,1,1,1,1,0,0,0,1
5525,1,1,1,0,0,0,0,0
5527,1,1,1,0,0,0,0,0
5529,0,1,1,1,1,0,0,0
5532,0,1,1,0,0,0,0,1
5533,1,1,0,0,0,0,0,0
5534,0,1,1,0,0,0,0,1
5535,1,1,1,1,0,0,0,1
5537,0,0,1,0,1,0,0,0
5538,0,1,1,1,1,0,0,0
5539,1,1,1,1,0,0,0,0
5543,1,1,1,1,1,0,0,1
5544,1,1,0,0,0,0,0,0
5546,1,1,1,1,0,0,0,1
5547,1,1,1,1,0,0,0,0
5548,0,1,1,0,0,0,0,0
5549,1,1,1,0,0,0,0,0
5552,1,1,1,1,0,0,0,0
5553,1,1,1,1,0,0,0,1
5555,1,1,1,0,0,0,0,1
5556,1,1,1,1,0,0,0,1
5557,0,0,0,0,0,0,0,0
5561,1,1,0,0,1,0,0,0
5562,0,0,0,0,0,0,0,1
5563,1,1,0,0,0,0,0,0
5565,0,0,0,0,0,0,0,1
5566,1,1,0,1,0,0,0,1
5569,1,1,1,0,0,0,0,1
5570,1,1,0,0,0,0,0,1
5571,1,1,0,0,1,0,0,0
5572,1,1,1,1,0,0,0,0
5574,0,1,1,1,1,0,0,0
5576,0,1,1,1,1,0,0,0
5577,1,1,0,0,0,0,0,0
5578,1,1,1,0,0,0,0,1
5579,1,1,1,1,0,0,0,0
5582,0,0,0,0,0,0,0,1
5583,1,1,0,0,0,0,0,0
5584,1,1,1,1,1,0,0,1
5586,1,1,0,1,0,0,0,0
5587,0,1,0,1,0,0,0,0
5589,0,1,1,1,0,0,0,0
5590,1,1,1,1,0,0,0,0
5591,1,1,1,0,0,0,0,0
5594,0,1,1,1,1,0,0,0
5599,0,1,1,0,0,0,0,0
5601,1,1,1,1,0,0,0,0
5605,1,1,1,1,0,0,0,1
5606,1,1,1,0,0,0,0,0
5607,0,1,0,0,0,0,0,0
5609,1,1,1,0,0,0,0,1
5611,0,1,1,1,1,1,0,1
5612,1,1,1,0,0,0,0,0
5613,0,1,1,1,0,0,0,0
5614,1,1,1,1,0,0,0,1
5616,1,1,1,1,1,0,0,1
5617,0,1,1,0,0,1,0,0
5621,1,1,1,1,0,0,0,0
5622,0,1,0,0,0,0,0,0
5623,0,1,1,1,1,0,0,0
5627,1,1,1,0,0,0,0,0
5629,1,1,1,1,0,0,0,1
5631,1,1,0,1,0,0,0,1
5632,0,1,0,0,0,0,0,0
5633,0,1,1,0,0,0,0,0
5634,0,1,1,0,0,0,0,0
5635,0,0,0,0,0,0,0,0
5636,1,1,0,0,1,0,1,0
5639,1,1,1,0,0,0,0,0
5648,0,0,1,0,0,0,0,0
5640,1,1,0,1,1,0,0,1
5643,0,0,0,0,0,0,0,0
5645,1,1,0,0,0,0,0,0
5647,0,1,0,1,0,0,0,0
5650,0,1,1,1,1,0,0,0
5652,0,1,1,1,1,0,0,0
5654,1,1,0,0,0,0,0,1
5656,1,1,1,0,0,0,0,0
5657,1,1,1,1,0,0,0,1
5658,1,1,0,0,0,0,0,0
5659,0,0,0,0,0,0,0,1
5660,1,1,0,0,0,0,0,0
5662,0,0,0,0,0,0,0,1
5663,0,1,0,0,0,0,0,0
5665,0,0,0,0,0,0,0,1
5666,1,1,1,1,0,0,0,0
5668,0,1,0,1,0,0,0,0
5669,1,1,1,0,0,0,0,0
5670,0,1,0,0,0,0,0,1
5672,1,1,0,1,0,0,0,1
5673,1,1,0,1,0,0,0,0
5674,1,1,1,1,0,0,0,0
5675,1,1,1,1,0,1,0,0
5677,1,1,1,0,0,0,0,0
5678,1,1,0,1,0,0,0,0
5679,1,1,1,0,0,0,0,0
5680,0,0,1,0,0,0,0,0
5682,1,1,0,0,0,0,0,0
5683,0,0,1,0,0,0,0,0
5684,1,1,0,0,0,0,0,0
5686,1,1,0,0,1,0,0,1
5687,0,1,1,0,0,0,0,1
5688,1,1,1,1,1,0,0,0
5689,1,1,1,1,0,0,0,1
5690,1,1,1,0,0,0,0,0
5692,0,0,0,0,0,0,0,0
5693,1,1,1,0,0,0,0,0
5695,1,1,1,1,1,0,0,1
5698,0,0,0,0,0,0,0,0
5699,1,1,1,1,0,0,0,0
5700,0,1,1,1,0,0,0,0
5703,1,1,0,0,0,0,0,0
5708,1,1,1,0,0,0,0,0
5709,0,0,0,0,0,0,0,1
5710,0,0,0,0,0,0,0,1
5711,0,1,0,1,0,0,0,0
5712,0,0,0,0,0,0,0,1
5715,0,1,1,0,0,0,0,0
5716,1,1,1,1,0,0,0,1
5717,0,1,1,0,0,0,0,0
5719,0,0,0,0,0,0,0,1
5721,0,1,1,0,0,0,0,0
5723,1,1,1,0,1,0,0,0
5724,1,1,1,0,0,0,0,0
5726,1,1,0,0,0,0,0,0
5729,1,1,1,0,0,0,0,0
5731,1,1,0,1,0,0,0,0
5734,0,1,1,0,1,0,0,1
5737,0,0,0,0,0,0,0,0
5738,1,1,0,1,0,0,0,1
5741,0,0,1,0,0,0,0,0
5743,0,1,0,0,0,0,0,0
5744,0,1,0,0,0,0,0,1
5748,1,1,1,0,0,0,0,0
5749,0,1,1,1,0,0,0,0
5750,0,1,0,0,0,0,0,0
5752,0,1,1,0,0,0,0,0
5753,1,1,1,0,0,0,0,0
5754,1,1,0,0,0,0,0,0
5755,1,1,0,1,0,0,0,0
5756,0,0,0,0,0,0,0,0
5760,0,1,0,0,0,0,0,0
5761,1,1,0,0,0,0,0,0
5762,1,1,0,1,1,1,0,1
5763,1,1,1,0,0,0,0,1
5764,1,0,0,0,0,0,0,0
5765,1,1,1,1,0,0,0,1
5766,0,1,0,0,0,0,0,0
5769,1,0,0,0,0,0,0,0
5770,1,1,1,0,0,0,0,0
5771,1,1,1,0,0,0,0,0
5772,1,1,1,0,0,0,0,1
5775,0,1,0,1,0,0,0,0
5778,1,1,0,0,0,0,0,0
5780,1,1,0,0,1,0,0,0
5781,1,1,1,0,1,0,0,1
5782,1,1,1,0,0,0,0,0
5784,0,1,0,0,0,0,0,0
5786,1,1,1,0,0,0,0,0
5788,0,1,1,0,0,0,0,0
5790,0,1,0,0,1,0,0,1
5792,0,1,1,0,0,1,0,0
5794,1,1,1,1,0,0,0,1
5795,1,1,0,1,0,0,0,0
5797,1,1,0,0,0,0,1,1
5799,1,1,1,0,0,0,0,1
5800,0,1,0,1,1,0,0,1
5801,0,1,1,0,0,0,0,0
5802,0,1,0,0,1,0,0,1
5803,1,1,1,0,0,0,0,1
5804,1,1,0,1,1,0,0,1
5806,0,1,0,0,0,0,0,0
5808,0,1,0,0,0,0,0,0
5810,0,1,0,0,0,0,0,1
5811,1,1,1,1,0,0,0,1
5812,0,1,1,0,0,0,0,0
5813,0,0,0,0,0,0,0,0
5820,1,1,1,1,0,0,0,0
5821,0,0,0,0,0,0,0,1
5822,1,1,0,1,0,1,0,0
5823,1,1,0,0,0,0,0,0
5827,1,1,1,1,0,0,0,0
5828,1,1,0,1,1,0,1,1
5829,0,1,0,0,0,0,0,0
5830,1,1,1,1,0,0,0,0
5831,1,0,0,1,1,0,0,0
5832,1,1,0,1,1,0,0,0
5834,1,1,0,0,0,0,0,0
5835,0,1,1,0,1,0,0,1
5836,0,1,1,0,0,0,0,0
5837,1,1,1,0,0,1,0,1
5838,1,0,1,0,0,0,0,0
5839,0,1,0,1,0,0,0,0
5840,0,1,0,0,0,0,0,1
5841,1,1,1,1,0,0,0,0
5842,1,0,0,0,0,0,0,0
5844,0,1,0,0,0,0,0,0
5845,1,1,0,0,0,0,0,0
5846,1,0,0,0,1,0,0,0
5847,1,0,0,1,1,0,0,0
5848,0,0,1,0,0,0,0,1
5850,1,1,1,0,1,0,0,0
5851,0,1,1,0,1,0,1,1
5852,0,1,1,0,0,0,0,0
5855,0,1,1,0,0,0,0,0
5856,1,1,1,1,1,0,0,1
5859,1,1,0,1,0,1,1,0
5861,0,0,0,0,0,0,0,1
5863,1,1,1,1,0,0,0,1
5864,1,1,1,1,0,0,0,1
5865,0,1,0,1,0,0,0,0
5867,1,1,1,1,0,0,0,1
5868,1,1,1,0,0,0,0,0
5869,1,0,1,1,0,0,0,1
5871,0,1,0,0,0,0,0,1
5872,0,1,0,0,0,0,0,0
5874,1,1,0,0,0,0,0,1
5875,1,1,1,1,0,0,0,1
5876,1,1,1,1,0,0,0,0
5877,0,1,0,0,0,0,0,0
5880,0,1,0,0,0,0,0,1
5881,1,1,1,1,0,0,0,0
5882,1,1,1,1,0,0,0,1
5884,1,1,1,0,0,0,0,0
5885,1,1,1,0,0,0,0,0
5888,0,1,0,1,0,0,0,0
5889,0,1,0,0,0,0,0,0
5890,1,0,1,0,0,0,0,0
5895,1,1,0,0,0,0,0,0
5896,0,0,0,0,0,0,0,0
5898,1,1,1,0,1,0,0,1
5899,0,1,1,0,0,0,0,0
5900,1,1,0,1,0,0,0,0
5902,0,1,0,0,1,0,0,0
5905,0,1,0,0,0,0,0,1
5906,0,1,1,0,0,0,0,0
5907,1,1,0,0,0,0,1,0
5908,0,0,0,0,0,0,0,1
5909,1,1,1,1,1,0,0,1
5910,0,1,0,0,0,0,0,0
5911,1,1,1,0,0,0,1,0
5912,0,0,0,0,0,0,0,1
5913,1,1,1,1,0,0,0,0
5918,0,1,1,0,0,0,0,0
5919,0,1,1,0,0,0,0,1
5920,1,1,0,0,0,0,0,0
5922,0,1,0,0,0,0,0,1
5924,0,0,0,0,0,0,0,0
5927,0,1,0,0,0,0,0,0
5928,0,1,0,1,0,0,0,0
5929,0,1,0,0,0,0,0,0
5931,0,1,0,0,0,0,0,0
5934,0,1,0,0,0,0,0,1
5936,0,1,1,0,0,0,0,0
5940,1,1,1,0,1,0,0,0
5946,0,0,1,0,0,0,0,0
5947,0,1,1,0,0,0,0,0
5948,1,1,1,0,1,0,0,0
5949,1,1,1,0,0,0,0,0
5950,1,1,1,0,0,0,0,0
5951,0,1,1,0,0,0,0,0
5953,0,1,0,0,0,0,0,0
5954,0,0,0,0,0,0,0,1
5955,1,1,1,0,1,0,0,0
5961,0,0,0,0,0,0,0,0
5957,0,1,0,0,0,0,0,0
5959,0,1,1,0,0,0,0,0
5963,1,1,1,0,0,0,0,0
5965,1,1,0,0,1,0,0,0
5967,0,1,1,0,0,0,0,1
5968,0,1,0,0,0,0,0,1
5969,1,1,0,0,0,0,0,0
5973,0,1,1,0,0,0,0,0
5975,1,1,1,1,0,0,0,0
5976,1,1,1,0,0,0,0,0
5977,1,0,1,0,0,1,0,0
5979,0,1,1,0,1,0,0,1
5981,1,1,1,1,0,0,0,0
5983,0,0,0,0,0,0,0,0
5984,0,1,0,0,0,0,0,0
5985,0,0,0,0,0,0,0,0
5987,1,1,1,1,0,0,0,1
5989,1,1,1,1,0,0,0,0
5990,0,1,0,0,1,0,0,0
5991,0,1,1,0,0,0,0,0
5992,1,0,1,0,0,0,0,0
5994,0,1,0,0,0,0,0,0
5995,0,0,0,0,0,0,0,1
5996,0,0,0,0,0,0,0,0
6002,0,1,0,0,0,0,0,1
6007,0,0,1,0,0,0,0,1
6009,0,1,0,0,0,0,0,0
6011,1,1,1,0,0,0,0,1
6014,0,0,0,0,0,0,0,0
6016,0,1,1,0,0,0,0,1
6017,0,1,0,0,0,0,0,0
6018,1,1,0,0,0,0,0,1
6021,1,1,1,0,0,0,0,0
6022,0,1,0,1,0,0,0,0
6023,1,0,1,1,1,0,0,1
6025,1,0,1,1,1,0,0,0
6026,1,1,0,0,0,0,0,0
6027,1,1,1,1,1,0,0,1
6028,0,1,0,0,0,0,0,0
6029,1,1,1,0,0,0,0,0
6031,1,1,1,1,0,0,0,1
6032,0,1,0,1,0,0,0,0
6034,1,1,1,0,0,0,0,0
6037,1,1,0,1,0,0,0,0
6038,1,1,1,0,0,0,0,0
6039,1,1,0,0,1,0,0,1
6041,1,1,1,0,0,0,0,0
6044,1,1,1,1,0,0,0,0
6045,1,1,0,0,1,0,0,0
6047,1,1,1,0,0,0,0,0
6048,0,0,0,0,0,0,0,0
6100,0,0,0,0,0,0,0,1
6103,0,0,0,0,0,0,0,0
6049,1,0,0,0,1,0,0,0
6050,1,1,0,0,1,0,0,0
6051,0,1,1,0,1,0,1,1
6052,1,1,1,0,0,0,0,0
6053,0,0,0,0,0,0,0,0
6054,1,1,0,0,0,0,0,0
6055,1,1,0,0,1,0,0,0
6056,0,1,0,0,0,0,0,0
6059,0,1,0,0,0,0,0,0
6061,0,1,0,0,0,0,0,0
6066,1,1,1,0,0,0,0,0
6067,0,1,0,0,0,1,0,0
6068,0,1,0,0,1,0,0,0
6070,1,0,1,0,0,0,0,1
6071,1,1,0,1,1,1,1,0
6072,1,1,1,1,0,0,0,1
6075,0,1,0,0,0,0,0,0
6076,1,1,0,0,1,0,1,0
6077,0,0,0,0,0,0,0,0
6079,0,1,1,0,0,0,0,1
6080,1,1,0,0,0,0,0,1
6081,0,1,1,0,0,0,0,0
6082,0,1,1,1,1,0,0,1
6083,0,1,1,0,0,0,0,0
6084,1,1,0,0,0,0,0,0
6085,0,1,0,1,1,0,0,1
6087,1,1,1,0,0,0,0,0
6088,0,0,1,0,0,0,0,1
6089,0,1,1,1,1,0,0,0
6090,1,0,0,0,0,0,0,0
6092,1,1,1,1,0,0,0,1
6095,1,1,1,0,1,0,0,1
6097,1,1,1,0,0,0,0,0
6105,1,1,0,0,0,0,0,0
6106,1,1,0,1,0,0,0,0
6108,1,1,0,0,0,0,1,0
6110,1,0,0,0,1,0,0,0
6116,0,1,1,0,1,0,0,1
6118,1,1,1,0,0,0,0,1
6120,0,0,0,0,0,0,0,0
6121,0,1,0,0,0,0,0,0
6123,0,0,0,0,0,0,0,0
6125,1,1,0,0,1,1,1,0
6129,0,1,0,0,0,0,1,0
6132,1,1,0,0,0,0,0,0
6133,0,1,0,1,0,0,0,0
6134,0,0,0,0,0,0,0,0
6139,0,1,1,0,0,0,0,1
6140,0,1,0,0,0,0,0,0
6146,0,0,0,0,0,0,0,1
6148,1,1,0,0,0,0,0,0
6149,1,1,1,1,0,0,0,0
6151,1,1,1,1,0,0,0,1
6153,0,0,1,0,0,0,0,0
6152,1,1,0,0,0,0,0,0
6154,0,0,0,0,0,0,0,0
6155,0,1,0,1,0,0,0,0
6156,0,0,0,0,0,0,0,0
6157,1,1,1,0,1,0,0,1
6158,1,1,1,1,0,0,0,1
6160,1,1,0,0,0,0,0,0
6162,0,0,1,0,0,0,0,0
6163,0,0,0,0,0,0,0,0
6165,1,1,0,0,0,0,0,0
6167,0,0,0,0,0,0,0,1
6169,0,0,0,0,0,0,0,0
6171,1,1,0,0,0,0,0,0
6172,0,0,1,0,0,0,0,1
6174,0,1,0,1,0,0,0,0
6175,1,1,0,0,0,0,0,0
6177,1,1,0,0,0,0,0,1
6178,1,1,1,1,0,0,0,1
6180,1,1,1,0,0,0,0,0
6181,0,1,0,0,0,0,0,0
6182,1,1,1,0,0,0,0,0
6184,0,1,0,1,0,0,0,0
6185,0,1,0,0,0,0,0,0
6186,1,1,0,0,1,0,0,1
6189,0,0,0,0,0,0,0,0
6191,1,1,0,1,0,0,0,0
6193,1,1,1,1,0,0,0,0
6195,1,1,0,1,1,0,0,0
6196,0,0,0,0,0,0,0,1
6197,0,0,0,0,0,0,0,1
6198,0,0,0,0,0,0,0,1
6200,0,0,1,1,0,0,0,0
6202,1,1,1,0,0,0,0,0
6204,1,1,1,0,0,0,0,0
6205,1,1,1,1,0,0,0,0
6207,1,1,1,1,0,0,0,0
6209,1,1,0,0,0,0,0,1
6210,0,1,0,1,0,0,0,0
6212,0,1,0,0,0,0,0,0
6231,0,0,0,0,0,0,0,1
6214,1,1,1,1,1,0,0,1
6218,1,1,1,1,0,0,0,0
6221,1,1,0,0,1,0,0,0
6222,1,1,1,1,0,0,0,0
6223,1,1,0,1,0,0,0,1
6225,1,1,1,1,0,0,0,0
6228,1,1,1,1,0,0,0,0
6229,1,1,1,1,0,0,0,0
6232,0,1,1,0,0,0,0,0
6234,1,1,1,1,1,0,0,1
6235,0,1,1,0,0,0,0,0
6236,0,1,1,0,0,0,0,0
6238,1,1,1,0,0,0,0,0
6239,0,0,0,0,0,0,0,0
6240,1,1,0,1,0,0,0,1
6241,0,1,1,0,0,0,0,0
6243,1,1,0,1,1,0,0,1
6244,1,1,1,0,1,0,0,0
6246,1,1,0,0,0,0,0,0
6247,1,1,0,1,1,0,0,1
6248,1,1,0,0,0,0,0,1
6249,0,0,0,0,0,0,0,0
6250,1,1,1,0,0,0,0,0
6253,0,1,0,0,0,0,0,0
6254,1,1,0,0,0,0,0,0
6256,0,0,0,0,0,0,0,0
6257,1,1,1,1,1,0,1,1
6258,1,1,0,0,1,0,0,1
6259,1,1,1,1,0,0,0,0
6263,0,0,0,0,0,0,0,1
6265,0,0,0,0,0,0,0,0
6266,0,1,1,0,0,0,0,1
6268,0,0,0,0,0,0,0,0
6269,0,1,0,0,0,0,0,0
6271,1,1,1,1,1,0,0,1
6272,1,1,0,0,0,0,0,0
6275,0,0,0,0,0,0,0,1
6273,1,0,1,0,0,0,0,1
6274,1,1,1,0,0,0,0,0
6276,0,1,0,0,0,0,0,0
6278,1,1,1,0,1,0,0,1
6316,0,0,0,0,0,0,0,0
6281,0,1,0,0,0,0,0,1
6286,1,1,0,0,0,0,0,0
6288,1,1,1,1,0,0,0,1
6289,0,1,1,0,0,0,0,1
6291,1,1,1,1,0,0,0,1
6292,0,0,0,0,0,0,0,0
6293,0,1,0,0,0,0,0,0
6294,1,1,1,0,0,0,0,0
6295,1,1,1,0,0,0,0,1
6296,0,0,0,0,0,0,0,0
6299,1,1,1,1,0,0,0,1
6300,0,1,0,0,0,0,0,0
6302,0,1,0,0,0,0,0,0
6303,0,1,1,0,0,0,0,0
6304,1,1,0,1,0,0,0,0
6306,1,1,1,1,1,0,0,0
6310,0,1,1,0,0,0,0,0
6312,0,1,0,0,0,0,0,0
6314,1,1,0,1,1,0,0,0
6317,0,1,1,0,1,1,1,0
6318,1,1,1,0,0,0,0,0
6320,0,0,0,0,0,0,0,1
6321,0,1,1,0,0,0,0,0
6322,1,1,0,0,0,0,0,0
6324,0,1,0,1,0,0,0,0
6325,0,0,0,0,0,0,0,1
6326,0,0,0,0,0,0,0,0
6327,1,1,0,0,0,1,0,1
6330,0,1,0,0,0,0,0,0
6331,1,1,1,0,0,0,0,1
6332,0,0,0,0,0,0,0,0
6333,1,1,1,1,1,0,0,1
6334,1,1,1,1,0,0,0,1
6338,0,1,0,0,1,0,0,0
6340,0,0,0,0,0,0,0,1
6342,0,1,0,0,0,0,0,0
6344,0,0,0,0,0,0,0,0
6345,0,0,0,0,0,0,0,1
6347,0,1,1,0,0,0,0,0
6348,0,0,0,0,0,0,0,0
6349,1,1,1,1,0,0,0,0
6350,1,1,0,1,1,0,0,1
6351,0,0,0,0,0,0,0,0
6352,0,0,0,0,0,0,0,0
6357,1,1,0,0,0,0,0,1
6373,0,0,0,0,0,0,0,1
6392,0,0,0,0,0,0,0,0
6359,0,1,0,0,1,0,0,0
6361,0,0,0,0,0,0,0,1
6362,1,1,0,0,0,0,0,0
6363,1,1,0,1,0,0,0,0
6364,0,1,0,0,0,0,0,1
6367,0,0,1,0,0,0,0,0
6368,1,1,1,1,0,0,0,1
6370,1,1,1,1,0,0,0,0
6371,0,0,0,0,0,0,0,0
6372,1,1,1,0,1,0,0,0
6376,1,1,1,1,0,0,0,0
6377,1,1,0,1,0,0,0,0
6379,0,0,0,0,0,0,0,0
6380,1,1,1,1,0,0,0,1
6385,0,0,0,0,0,0,0,0
6387,1,1,1,0,0,0,0,0
6388,0,1,0,0,0,0,0,0
6389,1,1,1,0,0,0,0,1
6390,1,1,0,1,1,0,0,1
6391,0,0,0,0,0,0,0,1
6393,0,1,1,1,1,0,0,0
6394,0,0,0,0,0,0,0,0
6397,0,0,0,0,0,0,0,0
6395,0,1,1,0,0,0,1,0
6396,1,1,0,0,0,0,0,0
6398,0,1,1,1,1,0,0,0
6400,0,0,0,0,0,0,0,1
6403,0,1,1,1,1,0,0,0
6405,0,0,0,0,0,0,0,1
6406,0,0,1,0,0,0,0,0
6407,1,1,1,1,1,0,0,0
6408,0,0,0,0,0,0,0,0
6409,0,0,0,0,0,0,0,0
6411,0,1,0,0,0,0,0,0
6412,0,0,0,0,0,0,0,0
6415,0,0,0,0,0,0,0,0
6416,0,0,0,0,0,0,0,0
6419,1,1,0,0,0,0,0,0
6420,1,1,0,0,0,0,0,0
6425,0,1,0,0,0,0,0,0
6426,1,1,0,0,0,0,0,0
6428,0,1,0,0,0,0,0,0
6429,1,1,1,0,0,1,0,0
6430,0,0,0,0,0,0,0,1
6432,0,1,1,1,0,0,0,0
6434,0,1,1,0,0,0,0,0
6436,1,1,0,1,0,0,0,0
6443,0,0,0,0,0,0,0,1
6440,1,1,1,0,1,1,0,1
6441,0,1,1,0,1,0,0,1
6444,1,1,0,0,0,0,0,0
6448,1,1,0,1,1,0,1,0
6449,1,1,1,0,0,0,0,0
6450,1,1,1,0,1,0,1,1
6452,1,0,1,0,0,0,0,0
6453,0,1,1,0,0,0,0,0
6455,1,1,0,0,0,1,0,0
6456,0,1,1,0,0,0,0,0
6457,0,0,0,0,0,0,0,0
6458,1,1,1,1,0,0,0,0
6459,1,1,0,0,0,0,0,0
6460,1,1,1,0,1,0,0,0
6463,0,1,1,0,0,0,1,0
6464,1,1,1,1,0,0,0,0
6465,1,1,1,1,0,0,0,1
6466,0,1,0,0,0,0,0,0
6468,0,1,0,0,0,0,0,0
6470,0,0,0,0,0,0,0,0
6475,0,0,0,0,0,0,0,0
6474,0,0,0,0,0,0,0,0
6477,0,0,0,0,0,0,0,0
6480,0,1,1,0,0,0,0,0
6482,0,1,1,1,0,0,0,0
6484,0,1,0,0,0,0,0,0
6485,0,1,0,0,0,0,0,0
6486,0,1,0,0,0,0,0,0
6488,1,1,1,0,0,0,0,0
6489,0,0,0,0,0,0,0,1
6491,1,1,0,0,0,0,0,0
6492,1,1,0,1,1,0,0,0
6493,1,1,1,0,1,1,1,0
6494,1,1,0,1,0,0,0,1
6496,0,0,0,0,0,0,0,1
6495,1,1,0,1,1,0,0,1
6497,1,1,0,0,0,0,0,0
6498,1,1,0,0,0,0,0,0
6499,0,1,0,0,0,0,0,0
6501,0,0,0,0,0,0,0,0
6502,0,1,0,1,1,0,0,0
6503,1,1,0,0,1,0,0,0
6507,0,1,0,1,0,0,0,0
6508,1,1,1,1,0,0,0,0
6510,1,1,1,0,0,0,0,0
6511,0,1,0,1,0,0,0,0
6513,1,1,1,0,0,0,0,1
6514,0,1,1,1,1,0,0,1
6515,1,1,1,0,0,1,0,0
6516,0,1,1,0,1,0,0,0
6517,0,0,0,0,0,0,0,1
6518,0,1,1,1,0,0,0,1
6520,0,1,1,0,0,0,0,1
6521,0,1,0,0,0,0,0,0
6522,0,0,1,0,0,0,0,0
6523,0,1,0,0,0,0,0,1
6524,0,1,0,0,0,0,0,0
6526,0,0,0,0,0,0,0,0
6529,1,1,1,1,0,0,0,1
6530,0,1,0,0,0,0,0,1
6531,0,1,1,0,0,0,0,0
6532,1,1,1,1,0,0,0,1
6533,0,1,0,1,0,0,0,0
6535,1,1,1,0,1,0,0,0
6541,0,0,0,0,0,0,0,1
6544,1,1,0,0,0,0,0,0
6545,0,0,0,0,0,0,0,0
6547,1,1,1,0,0,0,0,0
6548,0,1,0,0,0,0,0,0
6550,1,1,1,0,0,0,0,0
6551,1,1,1,0,1,0,1,0
6557,0,1,0,0,1,0,0,0
6558,0,0,0,0,0,0,0,0
6559,0,0,0,0,0,0,0,1
6560,1,1,1,0,0,0,0,0
6562,0,1,0,1,0,0,0,1
6564,0,1,1,0,1,0,0,0
6565,0,1,1,1,1,0,0,0
6566,1,1,0,0,0,0,0,0
6571,1,1,0,0,0,0,1,1
6572,0,0,1,0,0,0,1,1
6575,1,1,0,0,0,0,0,0
6576,0,1,0,0,0,0,0,1
6577,0,0,0,0,0,0,0,0
6578,1,1,0,1,1,0,1,0
6579,0,0,0,0,0,0,0,0
6580,1,1,1,0,0,0,0,0
6584,0,0,0,0,0,0,0,1
6585,0,0,0,0,0,0,0,0
6590,0,1,1,1,0,0,0,0
6592,1,1,0,1,1,0,0,1
6593,1,1,0,1,1,0,1,1
6595,0,0,0,0,0,0,0,0
6601,1,1,1,0,0,0,0,0
6602,1,1,1,0,0,0,0,0
6604,0,1,1,0,0,0,0,0
6605,1,1,1,0,0,1,0,0
6606,1,1,0,0,0,0,0,1
6607,0,0,0,0,0,0,0,1
6609,0,1,0,0,0,0,0,0
6612,0,0,0,0,0,0,0,0
6614,1,1,0,0,1,0,0,0
6616,1,1,0,0,0,0,0,0
6617,1,1,1,1,0,0,0,0
6618,1,1,1,1,0,0,0,0
6619,1,1,1,1,0,0,0,0
6620,0,1,1,0,0,0,0,1
6627,1,1,1,1,0,0,0,1
6628,0,1,0,0,0,0,0,0
6630,1,1,1,0,0,0,0,0
6632,1,1,1,1,0,0,0,0
6633,1,0,1,0,0,0,0,0
6634,1,1,1,1,0,0,0,1
6635,0,1,1,0,0,0,0,0
6636,1,1,0,0,1,0,0,1
6637,1,1,1,1,0,0,0,1
6639,1,1,1,1,1,0,0,1
6640,1,1,1,1,0,0,0,0
6641,1,1,1,0,0,0,0,0
6642,1,1,1,1,0,0,1,1
6644,1,1,0,0,0,0,0,0
6645,0,0,1,0,0,0,0,0
6647,0,1,0,0,0,0,0,0
6650,0,1,0,1,0,0,0,0
6660,0,1,0,0,1,0,0,0
6661,1,1,1,0,0,0,0,0
6662,1,1,1,0,0,0,0,1
6663,1,1,0,0,0,0,0,0
6664,1,1,0,1,0,0,0,0
6666,0,0,0,0,0,0,0,0
6665,0,1,0,0,0,0,0,0
6667,1,1,1,1,0,0,0,0
6669,0,0,0,0,0,0,0,0
6668,1,1,0,1,0,0,0,0
6674,1,1,1,0,0,0,0,0
6675,0,0,0,0,0,0,0,0
6677,1,1,1,0,0,0,0,0
6679,1,1,1,1,0,0,0,0
6680,1,1,1,1,1,0,0,1
6682,1,1,1,1,0,0,0,1
6700,1,1,1,1,0,0,0,0
6702,0,0,0,0,0,0,0,0
6706,0,0,1,0,0,0,0,1
6687,1,1,1,1,0,0,0,0
6691,1,1,1,1,0,0,0,1
6692,1,1,1,0,0,0,0,0
6697,0,1,1,0,0,0,0,0
6698,1,1,0,0,0,0,0,1
6699,1,1,1,1,0,0,0,0
6701,1,1,1,1,0,0,0,0
6705,0,1,1,1,0,0,0,0
6707,0,0,0,0,0,0,0,1
6724,0,0,0,0,0,0,0,0
6733,0,0,1,0,0,0,0,0
6736,0,0,1,0,0,0,0,1
6739,0,0,0,0,0,0,0,1
6738,0,0,0,0,0,0,0,0
6745,0,0,0,0,0,0,0,0
6749,0,0,0,0,0,0,0,1
6805,0,1,1,0,0,0,0,1
6887,0,0,1,0,0,0,0,0
7042,0,0,0,0,0,0,0,1
7090,0,1,1,0,1,0,0,0
7097,0,0,0,0,0,0,0,0
7122,0,0,0,0,0,0,0,1
7119,0,0,0,0,0,0,0,1
7124,0,0,0,0,0,0,0,0
7134,0,0,0,0,0,0,0,1
7169,0,0,1,0,0,0,0,1
7176,0,0,0,0,0,0,0,1
7183,0,0,0,0,0,0,0,0
7196,0,0,0,0,0,0,0,1
7213,0,0,0,0,0,0,0,0
7218,0,0,0,0,0,0,0,0
6708,1,1,0,0,1,0,0,0
6710,1,1,1,1,0,0,0,1
6711,0,1,1,0,0,0,0,0
6712,1,1,1,0,0,0,0,0
6713,0,1,1,1,1,0,0,0
6717,1,1,0,0,0,0,0,0
6718,0,0,0,0,0,0,0,0
6719,0,1,1,0,0,0,0,1
6720,0,0,0,0,0,0,0,0
6722,1,1,0,0,0,0,0,0
6723,1,1,0,0,0,0,0,0
6725,1,1,1,1,0,0,0,1
6727,1,1,1,1,0,0,0,0
6729,1,1,0,0,0,0,0,0
6730,0,1,1,1,1,0,0,0
6732,1,1,1,0,0,0,0,0
6734,1,1,0,0,0,1,0,0
6741,0,1,1,0,0,0,0,1
6746,1,1,1,1,0,0,0,0
6748,1,1,0,1,0,0,0,1
6750,0,1,1,1,1,0,0,1
6751,0,1,0,0,0,0,0,0
6754,0,1,0,1,0,0,0,0
6756,1,1,0,0,0,0,0,1
6757,1,1,0,0,1,0,0,1
6759,0,1,0,0,0,1,0,1
6762,0,1,0,0,0,0,0,0
6768,1,1,0,0,0,0,0,0
6769,0,0,0,0,0,0,0,0
6772,1,1,1,0,0,0,0,0
6773,1,1,1,1,0,0,0,0
6774,0,1,0,0,0,0,0,0
6775,1,1,1,1,1,0,0,1
6776,0,1,0,0,1,0,0,0
6780,1,1,0,0,0,0,0,1
6781,0,1,1,1,0,0,0,0
6783,1,1,0,0,0,0,0,1
6784,1,1,0,0,1,0,0,0
6785,1,1,0,0,0,0,0,0
6787,1,1,0,0,0,0,1,1
6788,1,1,0,0,0,0,0,0
6790,0,1,1,0,0,1,0,0
6791,0,0,0,0,0,0,0,1
6792,1,1,1,0,0,0,0,0
6797,1,1,1,0,0,0,0,0
6798,1,1,1,0,0,0,0,0
6799,1,1,0,0,0,0,0,0
6802,1,1,0,0,0,0,0,0
6807,0,1,0,0,1,0,0,0
6808,1,1,0,0,1,0,1,0
6809,0,1,0,0,0,0,0,1
6812,0,1,0,0,0,0,0,0
6813,1,1,1,1,0,0,0,0
6814,0,1,0,0,0,0,0,0
6817,1,1,0,0,1,0,0,0
6818,0,1,0,0,0,0,0,0
6821,1,1,1,1,1,0,0,1
6823,1,1,0,0,0,0,0,0
6839,0,0,0,0,0,0,0,0
6860,0,0,0,0,0,0,0,0
6833,0,1,0,0,0,0,0,0
6834,0,1,0,0,1,0,0,0
6836,1,1,1,0,1,0,1,1
6837,1,1,0,0,1,0,0,0
6840,0,0,0,0,0,0,0,0
6841,0,1,0,0,0,0,0,0
6844,1,1,0,1,1,0,0,1
6845,1,1,0,0,0,0,0,0
6846,0,1,0,0,0,0,0,0
6848,1,1,0,0,1,0,0,0
6851,0,0,0,0,0,0,0,1
6856,1,1,1,1,1,0,0,1
6858,0,1,0,0,0,0,0,0
6859,0,1,0,0,0,0,0,0
6861,1,1,1,0,0,0,0,0
6862,1,1,1,0,1,0,0,0
6863,0,0,0,0,0,0,0,0
6866,0,0,0,0,0,0,0,0
6868,0,0,0,0,0,0,0,1
6869,0,1,0,0,0,0,0,0
6870,1,1,1,0,1,0,0,1
6871,0,1,1,1,0,0,0,0
6872,0,1,0,0,1,0,0,0
6873,0,1,0,0,0,0,0,0
6874,1,1,1,1,0,0,0,0
6875,1,1,1,0,0,1,0,0
6876,0,0,0,0,0,0,0,0
6878,1,1,1,1,1,0,0,1
6879,0,0,0,0,0,0,0,0
6880,0,1,0,0,0,0,0,1
6881,1,1,0,1,0,0,0,0
6883,1,1,0,1,1,0,0,0
6885,1,1,1,1,0,0,0,0
6886,1,1,1,0,0,0,0,0
6889,1,1,1,0,0,0,0,1
6890,1,1,0,0,0,0,0,1
6891,0,0,0,0,0,0,0,0
6893,0,1,1,0,0,0,0,0
6894,0,1,1,0,0,0,0,1
6896,1,1,1,0,0,0,0,1
6904,1,0,1,1,0,0,0,1
6906,1,1,0,0,0,0,0,1
6907,0,1,0,0,0,0,0,0
6908,0,1,1,0,0,0,0,1
6910,0,1,0,1,0,0,0,0
6912,1,1,1,0,0,0,0,0
6915,1,1,1,1,0,0,0,0
6916,1,1,0,0,1,0,0,0
6918,0,0,0,0,0,0,0,0
6919,0,1,0,0,0,0,0,1
6920,0,1,0,0,0,0,0,0
6922,1,1,1,0,1,0,0,1
6923,1,1,1,0,1,0,0,1
6926,0,0,1,0,0,0,0,1
6927,0,0,0,0,0,0,0,0
6929,1,1,1,1,0,0,0,1
6932,0,1,0,0,0,0,0,0
6933,0,1,1,1,0,0,0,1
6935,1,1,1,0,0,0,0,1
6939,0,1,0,1,1,0,0,1
6940,0,1,0,0,0,0,0,0
6941,1,1,0,1,0,0,0,0
6942,1,1,0,0,0,0,0,0
6944,0,1,1,0,0,0,0,1
6945,0,1,1,0,0,0,0,0
6951,1,1,0,0,0,0,0,0
6952,1,1,1,1,0,0,0,0
6953,1,1,0,1,1,0,1,0
6954,1,1,1,0,0,0,0,0
6957,0,1,0,0,1,0,0,1
6959,1,1,0,0,1,0,0,1
6963,1,0,0,0,0,0,0,1
6965,0,1,0,0,0,0,0,0
6967,1,1,1,0,0,0,0,1
6968,0,1,0,0,0,0,0,0
6971,1,1,1,1,0,0,0,1
6974,0,0,1,0,0,0,0,1
6972,0,0,1,0,0,0,0,0
6976,1,1,1,1,0,0,0,0
6979,1,1,0,0,0,0,0,0
7004,0,0,0,0,0,0,0,1
6983,1,1,1,1,0,0,0,0
6986,1,1,0,0,0,0,0,0
6987,0,1,0,1,1,0,0,0
6991,1,1,1,1,0,0,0,0
6992,1,1,1,0,0,0,0,1
6995,0,1,0,0,1,0,0,1
6996,1,1,1,0,0,0,0,0
6997,0,1,1,1,0,0,0,0
6999,1,1,1,1,0,0,0,1
7005,0,1,0,0,0,0,0,0
7007,0,1,0,0,0,0,0,0
7008,0,0,0,0,0,0,0,0
7011,1,1,1,0,0,0,0,0
7012,0,1,0,0,0,0,1,0
7013,0,1,0,0,0,0,0,0
7014,0,1,0,0,0,0,0,0
7015,1,0,0,0,0,0,0,0
7020,0,1,1,0,0,0,0,0
7022,0,1,1,0,0,0,0,0
7023,1,1,1,0,1,0,0,1
7024,1,1,1,1,0,0,0,0
7025,1,1,1,0,0,0,0,1
7026,1,1,0,0,0,0,0,1
7029,0,1,1,0,0,0,0,0
7031,1,1,1,1,0,0,0,1
7032,0,1,1,1,0,0,0,0
7034,0,1,0,1,1,0,0,0
7039,0,0,1,0,0,0,0,0
7041,1,0,1,0,0,0,0,0
7043,0,1,0,0,0,0,0,0
7047,1,1,0,1,0,0,0,0
7049,1,1,1,0,1,1,1,0
7050,0,1,0,0,0,0,0,0
7052,0,1,1,0,0,0,0,1
7057,0,1,0,0,0,0,0,0
7058,1,0,1,0,0,0,0,0
7059,0,0,0,0,0,0,0,0
7060,1,1,1,0,0,0,0,0
7063,1,1,1,0,0,0,0,0
7064,1,1,0,0,0,0,0,0
7066,0,1,1,1,1,0,0,0
7067,1,1,0,0,0,0,0,1
7068,1,1,1,1,0,0,0,1
7069,1,1,1,0,1,0,0,0
7071,1,1,1,0,0,0,0,0
7072,0,1,1,0,1,0,0,1
7073,0,0,0,0,0,0,0,0
7074,1,1,1,1,1,0,0,1
7076,1,1,0,1,0,0,0,0
7078,1,1,1,0,1,0,0,0
7085,1,1,0,1,0,0,0,0
7087,0,1,0,0,0,0,0,0
7088,0,1,0,1,0,0,0,0
7093,0,1,0,0,0,0,0,0
7094,1,1,1,0,1,0,0,0
7096,1,1,1,0,0,0,0,0
7099,1,1,1,1,0,0,0,1
7105,1,1,0,0,0,0,0,1
7106,0,1,1,0,0,0,0,0
7107,1,1,0,1,1,0,1,0
7109,1,1,1,0,1,1,0,0
7110,0,1,0,0,0,0,0,0
7111,1,0,1,0,0,0,0,1
7112,1,1,0,0,0,1,0,1
7114,1,1,0,1,0,0,0,0
7115,0,1,0,0,0,0,0,0
7116,1,1,1,1,0,0,0,1
7117,0,1,0,1,0,0,0,0
7120,0,0,0,0,0,0,0,1
7121,1,1,1,1,0,0,0,0
7125,1,1,0,0,0,0,0,1
7126,1,1,0,0,0,1,0,0
7127,0,0,0,0,1,0,0,0
7128,1,1,1,0,0,0,0,0
7129,0,1,0,1,0,0,0,0
7131,0,1,0,1,0,0,0,0
7132,1,1,0,1,0,0,0,1
7133,0,1,0,1,1,0,0,0
7135,1,1,0,0,0,0,0,0
7136,0,1,0,0,0,0,0,0
7138,0,1,1,1,1,0,0,0
7139,1,1,0,0,0,0,0,0
7142,0,1,0,1,0,0,0,0
7143,1,1,1,1,0,0,0,1
7145,1,1,0,1,1,0,0,1
7147,1,1,1,1,0,0,0,1
7148,0,1,0,1,0,0,0,0
7149,0,0,1,0,0,0,0,1
7150,0,1,1,0,0,0,0,0
7151,1,1,1,1,0,0,0,0
7152,1,1,1,1,1,0,0,1
7156,0,0,0,0,0,0,0,1
7157,0,0,0,0,0,0,0,1
7158,0,1,1,1,1,0,0,0
7160,1,1,1,1,0,0,0,0
7161,0,1,0,0,0,0,0,1
7165,1,1,0,0,0,0,0,1
7166,1,1,1,1,1,1,0,0
7173,1,1,0,1,1,0,0,1
7175,1,1,0,1,0,0,0,0
7179,1,1,1,1,0,0,0,1
7180,1,1,1,0,0,0,0,0
7182,1,1,1,0,0,0,0,0
7185,1,1,1,1,0,0,0,0
7188,0,1,1,0,0,0,0,0
7189,0,0,0,0,0,0,0,0
7190,1,1,0,0,0,0,0,1
7192,0,0,0,0,0,0,0,0
7194,1,1,0,0,0,0,0,1
7195,1,1,1,1,1,0,0,0
7198,0,0,1,1,0,0,0,0
7203,0,0,0,0,0,0,0,1
7201,1,1,0,0,0,0,0,0
7204,0,0,0,0,0,0,0,0
7205,1,1,1,1,0,0,0,1
7206,1,1,1,0,0,0,0,0
7207,1,1,1,1,0,0,0,1
7208,0,0,0,0,1,0,0,0
7210,1,1,1,1,1,0,0,1
7215,0,1,0,0,0,0,0,0
7216,1,1,1,1,0,0,0,0
7219,1,1,0,0,0,0,0,0
7220,0,1,1,1,0,0,0,0
7221,1,1,0,0,0,0,0,0
7222,1,1,0,0,0,0,0,0
7225,1,1,0,0,0,0,0,0
7226,1,1,1,1,0,0,0,1
7227,1,1,1,1,0,0,0,0
7228,1,1,1,0,0,0,0,0
7230,1,1,0,0,1,0,0,0
7233,0,1,1,1,1,0,0,0
7235,0,0,1,0,0,0,0,0
7234,1,1,1,1,0,0,0,0
7236,0,0,0,0,0,0,0,0
7237,1,1,0,0,0,0,0,0
7242,0,0,0,0,0,0,0,0
7239,1,1,0,0,0,0,0,0
7240,1,1,1,0,0,0,0,1
7241,1,1,1,0,0,0,0,1
7243,1,1,0,0,0,0,0,0
7245,0,1,0,0,1,0,0,0
7246,0,1,0,1,1,0,0,1
7247,1,1,1,0,1,0,0,0
7248,1,1,0,0,0,0,0,0
7251,1,1,0,0,0,0,0,1
7252,1,1,1,1,1,0,0,1
7253,1,1,0,0,1,0,0,0
7254,0,0,0,0,0,0,0,0
7255,1,1,1,0,0,0,0,0
7256,1,1,1,0,1,0,0,0
7258,0,0,0,0,0,0,0,1
7263,1,1,1,0,0,0,0,0
7264,1,1,0,1,0,0,0,0
7269,0,0,1,0,0,0,0,1
7270,0,1,1,0,0,0,0,0
7273,0,0,0,0,0,0,0,0
7275,0,1,1,0,1,0,0,0
7277,1,1,0,0,0,0,0,0
7279,0,0,0,0,0,0,0,1
7282,1,1,0,0,0,1,0,0
7283,1,1,0,0,1,0,0,1
7285,1,1,0,0,0,0,0,0
7286,1,1,1,1,0,0,0,0
7287,1,0,0,0,1,0,0,1
7288,1,1,0,0,0,0,1,0
7290,1,1,1,0,0,0,0,0
7291,0,1,0,0,0,0,0,0
7292,0,0,0,0,0,0,0,0
7293,1,1,1,1,0,0,0,0
7294,1,1,1,0,0,0,0,0
7302,0,0,1,0,0,0,0,1
7304,0,0,0,0,0,0,0,0
7314,1,0,0,0,0,0,0,0
7295,0,1,1,0,0,0,1,0
7298,1,1,0,0,0,0,0,0
7299,1,1,0,0,1,0,0,1
7303,0,1,0,0,0,0,1,0
7305,0,1,0,0,0,0,0,0
7309,1,1,0,0,0,0,0,0
7311,1,1,0,0,1,0,0,0
7312,0,1,0,0,0,0,0,0
7317,0,1,1,1,1,0,0,0
7318,0,1,0,1,0,0,0,0
7320,0,0,0,0,0,0,0,0
7321,1,1,1,0,1,0,0,1
7322,1,1,0,0,0,0,0,1
7323,1,1,1,0,0,0,1,1
7326,0,1,0,0,0,0,0,0
7328,1,1,0,0,0,0,0,0
7329,1,1,1,0,1,0,0,1
7330,0,1,0,0,0,0,0,1
7331,0,0,0,0,0,0,0,0
7332,1,1,1,0,0,1,0,0
7335,0,1,0,0,0,0,1,0
7336,1,1,1,1,1,0,0,0
7338,0,1,0,0,0,0,0,0
7340,1,1,0,0,1,0,0,0
7341,1,1,1,1,1,1,0,1
7342,1,1,1,0,0,0,0,0
7347,1,1,1,1,1,0,0,0
7348,1,1,0,0,0,0,0,0
7350,0,0,0,0,0,0,0,1
7351,0,1,0,0,1,0,0,0
7352,1,1,1,1,0,1,0,0
7354,0,0,0,0,0,0,0,0
7355,1,1,1,0,0,0,0,0
7356,0,1,0,0,0,0,0,1
7357,0,1,0,0,0,0,0,0
7362,0,1,1,0,0,0,0,0
7363,0,0,1,0,0,0,0,0
7364,1,1,1,0,1,0,0,1
7365,1,1,0,1,1,1,0,0
7366,1,1,1,0,0,0,0,1
7369,1,1,1,0,0,0,0,0
7370,0,1,0,0,0,0,0,0
7371,0,0,0,0,0,0,0,0
7372,1,1,1,1,0,1,0,1
7375,0,1,0,0,0,0,0,0
7377,1,1,0,0,1,0,0,0
7378,1,1,1,0,0,0,0,0
7379,1,1,1,1,0,0,0,0
7380,1,1,1,1,0,0,0,1
7382,0,0,0,0,0,0,0,0
7381,0,1,0,1,0,0,0,0
7384,0,1,0,0,0,0,0,0
7386,0,1,0,0,0,0,0,0
7387,0,1,0,1,0,0,1,0
7389,0,1,0,0,1,0,0,0
7390,0,0,1,0,0,0,0,0
7391,1,1,0,1,1,0,1,0
7392,1,1,0,1,1,0,1,0
7393,1,1,1,0,0,0,0,1
7394,1,0,1,1,1,0,0,0
7396,1,1,1,0,0,1,0,1
7399,0,0,0,0,0,0,0,1
7398,1,1,0,0,0,1,0,0
7403,0,1,1,1,1,0,0,0
7405,1,1,0,0,0,0,0,0
7406,0,1,1,0,0,0,0,1
7407,0,1,1,0,1,1,1,0
7408,1,1,0,1,0,0,0,0
7410,0,0,1,0,0,0,0,0
7411,0,1,0,1,0,0,0,0
7412,1,1,0,0,0,0,0,0
7413,0,1,0,0,0,0,0,0
7414,0,0,0,1,0,0,0,1
7415,0,1,0,0,0,0,0,1
7416,0,1,0,0,0,0,0,0
7418,0,1,0,0,0,0,0,0
7419,0,1,0,0,0,0,0,0
7421,0,1,0,0,0,0,0,0
7422,1,1,0,0,0,0,0,0
7424,1,1,1,0,0,0,0,0
7425,1,1,0,0,1,1,0,0
7426,1,1,0,0,0,0,0,1
7427,1,1,1,1,0,0,0,0
7429,0,1,0,0,0,0,0,0
7433,0,0,0,0,0,0,0,0
7439,0,0,0,0,0,0,0,0
7431,1,1,0,0,0,0,1,1
7432,1,0,0,1,1,0,0,1
7435,0,1,1,1,1,0,0,0
7436,0,1,0,0,0,0,0,0
7440,0,1,0,0,0,0,0,0
7441,0,1,1,0,0,0,0,1
7443,1,1,0,0,0,0,0,0
7445,0,1,0,0,0,0,0,0
7446,0,1,0,0,0,0,0,0
7449,0,1,1,0,0,0,0,1
7450,1,1,0,1,0,0,0,1
7451,1,1,0,0,1,0,0,0
7454,0,1,0,0,0,0,0,0
7456,1,1,0,0,0,0,0,0
7457,1,1,0,0,0,0,0,0
7459,0,0,0,0,0,0,0,0
7461,1,1,0,1,1,0,0,1
7462,1,1,1,1,1,0,0,1
7465,1,1,0,1,1,0,0,0
7466,1,1,1,1,1,0,0,1
7467,0,0,0,0,0,0,0,0
7468,1,1,1,1,0,0,0,1
7469,1,1,0,0,0,0,1,0
7472,1,1,1,0,1,0,0,1
7473,0,1,0,0,0,0,0,0
7474,0,1,1,0,0,0,0,0
7477,1,1,1,0,0,0,0,0
7480,0,0,0,1,0,0,0,1
7481,0,1,1,0,0,0,0,0
7482,0,1,1,0,1,1,1,0
7487,1,0,0,1,0,0,0,1
7488,0,1,0,0,0,0,0,0
7490,1,1,1,0,0,0,1,1
7492,1,1,0,1,0,0,0,0
7493,1,1,0,0,1,0,0,0
7494,0,1,1,1,1,0,0,0
7496,0,1,0,0,0,0,0,0
7498,1,1,1,0,1,0,0,0
7499,1,0,1,0,0,0,0,0
7501,0,0,0,0,0,0,0,0
7502,0,1,0,0,0,0,0,0
7511,0,1,0,0,0,0,0,0
7514,1,1,0,1,0,0,0,0
7515,0,1,0,0,0,0,0,0
7516,0,1,0,0,0,0,0,0
7518,1,1,0,0,0,0,0,0
7519,1,1,1,1,0,0,0,0
7521,1,1,0,0,0,0,0,0
7522,0,1,1,0,0,0,0,0
7525,1,1,1,0,0,0,0,0
7528,0,0,0,0,0,0,0,0
7529,1,1,1,1,0,0,0,1
7531,0,0,0,0,0,0,0,1
7535,1,1,1,0,1,0,0,1
7537,1,1,0,0,0,0,0,0
7538,0,1,0,0,1,0,0,0
7539,1,1,0,0,0,0,0,0
7541,0,1,1,0,1,0,0,0
7542,1,1,0,0,0,0,0,0
7543,0,1,0,0,0,0,0,0
7544,1,1,1,0,0,0,0,0
7545,1,0,1,0,0,0,0,0
7548,0,0,0,0,0,0,0,0
7549,1,1,0,0,0,0,0,0
7550,0,1,0,0,0,0,0,0
7551,1,1,1,0,0,0,0,0
7552,1,1,1,1,0,0,0,1
7568,0,0,0,0,0,0,0,1
7571,0,0,1,0,0,0,0,0
7554,1,1,1,0,0,0,0,0
7556,0,0,0,0,0,0,0,0
7558,1,1,1,0,0,0,0,0
7560,1,1,0,0,0,0,0,0
7562,0,1,0,0,0,0,0,1
7565,0,0,0,0,0,0,0,0
7566,1,1,1,0,1,0,0,0
7567,0,1,1,0,0,0,0,1
7569,0,1,0,0,0,0,0,0
7570,1,1,1,0,0,0,0,0
7572,0,1,0,1,1,0,0,0
7576,0,0,0,0,0,0,0,0
7575,0,1,1,0,0,0,0,0
7578,1,1,0,1,0,0,0,1
7579,1,1,1,0,0,0,0,0
7580,1,1,0,0,1,1,1,1
7582,0,0,0,0,0,0,0,0
7584,0,1,1,0,1,0,0,0
7586,1,1,0,0,0,0,0,0
7589,1,1,1,0,0,0,0,0
7593,0,1,0,1,0,0,0,0
7594,0,1,1,0,0,0,0,0
7595,1,1,1,0,0,0,0,0
7597,1,1,0,0,0,0,0,0
7598,1,1,1,0,1,0,0,1
7599,0,0,1,0,0,0,0,1
7602,0,0,1,0,0,0,0,0
7603,0,1,0,0,0,0,0,0
7604,0,0,0,0,0,0,0,0
7607,1,1,1,1,1,0,0,1
7610,1,1,1,1,0,0,0,1
7611,1,1,0,0,1,0,0,1
7612,1,1,1,0,0,0,0,0
7613,1,1,1,1,0,0,0,0
7614,0,1,0,0,0,0,0,0
7615,0,0,0,0,0,0,0,1
7616,1,1,0,0,0,0,0,0
7617,1,1,0,0,0,0,0,1
7618,0,1,0,0,0,0,0,0
7620,0,0,0,0,0,0,0,0
7621,0,1,0,0,0,0,0,0
7622,1,1,0,0,1,0,0,1
7623,0,1,0,0,0,0,0,0
7625,1,1,1,1,0,0,0,1
7626,1,1,1,1,1,0,0,1
7628,0,1,1,0,1,0,0,1
7629,1,1,1,0,1,0,0,1
7632,0,0,0,0,1,0,0,0
7633,1,1,1,0,0,0,0,0
7634,1,1,0,0,0,0,0,0
7636,1,1,1,0,0,0,0,0
7637,1,1,1,1,0,0,0,0
7639,0,1,0,1,0,0,0,0
7640,1,1,0,0,0,0,0,0
7641,1,1,1,1,1,0,0,0
7642,1,1,0,1,0,0,0,0
7645,0,0,0,0,0,0,0,0
7646,1,1,1,0,0,0,0,0
7647,0,0,0,0,0,0,0,0
7649,1,0,0,0,0,0,0,0
7650,0,1,0,0,0,0,0,0
7651,0,1,1,1,1,0,0,0
7653,0,0,1,0,0,0,0,0
7654,1,1,1,1,0,0,0,1
7655,0,0,0,0,0,0,0,1
7657,0,1,0,0,0,0,0,1
7659,1,0,1,0,1,0,0,0
7660,0,0,0,0,0,0,0,1
7661,1,1,0,0,0,0,0,0
7662,1,1,1,0,0,0,0,1
7663,0,1,0,0,0,0,0,0
7664,1,0,0,0,1,0,0,1
7665,0,1,1,1,1,0,0,0
7666,0,1,0,1,0,0,0,0
7668,0,1,0,0,0,0,0,0
7669,1,1,0,0,1,0,0,0
7670,0,1,1,0,0,0,0,0
7672,1,1,1,0,0,0,0,1
7673,1,1,0,0,1,0,1,1
7675,1,1,1,0,0,0,0,0
7715,0,1,1,0,0,0,0,1
7679,1,1,0,0,1,0,0,0
7681,0,1,1,0,0,0,0,0
7682,0,1,0,0,0,0,0,0
7684,0,0,0,0,0,0,0,1
7685,1,1,0,1,1,0,0,1
7686,1,1,1,0,0,0,0,1
7687,1,1,0,0,0,0,0,0
7688,1,1,1,0,1,0,0,0
7689,1,1,0,0,0,0,0,0
7690,1,1,1,1,0,0,0,1
7692,0,1,1,0,1,0,0,1
7695,1,1,0,0,0,0,0,0
7696,1,1,1,0,0,0,0,0
7697,1,0,1,0,1,1,0,0
7699,1,0,1,0,0,1,1,0
7700,1,1,0,1,0,0,0,0
7701,1,1,1,1,1,0,0,0
7702,1,0,0,0,0,0,0,0
7703,1,1,1,0,1,0,0,1
7704,0,1,1,0,0,0,0,0
7705,0,1,1,0,0,0,0,1
7707,0,1,0,0,1,0,0,0
7708,1,1,0,0,0,0,0,0
7709,1,1,1,1,0,0,0,1
7711,1,1,0,0,1,0,0,1
7714,1,1,0,0,0,0,0,1
7717,1,1,1,0,0,0,0,0
7719,1,1,0,1,0,0,0,0
7720,1,1,1,0,1,0,0,1
7721,0,0,0,0,0,0,0,1
7723,1,1,1,1,1,1,0,1
7725,1,1,0,0,0,0,0,0
7726,0,1,0,0,0,0,0,0
7727,0,0,0,0,0,0,0,0
7728,1,1,0,0,0,0,0,1
7730,1,0,0,0,0,0,0,1
7733,1,1,1,1,0,0,0,1
7735,1,1,1,1,1,0,0,1
7740,1,1,1,0,0,0,0,0
7741,1,1,1,0,0,0,0,1
7744,0,1,0,0,0,0,0,0
7746,0,1,1,0,0,0,0,0
7747,1,1,0,1,0,0,0,0
7748,0,1,1,0,0,0,0,0
7752,1,1,0,0,0,0,0,0
7756,1,1,0,0,0,0,0,0
7757,0,0,0,0,0,0,0,0
7759,0,0,0,0,0,0,0,0
7760,0,0,0,0,0,0,0,0
7762,0,0,0,0,0,0,0,0
7763,0,1,0,1,0,0,0,0
7767,0,0,0,0,0,0,0,1
7770,0,0,0,0,0,0,0,0
7772,1,1,1,0,0,1,0,1
7773,0,0,0,0,1,0,0,0
7776,0,1,0,0,1,0,0,0
7778,1,1,0,0,0,0,0,0
7780,0,1,0,0,0,0,0,0
7782,0,1,0,0,0,0,0,0
7783,0,1,0,0,0,0,0,0
7784,1,1,0,1,0,0,0,0
7787,1,1,0,1,1,0,0,0
7788,0,1,0,0,0,0,0,0
7789,0,1,0,0,0,0,0,0
7790,0,0,0,0,0,0,0,0
7791,0,0,0,0,0,0,0,0
7793,0,1,0,0,0,0,0,1
7795,1,1,1,1,1,0,0,1
7801,0,0,0,0,0,0,0,0
7796,1,1,1,1,1,0,0,0
7797,1,1,0,0,0,0,0,0
7798,0,1,0,0,1,0,0,0
7799,1,1,0,0,1,0,1,0
7802,1,1,0,0,0,0,0,1
7804,0,0,1,0,0,0,0,0
7805,1,1,1,0,1,0,0,1
7806,1,1,1,0,1,0,1,1
7807,1,0,1,0,0,0,0,0
7820,0,0,0,0,0,0,0,1
7839,0,0,0,0,0,0,0,0
7811,1,1,0,0,0,0,0,0
7812,1,1,1,0,0,0,1,1
7813,0,1,0,0,0,0,1,0
7814,0,0,0,0,0,0,0,1
7815,1,1,0,0,0,0,0,1
7817,1,1,0,0,0,0,0,0
7818,1,0,0,1,1,0,0,1
7821,1,1,1,0,1,0,0,0
7822,0,1,0,0,1,0,0,0
7823,1,1,0,0,0,0,0,0
7824,1,1,1,1,1,0,0,1
7827,1,1,1,0,1,0,1,1
7828,0,0,0,0,0,0,0,1
7830,1,0,0,0,1,0,1,0
7831,0,1,0,0,0,0,0,0
7834,1,1,1,1,1,0,0,0
7835,0,0,0,0,0,0,0,0
7837,0,1,1,0,0,0,0,0
7838,0,1,0,0,0,0,0,0
7841,1,1,0,0,0,0,0,0
7844,0,0,0,0,0,0,0,0
7846,0,1,0,0,0,0,0,1
7850,1,1,0,0,1,0,0,0
7853,1,1,1,0,0,0,0,0
7855,0,1,1,0,0,0,0,0
7856,0,0,0,0,0,0,0,0
7857,0,0,0,0,0,0,0,0
7859,0,0,0,0,0,0,0,1
7861,0,1,0,0,0,0,0,0
7862,0,0,0,0,0,0,0,1
7864,1,1,0,0,1,0,0,0
7865,1,1,0,0,1,0,0,1
7867,0,1,1,0,0,0,0,0
7868,0,1,0,0,0,0,0,1
7869,1,1,1,0,0,0,0,0
7870,1,1,1,0,0,0,0,0
7872,0,0,1,0,0,0,0,1
7873,1,1,1,1,0,0,0,0
7874,0,1,0,1,1,0,0,0
7876,0,1,0,0,1,0,0,0
7877,1,1,1,0,1,0,0,1
7878,0,1,1,0,1,0,0,1
7880,1,1,1,0,0,0,0,0
7883,0,0,0,0,0,0,0,0
7884,1,1,1,1,0,0,0,1
7888,0,0,0,0,0,0,0,0
7891,1,1,1,1,1,0,0,1
7893,0,0,0,0,0,0,0,1
7892,0,1,1,0,0,0,0,0
7895,1,1,0,0,1,0,1,0
7896,0,1,0,0,1,0,1,0
7898,1,1,1,0,0,0,0,0
7906,0,0,0,0,0,0,0,1
7908,1,1,0,0,0,0,0,0
7909,0,1,0,0,0,0,0,0
7910,1,1,1,1,0,0,0,0
7912,0,1,0,0,0,0,0,0
7913,1,1,1,0,1,1,0,0
7914,1,1,1,0,0,0,0,0
7915,1,1,0,0,0,0,0,0
7916,0,1,1,0,0,0,0,0
7918,0,1,1,0,1,0,0,1
7919,1,1,1,1,1,0,0,1
7921,0,1,0,0,0,0,0,0
7923,1,1,0,1,1,0,0,0
7925,1,1,1,0,0,1,0,1
7926,1,1,0,0,0,0,0,0
7927,0,0,0,0,1,0,0,0
7928,1,1,0,0,1,1,0,0
7929,0,1,0,0,0,0,0,1
7930,1,1,1,0,0,0,0,0
7931,0,0,0,0,0,0,0,0
7932,1,1,0,0,0,0,0,0
7933,1,1,1,0,1,0,0,0
7935,0,1,0,0,1,0,0,0
7938,1,1,0,0,0,0,0,0
7941,0,0,0,0,0,0,0,0
7944,1,1,1,1,1,0,0,0
7945,1,1,1,0,0,1,0,1
7946,1,1,1,0,1,0,0,1
7947,1,1,1,0,0,0,0,0
7948,1,1,1,1,0,1,0,0
7949,0,1,1,0,0,0,0,0
7950,1,1,1,0,0,0,0,0
7952,1,1,1,0,0,0,1,0
7955,1,1,1,1,1,0,0,1
7956,0,0,0,0,1,0,0,0
7957,1,1,1,0,0,0,0,0
7961,1,1,0,0,0,0,0,1
7962,1,1,0,0,1,0,0,1
7963,0,0,0,0,0,0,0,0
7965,1,1,1,0,1,0,0,0
7966,1,0,0,0,0,0,0,0
7975,1,1,1,1,1,0,0,1
7978,1,0,1,0,0,0,0,0
7981,0,0,1,1,0,0,0,0
7983,1,1,0,0,0,0,0,1
7985,0,0,0,0,0,0,0,0
7986,1,1,1,0,0,0,0,1
7988,0,1,0,0,0,0,0,0
7989,0,1,1,0,0,0,0,0
7993,1,1,1,1,1,0,0,0
7996,0,1,0,0,0,0,0,0
7997,0,0,1,0,0,0,0,0
7999,1,1,1,1,0,0,0,0
8002,1,1,1,0,0,0,0,0
8005,0,0,0,0,0,0,0,1
8004,0,1,0,0,0,0,0,0
8006,0,1,0,0,0,0,0,0
8007,1,1,1,1,0,0,0,1
8008,1,1,1,1,0,0,0,1
8009,0,1,0,0,0,0,0,0
8010,1,1,0,0,0,0,0,0
8012,1,1,1,0,0,0,0,1
8013,0,1,0,0,0,0,0,0
8015,0,1,0,0,0,0,0,1
8017,1,1,0,1,0,1,0,0
8018,0,1,0,0,0,0,0,1
8019,1,1,1,1,0,0,0,1
8020,0,0,0,0,0,0,0,1
8021,1,1,0,1,1,0,0,0
8022,1,1,1,1,0,0,0,0
8023,1,0,1,0,0,0,0,0
8029,0,1,0,0,0,0,0,0
8031,1,1,1,0,0,0,0,0
8032,0,1,0,0,0,0,0,0
8034,1,1,0,0,0,0,0,0
8035,0,0,1,0,0,0,0,0
8054,0,0,0,0,0,0,0,0
8059,0,0,0,0,0,0,0,1
8036,1,1,1,0,0,0,0,0
8038,0,1,1,1,1,0,0,0
8039,0,0,0,0,0,0,0,1
8040,0,1,1,0,0,0,0,0
8041,1,1,1,0,0,0,0,0
8042,0,0,0,0,0,0,0,0
8044,1,1,0,1,0,0,0,1
8045,1,1,1,1,0,0,0,0
8046,1,1,1,1,0,0,0,1
8048,1,1,1,0,0,0,0,0
8055,1,1,1,0,0,0,0,0
8056,1,1,0,1,0,0,0,0
8057,1,1,0,0,0,0,0,0
8058,1,1,0,1,1,0,1,0
8060,0,1,0,0,0,0,0,0
8061,0,1,0,0,0,0,0,1
8062,1,1,1,0,0,0,0,0
8064,0,0,0,0,0,0,0,0
8067,0,0,0,0,0,0,0,0
8068,0,1,1,1,0,0,0,0
8069,1,1,1,0,1,0,0,1
8071,0,1,1,0,1,0,0,1
8072,1,1,0,0,0,1,0,0
8074,1,1,1,0,0,0,0,0
8075,1,1,1,0,1,0,0,0
8077,0,1,1,0,0,0,0,1
8083,0,1,0,0,0,0,0,0
8084,0,1,0,0,0,0,0,1
8087,0,0,1,0,0,0,0,1
8090,0,1,0,0,0,0,0,0
8095,1,1,1,1,0,0,0,1
8098,1,1,0,0,0,0,0,0
8102,1,1,0,1,1,0,0,0
8106,0,0,0,0,0,0,0,0
8107,0,1,0,0,0,0,0,0
8109,0,1,0,0,1,0,0,1
8110,0,0,0,0,0,0,0,0
8114,1,1,1,0,1,1,0,1
8115,1,1,1,0,0,0,0,0
8117,1,1,1,0,0,0,0,0
8122,0,1,1,0,0,0,0,0
8123,1,1,0,0,0,0,0,1
8125,0,0,0,0,0,0,0,1
8128,0,0,0,0,0,0,0,1
8129,1,1,1,0,0,0,0,0
8130,0,1,0,1,0,0,0,0
8132,1,1,0,0,0,0,0,1
8133,0,1,1,0,0,0,0,0
8134,1,1,1,1,1,0,0,1
8164,0,0,0,0,0,0,0,1
8138,0,1,1,0,0,0,0,0
8141,1,1,1,1,0,0,0,1
8142,1,1,1,1,1,0,0,0
8144,0,1,1,0,0,0,0,1
8146,1,1,0,0,0,0,0,0
8149,0,0,0,0,0,0,0,0
8150,1,1,0,0,0,0,0,0
8151,1,1,1,1,1,0,0,1
8152,0,0,0,0,0,0,0,0
8155,0,1,0,0,0,0,0,0
8156,0,1,0,0,0,0,0,0
8157,0,1,0,0,0,0,0,1
8160,0,1,0,0,0,0,1,0
8163,1,0,1,0,0,0,0,0
8169,1,1,1,0,0,0,0,0
8171,0,0,0,0,0,0,0,0
8175,1,1,0,0,0,0,0,0
8180,0,0,0,0,0,0,0,1
8187,1,1,1,0,0,1,0,0
8191,1,1,1,0,0,0,0,0
8192,0,1,0,0,0,0,0,0
8193,1,1,1,0,0,0,0,0
8194,1,1,1,1,0,0,0,0
8196,1,1,1,0,0,0,0,0
8199,1,1,0,0,0,0,0,0
8201,0,1,1,0,0,0,0,0
8203,0,1,0,0,1,0,0,0
8204,1,1,1,1,0,0,0,0
8206,0,1,1,0,0,0,0,0
8208,0,0,0,0,1,0,0,1
8209,1,1,1,1,0,0,0,0
8214,0,0,0,0,0,0,0,1
8210,1,1,1,1,1,0,0,0
8216,1,1,1,0,0,0,0,1
8217,0,1,0,0,0,0,0,1
8218,1,1,1,0,1,0,0,1
8221,1,1,0,0,0,0,0,0
8222,1,1,1,1,0,0,0,1
8224,0,0,0,0,0,0,0,0
8226,0,1,1,0,0,0,0,1
8227,1,1,0,0,1,0,0,0
8231,0,0,0,0,0,0,0,0
8228,0,1,0,0,0,0,0,0
8229,1,1,0,0,0,0,0,1
8234,0,0,0,0,0,0,0,0
8237,1,1,1,1,1,0,0,1
8238,1,1,0,0,1,0,0,1
8239,0,1,0,0,0,0,0,0
8243,1,1,0,0,0,0,0,0
8245,1,1,0,0,0,0,0,0
8248,0,1,1,0,0,0,0,0
8249,1,1,1,0,0,0,0,1
8250,0,1,0,0,0,0,0,0
8251,1,1,1,0,0,0,0,0
8254,0,1,1,1,1,0,0,0
8256,0,1,1,1,1,0,0,0
8257,1,1,0,0,0,1,0,0
8261,0,1,0,0,0,0,0,0
8262,1,1,0,0,0,0,0,0
8267,1,1,0,1,0,0,0,1
8273,1,1,0,0,1,0,0,1
8274,1,1,1,0,0,0,1,0
8276,1,1,1,1,1,0,0,0
8277,0,0,0,0,0,0,0,0
8278,0,0,0,0,0,0,0,0
8279,1,1,1,0,0,0,0,0
8280,1,1,1,0,0,0,0,0
8281,1,1,0,0,1,0,0,0
8282,0,1,1,0,1,0,0,1
8283,0,1,0,0,0,0,0,0
8285,0,1,1,0,1,0,0,1
8287,0,1,0,0,0,0,0,0
8288,1,1,0,1,1,0,1,1
8289,1,0,1,1,0,0,0,1
8290,1,1,1,1,1,0,0,0
8291,1,1,0,0,1,0,0,1
8294,1,1,1,1,0,0,0,1
8297,1,1,0,1,0,0,0,1
8300,0,1,0,0,1,0,0,1
8301,1,1,1,1,0,0,0,1
8302,0,0,0,0,0,0,0,0
8303,1,1,1,1,0,0,0,1
8304,0,1,0,0,0,0,0,0
8306,1,1,1,1,0,0,0,0
8309,0,0,0,0,0,0,0,1
8311,1,1,1,0,0,0,0,0
8312,1,1,0,1,0,0,0,0
8313,1,1,1,1,0,0,0,0
8314,1,1,0,0,0,0,0,0
8317,1,1,1,1,0,0,0,1
8318,1,1,0,0,0,0,0,0
8319,1,1,1,1,0,0,0,0
8320,0,1,1,1,0,0,0,0
8322,0,1,0,1,0,0,0,0
8323,0,0,0,0,0,0,0,0
8327,1,1,1,1,1,0,0,1
8328,1,1,1,1,1,0,0,1
8329,1,1,1,1,0,0,0,1
8337,0,0,0,0,0,0,0,0
8343,0,0,0,0,0,0,0,1
8332,0,1,1,0,0,0,0,0
8333,1,1,0,0,0,0,0,0
8334,1,1,1,1,1,0,0,1
8335,1,1,1,1,1,0,0,1
8336,1,1,1,1,0,0,0,0
8338,1,1,1,0,0,0,0,0
8339,1,1,0,0,0,0,0,0
8340,0,1,0,1,0,0,0,0
8342,1,1,0,0,0,0,0,0
8345,1,1,1,1,0,0,0,0
8351,0,0,0,0,0,0,0,0
8353,0,0,0,0,0,0,0,1
8356,0,0,0,0,0,0,0,1
8369,0,0,0,0,0,0,0,0
8535,0,0,0,0,0,0,0,1
8553,0,0,0,0,0,0,0,1
8555,0,1,1,0,0,0,0,0
8571,0,0,0,0,0,0,0,0
8694,0,0,0,0,0,0,0,0
8780,0,0,0,0,0,0,0,0
8786,0,0,0,0,0,0,0,0
8788,0,0,0,0,0,0,0,1
8790,0,0,0,0,0,0,0,1
8804,0,0,0,0,0,0,0,1
8807,0,0,0,0,0,0,0,0
8818,0,0,0,0,0,0,0,1
8821,0,0,0,0,0,0,0,1
8824,0,0,0,0,0,0,0,0
8819,0,0,1,0,0,0,0,0
8843,0,1,1,0,0,0,0,1
8854,0,0,0,0,0,0,0,0
8864,0,0,0,0,0,0,0,0
8867,0,0,0,0,0,0,0,0
8873,0,0,0,0,0,0,0,0
8912,0,0,0,0,0,0,0,1
8350,0,1,1,0,0,0,0,0
8355,0,0,0,0,0,0,0,0
8358,0,0,0,0,0,0,0,0
8359,1,1,0,0,0,0,0,0
8361,1,1,1,0,0,0,0,0
8362,1,1,1,1,0,0,0,1
8365,1,1,1,1,0,0,0,0
8367,1,1,0,0,0,0,0,0
8368,1,1,1,1,0,0,0,1
8370,1,1,0,0,0,0,0,0
8371,0,1,1,0,0,0,0,0
8372,1,1,1,0,0,0,0,0
8373,1,1,0,0,1,0,0,1
8374,0,1,1,0,1,0,0,1
8377,0,1,0,0,0,0,0,0
8378,1,1,0,0,0,0,0,1
8383,0,0,1,0,0,0,0,0
8381,0,1,0,0,0,0,0,0
8382,0,1,1,1,0,0,0,0
8384,1,1,0,1,0,0,0,0
8385,1,1,1,0,0,0,0,0
8387,0,1,1,0,0,0,0,0
8388,1,1,0,0,0,0,0,0
8391,0,1,0,0,0,1,1,0
8394,1,1,1,1,1,1,0,0
8395,1,1,1,1,0,0,0,1
8397,1,1,1,1,1,0,0,1
8401,1,1,1,0,0,0,0,1
8402,0,1,1,0,0,0,0,0
8403,1,1,1,1,1,0,0,1
8404,0,1,1,0,0,0,0,0
8405,1,1,1,1,0,0,0,1
8406,0,1,1,1,0,0,0,0
8410,1,1,0,1,0,0,0,0
8411,1,0,0,0,0,0,0,1
8447,0,0,0,0,0,0,0,0
8467,0,0,0,0,0,0,0,0
8412,1,1,0,1,1,0,0,1
8414,0,1,1,0,1,0,0,0
8416,0,1,1,0,0,0,0,0
8421,0,1,0,0,0,0,0,1
8422,0,1,0,0,0,0,0,0
8423,0,1,0,0,0,0,0,0
8427,1,1,1,0,0,0,1,0
8429,1,1,0,0,0,0,1,0
8431,0,1,0,0,1,0,0,0
8440,1,0,0,0,1,0,0,0
8442,0,1,1,1,0,0,0,0
8448,0,1,1,0,0,0,0,0
8450,1,1,1,0,0,0,0,0
8452,0,1,0,0,0,0,0,0
8453,1,1,1,1,1,0,0,1
8455,1,1,1,0,1,1,0,0
8456,1,1,1,0,0,0,0,0
8458,0,1,0,0,0,0,0,0
8459,1,1,0,0,0,0,0,0
8460,1,1,1,0,0,0,0,0
8463,1,1,1,0,1,0,0,0
8464,0,0,0,0,0,0,0,0
8466,0,1,0,0,0,0,0,1
8468,1,1,1,0,1,0,0,0
8469,0,1,0,0,0,1,0,1
8470,1,1,1,0,1,1,0,1
8471,1,1,1,1,0,0,0,0
8472,0,0,0,0,0,0,0,0
8473,1,1,1,0,0,0,0,1
8475,0,1,0,0,0,0,0,1
8477,0,1,0,0,0,0,0,0
8481,1,0,0,0,1,0,0,0
8482,0,1,0,0,0,0,0,1
8484,0,1,0,0,1,0,0,0
8485,0,1,1,1,0,0,0,0
8486,0,1,0,0,0,0,0,0
8488,0,1,0,0,0,0,0,0
8490,0,0,0,0,0,0,0,1
8491,1,1,0,1,0,0,0,1
8492,1,1,0,1,1,0,0,1
8494,1,1,0,1,0,0,0,1
8495,0,1,0,0,0,0,0,0
8496,0,1,0,0,0,0,0,0
8498,0,0,1,0,0,0,0,1
8499,1,1,0,0,1,0,0,1
8501,1,1,0,0,0,0,0,0
8502,0,1,0,0,0,0,0,0
8503,1,1,0,0,1,0,0,1
8506,0,0,0,0,0,0,0,0
8509,1,1,1,0,0,0,0,0
8510,1,1,0,1,0,0,0,0
8512,1,1,1,1,0,0,0,1
8517,0,1,0,0,0,0,0,0
8518,1,1,1,1,0,0,0,1
8519,1,0,1,0,0,0,0,0
8520,0,0,0,0,0,0,0,0
8521,0,0,0,0,0,0,0,0
8523,0,1,1,0,0,0,0,0
8525,1,0,0,0,1,0,0,1
8529,1,1,0,1,0,0,0,0
8530,1,1,0,0,0,0,0,0
8533,1,1,1,0,0,0,0,1
8536,0,1,0,0,0,0,0,0
8537,1,1,0,0,1,0,0,0
8539,1,1,0,0,0,0,0,0
8540,1,1,0,0,0,0,0,1
8542,1,1,0,0,0,0,0,0
8543,1,1,1,0,1,0,0,1
8545,1,1,1,0,0,0,0,0
8547,0,1,0,0,0,0,0,0
8548,1,1,1,1,1,0,0,1
8549,1,1,0,0,0,0,0,0
8550,1,0,1,0,0,0,0,0
8556,0,0,0,0,0,0,0,0
8558,0,1,0,0,0,0,0,0
8559,0,1,1,1,0,0,0,0
8560,1,1,1,0,0,0,1,1
8561,1,1,0,0,0,0,0,0
8562,1,1,0,0,0,0,0,0
8566,0,1,1,0,0,0,0,0
8567,1,1,1,1,0,0,0,0
8569,1,1,1,0,1,0,0,0
8573,1,0,0,0,0,0,0,1
8575,0,1,0,0,0,0,0,1
8576,1,1,1,0,1,1,1,0
8580,1,1,1,1,0,0,0,1
8581,0,0,0,0,0,0,0,1
8584,0,0,0,0,0,0,0,1
8582,0,0,0,0,0,0,0,1
8583,0,1,0,0,0,0,0,1
8585,0,1,1,0,0,0,0,1
8586,1,1,1,1,1,0,0,1
8588,0,1,1,1,1,0,0,0
8590,0,1,1,0,1,0,0,1
8591,0,1,1,0,0,0,0,0
8595,1,1,0,0,0,0,0,0
8596,1,1,0,0,0,0,0,1
8598,0,1,0,1,0,0,0,1
8599,1,1,0,0,1,0,1,1
8602,0,1,0,0,0,0,0,0
8603,1,1,0,0,0,0,0,1
8606,1,1,1,0,0,0,0,1
8612,0,1,0,0,0,0,0,1
8613,1,1,0,0,0,0,0,1
8614,1,1,0,1,0,0,0,0
8617,0,1,1,0,0,0,0,1
8619,1,1,1,0,0,0,0,1
8620,1,1,0,0,0,0,0,0
8621,1,1,0,1,1,1,1,0
8622,1,1,0,0,0,0,0,0
8624,1,1,1,1,0,0,0,0
8626,0,1,0,0,0,0,0,0
8628,1,0,1,0,0,0,0,1
8629,1,0,0,0,0,0,0,0
8631,1,1,0,0,0,0,0,1
8633,1,1,1,0,1,0,0,1
8634,1,1,1,0,0,0,0,0
8636,1,0,1,0,0,0,0,0
8638,0,1,0,0,1,0,0,1
8639,0,1,0,0,0,0,0,0
8640,1,1,1,0,0,0,0,0
8641,1,1,0,0,1,0,0,0
8642,0,1,0,1,1,0,0,0
8643,1,1,0,0,1,0,0,0
8646,1,1,0,0,0,0,0,1
8648,1,1,1,0,0,0,0,0
8649,0,1,0,0,0,0,0,0
8650,0,1,1,0,0,0,0,0
8655,1,0,0,0,0,0,0,0
8657,1,1,0,0,0,1,1,0
8659,0,0,1,0,0,0,0,1
8662,1,1,1,1,0,0,0,0
8663,0,1,1,1,0,0,0,0
8664,1,1,1,1,0,0,0,0
8665,0,0,0,0,0,0,0,1
8666,1,1,1,1,0,0,0,0
8669,0,1,0,0,0,0,0,0
8672,0,1,0,0,1,0,0,0
8673,0,0,0,0,0,0,0,1
8677,0,0,0,0,0,0,0,0
8680,0,1,1,0,1,0,0,1
8681,0,1,1,0,0,0,0,0
8683,1,1,0,0,0,1,0,0
8685,0,1,0,0,1,0,0,0
8687,1,1,1,0,0,0,0,0
8688,0,1,0,1,1,0,0,0
8689,1,1,0,1,0,0,0,0
8690,0,0,0,0,0,0,0,0
8695,0,1,0,0,0,0,0,0
8696,0,1,0,0,0,0,0,0
8697,0,1,1,0,1,0,0,1
8699,0,1,0,0,0,0,0,1
8700,1,1,1,1,0,0,0,1
8701,0,1,1,1,1,0,0,0
8703,0,1,1,0,0,0,0,0
8705,1,1,0,0,0,0,0,0
8706,1,1,1,0,1,0,0,1
8707,1,1,1,1,0,0,0,0
8709,0,1,0,0,0,0,0,0
8711,0,1,0,0,0,0,0,0
8712,0,1,0,0,0,0,0,0
8715,1,0,1,0,0,0,0,1
8716,0,1,1,0,0,0,0,0
8717,0,0,0,0,0,0,0,0
8718,0,0,0,0,0,0,0,0
8719,1,0,1,1,0,0,0,1
8722,1,1,1,0,1,0,0,1
8724,0,1,0,0,0,0,0,0
8726,0,1,1,0,0,0,0,0
8727,1,1,1,0,0,0,0,0
8728,1,1,0,1,1,0,0,1
8729,0,1,0,0,1,0,0,1
8730,1,1,1,0,0,0,0,0
8731,1,1,0,0,0,0,0,0
8732,1,1,0,0,0,0,0,1
8733,1,1,1,0,1,0,0,0
8734,0,1,0,1,0,0,0,0
8736,0,1,0,0,0,0,0,0
8737,0,1,0,0,0,0,0,0
8739,0,1,0,0,0,0,0,0
8741,1,1,0,1,0,0,0,0
8742,1,0,1,0,0,0,0,0
8743,0,1,0,0,0,0,0,1
8745,1,1,1,1,1,0,0,0
8746,1,1,1,0,1,0,0,0
8747,0,1,0,1,0,0,0,0
8748,1,1,1,0,0,0,0,0
8749,1,1,1,0,1,0,0,1
8750,1,1,1,1,0,0,0,1
8752,0,1,1,0,0,1,0,1
8753,1,1,1,0,1,0,0,1
8756,1,1,1,1,0,0,0,0
8758,0,0,0,0,0,0,0,0
8761,1,1,0,0,0,0,0,0
8762,0,1,0,0,0,0,0,0
8763,1,1,1,0,0,0,0,1
8764,0,1,0,0,0,0,0,1
8767,0,1,0,0,1,0,0,0
8772,1,1,0,1,1,1,0,0
8773,1,1,0,0,0,0,0,0
8774,1,1,1,1,0,0,0,0
8775,1,1,1,1,0,0,0,1
8777,0,1,0,1,1,0,0,0
8778,1,1,1,1,0,0,0,1
8779,1,1,1,1,0,0,0,1
8781,1,1,1,1,0,0,0,1
8783,1,1,1,0,0,0,0,0
8791,0,1,1,0,0,0,0,0
8794,0,0,0,0,0,0,0,1
8797,0,0,0,0,0,0,0,0
8798,1,1,0,0,0,0,0,0
8799,1,1,1,0,0,0,0,1
8800,1,1,0,0,0,0,0,0
8802,0,1,1,1,1,1,0,0
8806,1,1,1,0,1,0,0,0
8809,0,0,0,0,0,0,0,1
8812,0,0,1,0,0,0,0,1
8813,1,1,1,0,0,0,0,0
8814,1,1,1,1,0,0,0,1
8815,1,1,1,0,0,0,0,0
8816,1,1,0,0,0,0,0,0
8817,1,1,1,1,0,0,0,0
8822,1,0,0,0,0,0,0,0
8827,1,1,1,1,0,0,0,1
8828,0,1,1,0,0,0,0,0
8829,1,1,1,1,0,0,0,0
8830,0,0,0,0,0,0,0,0
8831,1,1,0,1,0,0,0,0
8832,1,1,1,1,0,0,0,0
8833,0,0,0,0,0,0,0,1
8835,0,1,0,0,0,0,0,1
8836,1,1,1,1,0,0,0,1
8837,1,1,1,1,0,0,0,1
8838,1,1,1,1,0,0,0,1
8840,1,1,0,0,0,0,0,0
8844,1,1,1,0,0,0,0,0
8846,0,1,0,0,1,0,0,1
8847,1,1,1,0,0,0,0,1
8849,1,1,1,1,1,0,0,1
8851,1,1,1,1,0,0,0,0
8852,1,1,1,0,0,0,0,0
8853,1,1,1,0,1,0,0,0
8855,0,0,0,0,0,0,0,0
8857,1,1,1,1,0,0,0,0
8859,1,1,0,0,1,0,1,0
8860,1,1,0,0,0,0,0,0
8861,1,1,0,0,0,0,0,0
8862,0,0,0,0,0,0,0,0
8866,0,0,0,0,0,0,0,0
8868,1,1,0,0,0,0,0,0
8869,1,1,1,1,0,0,0,0
8870,1,1,0,1,0,0,0,0
8872,1,1,0,0,0,0,0,1
8875,0,1,1,1,0,0,0,0
8876,0,1,0,0,0,0,0,1
8877,1,1,0,0,0,0,0,0
8879,0,1,1,0,0,0,0,0
8880,0,1,0,0,0,0,0,0
8881,0,0,1,0,0,0,0,1
8882,1,1,0,0,0,0,0,0
8883,0,1,0,0,0,0,0,0
8884,0,0,0,0,0,0,0,1
8885,0,1,0,0,1,0,0,0
8887,1,1,0,0,0,0,0,0
8891,0,1,0,0,0,0,0,0
8892,0,0,0,0,0,0,0,0
8894,1,1,1,0,0,0,0,0
8895,0,1,1,0,0,0,0,0
8896,1,1,0,0,0,0,0,0
8897,0,1,1,0,0,0,0,0
8898,1,1,1,1,0,0,0,0
8901,0,1,1,0,0,0,0,0
8903,0,1,0,0,0,0,0,0
8905,0,1,1,0,0,0,0,0
8906,0,1,1,0,0,0,0,0
8907,1,1,1,0,0,0,0,0
8910,1,1,1,0,0,0,0,0
8911,0,1,1,0,0,1,0,0
8913,0,1,1,0,1,0,0,1
8914,1,1,1,1,0,0,0,0
8915,1,1,1,1,1,0,0,0
8916,0,0,1,1,1,0,0,0
8920,1,1,0,0,0,0,0,0
8921,1,1,0,0,0,0,0,0
8922,0,1,1,0,0,0,0,0
8923,1,1,0,0,0,0,0,0
8925,1,1,1,1,0,0,0,0
8927,1,1,0,0,0,0,0,0
8929,1,1,0,0,0,0,0,0
8930,0,0,0,0,0,0,0,0
8931,1,1,0,0,0,0,0,0
8933,0,1,1,0,0,0,0,0
8934,1,1,1,1,0,0,0,1
8936,1,1,1,1,0,0,0,1
8937,1,1,1,0,0,0,0,0
8939,0,1,1,0,0,0,0,0
8940,0,1,0,0,1,0,0,0
8941,0,1,1,0,0,0,0,0
8942,1,1,1,1,0,0,0,1
8944,1,1,0,0,0,0,0,0
8945,1,1,1,1,0,0,0,0
8946,0,0,1,0,0,0,0,1
8955,0,0,0,0,0,0,0,1
8968,0,0,0,0,0,0,0,1
8948,1,1,1,1,0,0,0,0
8949,1,1,0,0,0,0,0,0
8952,0,1,0,0,0,0,0,0
8953,1,1,0,0,0,0,0,0
8954,1,1,0,0,0,0,0,1
8958,1,1,1,1,0,0,0,0
8959,1,1,1,0,0,0,0,0
8962,0,0,0,0,0,0,0,1
8964,1,1,1,0,0,0,0,0
8965,1,1,1,1,0,0,0,0
8966,0,1,0,1,1,0,0,0
8967,0,0,0,0,0,0,0,0
8970,0,0,0,0,0,0,0,0
8973,1,1,1,1,0,0,0,0
8974,0,0,0,0,0,0,0,0
8975,1,1,1,0,0,0,0,0
8976,1,1,1,1,0,1,0,0
8977,1,1,0,0,0,0,0,0
8978,0,0,1,0,0,0,0,0
8979,1,1,1,0,0,0,0,0
8980,1,1,1,0,0,0,0,0
8981,1,1,0,0,0,0,0,0
8982,0,0,0,0,0,0,0,1
8983,1,1,0,0,0,0,0,0
8984,0,0,0,0,0,0,0,1
8985,0,1,1,1,0,0,0,0
8986,1,1,0,0,0,0,0,0
8987,0,1,0,0,0,0,0,0
8989,0,0,0,0,0,0,0,1
8988,0,0,1,0,0,0,0,1
8990,1,1,0,0,0,0,0,0
8992,0,0,0,0,0,0,0,0
9002,0,0,0,0,0,0,0,0
8993,0,1,1,0,0,0,0,0
8997,1,1,0,0,0,0,0,0
8998,1,1,1,1,0,0,0,0
8999,1,1,1,0,0,0,0,0
9000,1,1,0,0,0,1,0,0
9003,0,1,0,1,1,0,0,1
9004,1,1,1,0,0,0,0,0
9005,1,1,1,0,0,0,0,0
9006,1,1,0,0,0,0,0,1
9007,1,1,0,0,0,0,0,1
9009,0,0,1,0,0,0,0,0
9010,0,0,1,0,0,0,0,0
9013,1,1,1,1,0,0,0,1
9014,1,1,1,1,0,0,0,1
9015,1,1,0,1,1,0,0,0
9017,1,1,0,0,0,0,0,1
9019,1,1,1,0,0,0,0,0
9020,0,0,0,0,0,0,0,0
9021,1,1,1,0,0,0,0,1
9022,0,0,0,0,0,0,0,1
9023,1,1,1,0,0,0,0,0
9024,1,1,0,0,0,0,0,0
9025,0,1,0,1,0,0,0,0
9027,1,1,1,1,0,0,0,1
9028,0,1,0,0,0,0,0,0
9029,0,0,0,0,0,0,0,0
9031,1,1,0,0,1,0,0,1
9032,1,1,1,0,0,0,0,1
9035,0,0,0,0,0,0,0,0
9037,1,1,1,1,1,0,0,0
9038,0,1,0,0,0,0,0,0
9039,1,1,0,0,0,0,0,0
9040,1,1,0,1,1,0,0,0
9041,1,1,1,0,0,0,0,0
9042,1,1,0,1,0,0,0,0
9043,0,0,0,0,0,0,0,0
9046,0,0,0,0,0,0,0,0
9049,1,1,1,1,0,0,0,1
9052,1,1,1,0,0,0,0,1
9053,1,1,1,1,1,1,0,1
9056,1,1,1,0,0,0,0,0
9057,1,1,1,0,0,0,0,0
9059,1,1,0,0,0,0,0,1
9060,1,1,1,0,0,0,0,0
9061,0,1,1,1,0,0,0,0
9064,0,1,1,0,0,0,0,0
9066,1,1,0,0,0,0,0,1
9069,0,1,1,0,0,0,0,0
9070,1,1,1,1,0,0,0,0
9073,0,0,0,0,0,0,0,1
9077,1,1,0,0,0,0,0,0
9078,1,1,1,1,0,0,0,1
9080,0,0,0,0,0,0,0,1
9081,0,1,0,1,0,0,0,0
9082,0,1,1,1,0,0,0,0
9083,1,1,1,1,1,0,0,1
9084,0,0,0,0,0,0,0,0
9086,1,1,1,0,0,0,0,0
9091,0,0,0,0,0,0,0,1
9093,0,0,0,0,0,0,0,0
9098,0,0,0,0,0,0,0,0
9104,0,0,0,0,0,0,0,0
9105,0,0,0,0,0,0,0,1
9087,1,1,1,1,0,0,0,0
9088,1,1,0,0,0,0,0,1
9090,0,1,1,0,0,0,0,1
9094,0,0,0,0,0,0,0,1
9095,1,1,1,1,0,0,0,1
9096,1,1,1,1,0,0,0,1
9102,0,0,0,0,0,0,0,0
9103,1,1,1,1,0,0,0,1
9106,1,1,1,0,0,0,0,0
9107,1,1,1,1,1,0,0,0
9108,0,1,0,1,0,0,0,1
9109,0,0,0,0,0,0,0,1
9114,0,1,1,0,1,0,0,0
9115,0,0,1,0,0,0,0,0
9117,0,1,1,0,0,0,0,0
9118,0,0,0,0,0,0,0,1
9119,0,0,0,0,0,0,0,0
9121,1,1,1,0,0,0,0,1
9123,0,1,0,1,0,0,0,0
9125,1,1,1,1,0,0,0,1
9128,0,0,0,0,0,0,0,1
9129,1,1,1,0,0,0,0,0
9131,1,1,1,0,0,0,0,1
9132,1,1,1,1,0,0,0,0
9160,0,0,0,0,0,0,0,1
9171,0,0,0,0,0,0,0,1
9134,1,1,0,0,0,0,0,0
9136,1,1,1,0,0,0,0,0
9139,1,1,1,1,0,0,0,0
9140,1,0,0,0,1,0,0,0
9141,1,0,1,0,0,0,0,0
9142,0,0,0,0,0,0,0,1
9144,0,1,0,0,0,0,0,0
9145,1,1,0,0,0,0,0,0
9146,0,0,0,0,0,0,0,1
9147,1,1,0,0,0,0,0,0
9148,1,1,0,0,0,0,0,0
9152,1,1,1,1,0,0,0,0
9155,0,1,0,0,0,0,0,1
9156,0,1,1,0,0,1,0,1
9158,1,1,0,1,1,0,0,1
9159,1,1,1,1,0,0,0,1
9161,1,1,1,0,0,0,1,1
9162,1,1,0,0,1,0,0,1
9163,0,1,1,1,0,0,0,1
9169,1,1,0,0,0,0,0,0
9173,1,1,1,1,0,0,0,0
9176,0,1,0,0,0,0,0,0
9178,1,1,0,1,0,0,0,0
9183,1,1,0,1,0,0,0,0
9192,1,1,0,0,0,0,0,1
9194,1,1,0,0,0,0,0,0
9196,1,1,0,0,1,0,1,1
9197,0,1,1,0,0,0,0,0
9198,0,1,0,0,0,0,0,0
9200,0,1,1,0,0,0,0,1
9203,1,1,1,0,0,0,0,0
9205,0,1,0,0,0,0,0,0
9207,1,1,0,1,1,0,0,1
9209,1,1,0,1,0,0,0,0
9210,0,0,1,0,0,0,0,0
9211,1,1,1,1,0,0,0,1
9212,1,1,0,0,1,0,0,1
9213,0,0,1,0,0,0,0,0
9216,0,0,0,0,0,0,0,1
9219,1,1,0,0,0,0,0,0
9221,1,1,1,0,1,0,0,1
9225,0,1,0,0,0,0,0,0
9230,0,0,0,0,0,0,0,0
9231,1,1,1,1,0,0,0,0
9232,1,1,0,1,0,0,0,0
9235,1,1,1,0,0,1,0,1
9241,1,0,1,0,1,0,0,1
9246,0,1,0,0,0,0,0,1
9247,1,1,0,0,0,0,0,1
9248,1,1,0,0,0,0,0,0
9249,1,1,1,1,0,0,0,0
9251,0,1,0,0,0,0,0,0
9257,1,1,1,0,1,0,0,0
9258,1,1,1,0,0,0,0,0
9259,0,0,1,0,0,0,0,0
9263,1,0,1,0,0,0,0,0
9264,0,0,0,0,0,0,0,0
9266,1,1,0,1,0,0,0,1
9268,0,1,1,0,0,0,1,1
9269,1,1,0,0,0,1,0,1
9270,0,0,0,0,0,0,0,1
9271,1,1,1,0,1,0,0,1
9272,1,1,0,1,0,0,0,0
9276,1,1,1,1,0,0,0,0
9277,0,1,0,0,0,0,0,0
9279,0,1,0,1,1,0,0,0
9282,0,1,1,0,0,0,0,0
9285,1,0,1,0,0,0,0,0
9286,1,0,1,0,0,0,0,0
9287,1,1,0,0,0,0,0,1
9290,0,1,0,0,0,0,0,0
9291,1,1,1,1,0,0,0,0
9292,0,1,0,0,0,0,0,0
9293,1,1,1,1,0,0,0,0
9294,0,1,0,1,1,0,0,0
9296,1,1,0,0,0,0,0,0
9298,0,1,0,0,0,0,0,0
9300,1,1,1,0,0,0,0,1
9304,0,0,0,0,0,0,0,0
9306,0,1,0,0,0,0,0,0
9307,0,0,0,0,0,0,0,0
9309,1,1,1,0,0,0,0,0
9311,1,1,1,1,0,0,0,1
9312,1,1,0,0,1,0,0,0
9313,0,1,1,0,1,0,0,0
9314,0,0,0,0,0,0,0,1
9316,1,1,0,0,1,0,0,1
9317,1,1,1,1,0,0,0,0
9318,0,0,0,1,0,0,1,0
9320,1,1,1,0,0,0,0,1
9325,0,0,0,0,0,0,0,0
9327,0,0,0,0,0,0,0,0
9331,0,0,1,0,0,0,0,0
9321,1,1,1,1,0,0,0,0
9328,0,1,0,1,0,0,0,0
9330,0,1,0,1,0,0,0,0
9333,0,1,1,0,0,0,0,0
9335,0,0,0,0,0,0,0,0
9336,0,0,0,0,0,0,0,1
9337,1,1,0,0,0,0,0,0
9338,0,0,0,0,0,0,0,1
9343,1,1,0,0,0,0,0,0
9345,0,0,0,0,0,0,0,1
9346,1,1,1,0,0,0,0,0
9347,1,1,1,1,0,0,0,1
9349,0,0,0,0,0,0,0,1
9350,1,1,1,1,0,0,0,0
9351,1,1,1,1,1,0,0,1
9353,1,1,1,1,0,0,0,1
9354,0,0,0,0,0,0,0,0
9358,1,1,0,0,0,0,0,0
9359,1,1,1,1,0,0,0,1
9362,1,1,0,0,0,0,0,0
9363,0,0,0,0,0,0,0,0
9365,0,0,0,0,0,0,0,0
9381,0,0,0,0,0,0,0,1
9366,1,1,1,0,0,0,0,1
9367,1,1,1,0,0,0,0,0
9370,0,1,0,1,0,0,0,0
9373,1,1,0,0,0,0,0,0
9374,0,0,0,0,0,0,0,1
9378,1,1,0,1,0,0,0,1
9379,1,1,1,1,0,0,0,0
9382,1,1,1,0,0,0,0,0
9383,1,1,0,0,0,0,0,0
9384,0,1,1,0,0,0,0,0
9386,0,0,1,0,0,0,0,0
9387,0,0,0,0,0,0,0,0
9388,0,1,0,0,0,0,0,1
9389,0,0,0,0,0,0,0,1
9391,0,0,0,0,0,0,0,1
9393,1,1,1,1,0,0,0,0
9395,1,1,1,0,0,0,0,0
9396,0,0,0,0,0,0,0,1
9402,0,0,0,0,0,0,0,1
9398,1,1,1,1,1,0,0,0
9399,1,1,0,0,0,1,0,0
9400,1,1,1,0,0,0,0,0
9403,1,1,1,1,0,0,0,1
9407,1,1,0,0,0,0,0,0
9408,1,1,1,1,0,0,0,1
9409,0,1,1,0,0,0,0,0
9411,1,1,1,1,1,1,0,1
9413,1,1,1,0,0,0,0,0
9414,1,1,1,1,0,0,0,0
9416,0,0,0,0,0,0,0,1
9417,0,0,1,0,0,0,0,0
9418,1,1,0,0,0,0,0,1
9435,0,1,1,0,0,0,0,0
9419,1,1,1,1,0,0,0,1
9423,1,1,1,1,1,0,0,1
9424,1,1,1,0,0,0,0,0
9427,1,1,1,0,0,0,0,0
9428,1,1,1,0,0,0,0,1
9429,1,1,1,0,0,0,0,0
9430,1,1,1,1,0,0,0,0
9431,0,1,1,1,0,0,0,0
9434,1,1,0,1,0,0,0,0
9436,0,1,1,0,1,0,0,1
9437,1,1,0,0,0,1,0,0
9439,1,1,0,0,1,1,0,1
9444,1,1,0,1,0,0,0,0
9445,1,0,1,1,1,0,0,1
9446,1,1,0,1,0,0,0,1
9450,0,0,0,0,0,0,0,1
9451,0,1,0,1,0,0,0,0
9454,0,0,0,0,0,0,0,0
9456,0,0,1,0,0,0,0,1
9459,0,1,1,1,0,0,0,0
9462,1,1,0,0,0,0,0,0
9466,0,0,0,0,0,0,0,0
9468,1,1,0,0,0,0,0,0
9469,1,1,1,0,1,0,0,0
9470,0,1,1,0,0,0,0,1
9471,0,1,0,0,1,0,0,0
9473,1,1,0,0,0,0,0,0
9474,1,1,1,1,0,0,0,1
9475,1,1,1,0,0,0,0,1
9493,0,0,0,0,0,0,0,0
9495,0,0,1,0,0,0,0,0
9476,0,0,0,0,0,0,0,0
9477,0,1,1,0,1,0,0,1
9479,1,1,1,1,0,0,0,1
9480,1,1,1,1,0,0,0,0
9482,1,1,1,1,0,0,0,0
9484,1,1,1,1,1,0,0,1
9486,0,1,0,0,1,0,0,0
9487,0,0,0,0,0,0,0,0
9489,1,1,0,1,1,0,0,1
9492,1,1,1,0,1,0,0,0
9497,1,1,1,1,0,0,0,1
9498,0,1,0,0,0,0,1,0
9500,1,0,1,1,1,0,0,1
9501,1,1,1,1,0,0,0,1
9502,0,1,0,0,1,0,0,0
9503,1,1,0,0,0,0,0,0
9505,0,1,0,1,0,0,0,0
9508,0,1,0,1,0,0,0,0
9510,1,1,1,0,0,0,0,0
9511,0,0,0,0,0,0,0,0
9512,1,1,1,0,0,0,0,1
9513,1,1,0,0,0,0,0,0
9514,1,1,0,0,0,0,0,0
9518,0,1,1,0,1,0,0,0
9519,0,1,0,0,0,0,0,0
9520,1,1,0,0,0,0,0,0
9522,0,0,0,0,0,0,0,0
9523,1,1,1,1,0,0,0,1
9524,0,0,1,0,0,0,0,1
9527,1,1,0,0,0,0,0,0
9528,1,1,0,0,0,0,0,0
9529,1,1,1,0,0,0,0,0
9531,0,0,0,0,0,0,0,0
9532,1,1,1,0,1,0,1,0
9536,1,1,1,0,1,0,0,0
9537,1,1,1,1,0,0,0,0
9543,0,1,0,0,0,0,0,0
9547,1,1,1,0,0,0,0,1
9549,1,1,0,0,0,0,0,1
9552,0,1,0,0,1,0,0,0
9553,0,1,1,1,0,0,0,0
9554,1,1,0,1,0,0,0,0
9555,0,0,0,0,0,0,0,0
9562,0,0,1,0,0,0,0,0
9571,0,0,0,0,0,0,0,0
9556,1,1,0,0,0,0,0,0
9557,0,1,0,1,0,0,0,1
9561,1,1,0,1,1,0,1,0
9565,1,0,1,0,1,0,0,0
9566,1,1,1,1,1,0,0,0
9567,0,1,1,1,1,0,0,0
9568,1,1,0,0,1,0,0,0
9569,1,1,0,1,1,0,0,1
9570,0,1,1,0,1,1,1,0
9573,0,1,0,0,1,0,0,0
9574,1,1,1,0,0,0,0,0
9576,1,1,0,0,0,0,0,0
9578,0,1,0,0,0,0,0,0
9580,0,0,0,0,0,0,0,1
9582,1,1,1,1,0,0,0,1
9583,1,1,1,1,0,0,0,0
9584,1,1,1,1,1,0,0,1
9595,0,0,0,0,0,0,0,0
9629,0,0,1,0,0,0,0,0
9628,0,0,0,0,0,0,0,1
9707,0,0,0,0,0,0,0,1
9787,0,0,0,0,0,0,0,0
9838,0,0,0,0,0,0,0,0
9855,0,0,1,0,0,0,0,0
9896,0,0,0,0,0,0,0,1
9948,0,0,1,0,0,0,0,1
9914,0,0,0,0,0,0,0,1
9923,0,0,0,0,0,0,0,1
10008,0,0,0,0,0,0,0,1
10027,0,0,0,0,0,0,0,1
10081,0,0,0,0,0,0,0,0
10085,0,0,0,0,0,0,0,1
10111,0,0,1,0,0,0,0,1
10169,0,0,0,0,0,0,0,1
10211,0,1,0,0,0,0,0,1
10262,0,0,1,0,0,0,0,0
10289,0,0,1,0,0,0,0,0
10328,0,0,0,0,0,0,0,0
10338,0,0,0,0,0,0,0,1
10367,0,0,0,0,0,0,0,0
10413,0,0,0,0,0,0,0,0
9590,1,1,0,1,1,1,0,0
9592,1,1,1,0,0,0,0,1
9597,1,1,0,0,0,0,1,1
9598,1,1,0,1,0,0,0,0
9599,0,0,0,0,0,0,0,0
9602,1,1,0,0,1,0,0,0
9603,1,1,1,0,0,0,0,0
9604,0,1,0,0,1,0,0,0
9605,0,1,1,0,1,0,0,1
9607,1,1,1,0,0,0,0,1
9609,0,1,0,0,0,0,0,0
9610,1,1,1,1,1,0,0,0
9611,0,1,0,0,0,0,0,0
9612,1,1,0,0,1,0,1,1
9614,0,1,0,0,0,0,0,0
9615,0,1,0,0,0,0,0,0
9617,1,1,0,0,0,0,0,0
9618,1,1,0,0,0,0,0,1
9622,1,1,0,0,0,0,0,0
9625,0,1,1,1,1,0,0,0
9626,1,1,1,1,0,0,0,0
9630,0,0,0,0,0,0,0,1
9631,1,1,1,1,0,0,0,1
9632,0,0,0,0,0,0,0,1
9635,1,1,1,0,0,0,0,0
9636,0,0,0,0,0,0,0,0
9639,1,1,1,1,0,0,0,0
9640,1,1,0,0,1,0,0,0
9641,1,1,1,0,1,0,0,0
9642,0,1,0,1,0,0,0,0
9643,1,1,1,1,0,0,0,1
9645,0,1,1,1,0,0,0,0
9647,1,1,1,1,0,0,0,1
9648,0,1,1,1,0,0,0,1
9649,1,1,1,0,1,1,0,1
9650,1,1,0,1,0,0,0,0
9651,0,1,0,0,0,0,0,0
9652,1,1,1,1,0,0,0,0
9653,1,1,0,0,0,0,0,1
9654,0,1,0,0,0,0,0,0
9656,1,1,1,0,0,0,0,0
9657,1,1,0,0,0,0,0,0
9660,0,1,0,0,1,0,0,0
9662,1,1,0,0,0,0,0,1
9664,0,0,0,0,0,0,0,0
9666,1,1,0,0,0,0,0,0
9667,1,1,0,0,0,0,0,0
9672,0,0,0,0,0,0,0,0
9673,1,1,1,0,1,0,0,0
9674,0,1,1,0,0,0,0,0
9680,1,1,1,0,1,0,0,0
9681,0,0,0,0,0,0,0,0
9682,1,1,1,1,0,0,0,0
9683,1,1,1,1,0,0,0,0
9684,1,1,1,1,0,0,0,1
9686,0,1,0,0,0,0,0,0
9687,1,1,1,0,1,0,0,0
9690,1,1,1,0,0,0,0,0
9692,1,1,1,0,1,0,0,0
9693,1,1,0,0,0,0,0,1
9694,0,1,0,0,0,0,0,0
9695,0,1,1,0,0,0,0,1
9696,1,1,1,0,1,0,0,1
9697,1,1,1,1,1,0,0,1
9699,0,1,1,0,0,0,0,0
9702,1,1,0,1,1,1,0,1
9703,1,1,0,0,0,0,0,0
9704,1,1,1,1,0,1,1,0
9708,1,1,1,0,0,0,0,0
9709,1,1,1,0,1,0,0,1
9710,1,1,0,0,0,0,0,1
9711,1,1,1,0,1,0,0,0
9712,1,1,1,0,0,0,0,0
9713,0,1,1,0,0,0,0,0
9715,0,1,0,0,0,0,0,0
9717,0,1,0,0,0,0,0,0
9718,1,1,1,1,0,0,0,0
9719,1,0,0,0,0,0,0,0
9720,1,1,0,0,1,0,0,0
9725,0,1,0,0,0,0,0,0
9726,0,0,0,0,0,0,0,0
9727,0,1,1,1,1,0,0,1
9728,1,1,1,1,0,0,0,1
9730,1,0,0,0,1,0,0,0
9731,1,0,0,0,0,0,0,0
9732,0,1,0,0,0,0,0,0
9734,1,1,0,0,1,0,0,0
9735,0,1,0,0,0,0,0,0
9737,0,1,0,0,0,0,0,0
9738,1,1,1,1,0,0,0,0
9742,1,1,1,1,0,0,0,0
9771,0,0,0,0,0,0,0,1
9792,0,0,0,0,0,0,0,0
9800,0,0,0,0,0,0,0,1
9745,0,1,0,0,0,0,0,0
9747,0,0,1,0,0,0,1,0
9749,0,1,0,0,0,0,0,0
9751,0,0,0,0,0,0,0,0
9752,1,1,1,0,0,0,0,0
9753,1,1,1,0,0,0,0,0
9754,1,1,0,0,0,0,0,1
9755,0,1,1,0,0,0,0,1
9758,1,1,0,0,0,0,0,1
9759,0,0,0,0,0,0,0,0
9761,0,0,0,0,0,0,0,0
9762,0,0,0,0,0,0,0,0
9763,0,0,1,0,0,0,0,1
9764,0,0,0,0,0,0,0,0
9767,1,1,1,0,1,0,0,1
9768,0,0,0,0,0,0,0,0
9774,1,1,0,1,1,1,0,0
9776,1,1,1,0,1,0,0,1
9777,1,1,0,0,0,0,0,0
9778,1,1,1,0,1,0,0,0
9779,0,1,0,0,0,0,0,0
9782,0,1,0,0,0,0,0,0
9783,1,1,0,0,0,0,0,0
9784,1,1,1,1,0,1,0,0
9785,1,1,1,0,0,0,0,0
9786,0,1,0,0,0,0,0,0
9788,0,1,1,0,0,0,0,0
9790,0,1,0,0,0,0,0,1
9791,1,1,1,0,0,0,0,0
9794,1,1,0,0,0,1,0,1
9798,0,1,1,0,0,0,0,1
9799,1,1,0,1,0,0,0,0
9803,1,1,1,0,1,0,0,0
9804,1,1,0,1,1,0,0,0
9805,1,1,1,0,0,0,0,0
9806,0,1,1,0,0,0,0,1
9807,1,1,1,1,0,0,0,1
9810,1,1,1,0,0,0,0,0
9811,1,1,1,0,0,1,0,0
9812,1,1,1,0,1,1,0,0
9813,0,1,1,0,1,0,0,0
9814,0,1,1,1,0,0,0,0
9815,0,1,0,0,0,0,0,0
9816,0,1,0,0,0,0,1,0
9818,1,1,0,0,0,0,1,0
9819,1,1,0,1,0,0,1,0
9820,1,1,0,1,0,0,0,0
9822,0,1,1,0,1,0,0,0
9823,0,0,0,0,1,0,1,0
9827,1,1,1,0,1,0,0,1
9828,1,1,0,1,0,1,0,0
9830,1,1,1,0,1,0,0,1
9831,0,1,0,0,0,0,0,0
9832,0,0,1,0,0,0,0,0
9835,1,1,0,1,0,0,1,1
9836,1,1,1,0,0,0,0,0
9839,0,1,0,0,0,0,0,0
9840,0,1,1,0,0,0,0,0
9841,0,1,0,0,1,0,0,0
9845,1,1,1,1,0,0,0,0
9850,0,0,0,0,0,0,0,0
9853,0,0,1,0,0,0,0,1
9856,1,1,1,0,0,0,1,1
9857,0,1,0,0,0,0,0,1
9858,0,0,0,0,0,0,0,0
9859,0,1,1,0,0,0,0,0
9863,1,0,0,1,1,0,0,0
9864,1,1,1,0,0,0,0,0
9866,0,1,0,0,0,0,0,0
9867,1,1,0,1,1,0,1,0
9868,1,1,1,0,0,0,0,0
9875,1,0,1,0,0,0,1,0
9877,0,1,0,0,0,0,0,1
9878,1,1,1,1,1,0,0,1
9880,0,1,0,0,0,0,0,0
9881,0,1,1,1,1,0,0,0
9884,1,1,1,1,0,0,0,1
9887,0,1,0,1,0,0,0,1
9888,1,1,1,0,1,1,0,0
9891,0,1,0,0,0,0,0,0
9892,1,1,1,0,1,0,1,0
9895,0,1,0,1,0,0,0,1
9901,1,1,0,0,0,0,0,0
9902,0,1,1,0,0,0,0,1
9903,0,0,0,0,0,0,0,0
9907,1,1,1,1,0,0,0,0
9909,0,0,0,0,0,0,0,0
9910,1,1,0,0,0,0,1,0
9911,0,1,0,0,0,0,0,0
9912,1,1,1,0,0,0,0,1
9961,0,0,1,0,0,0,0,0
9982,0,0,0,0,0,0,0,0
9917,1,1,0,1,0,0,0,0
9919,1,1,0,1,1,0,0,1
9921,0,1,0,0,1,0,0,0
9922,1,1,1,1,0,0,0,0
9924,1,0,0,0,0,0,0,1
9925,1,1,0,0,0,0,0,0
9927,1,1,1,0,1,0,0,1
9930,1,1,0,0,1,0,0,0
9934,1,0,1,0,0,0,0,0
9937,1,1,1,1,1,0,0,1
9938,0,1,1,1,1,0,0,0
9939,1,1,1,0,1,0,0,0
9940,1,1,1,1,0,0,0,1
9941,0,1,0,0,0,0,0,0
9946,1,0,1,0,0,0,0,0
9947,0,1,1,0,0,0,0,0
9950,1,1,0,0,0,0,0,0
9958,1,1,1,1,0,0,0,0
9960,1,1,0,0,0,0,0,1
9962,0,1,1,1,0,0,0,0
9964,0,0,0,0,0,0,0,0
9965,0,1,0,1,1,0,0,0
9967,1,1,1,1,0,0,0,1
9969,1,1,1,1,0,0,0,1
9970,0,1,1,0,0,0,0,1
9971,0,1,0,0,0,0,0,0
9974,1,1,1,1,1,0,0,0
9977,1,1,1,0,1,0,0,1
9978,0,1,1,0,0,0,0,0
9980,0,1,0,0,1,0,0,0
9983,1,1,0,0,0,0,0,1
9985,1,1,0,0,0,0,0,0
9986,1,1,0,0,1,0,0,0
9987,0,1,0,0,0,0,0,1
9988,1,1,1,0,0,0,0,0
9989,1,1,1,1,0,0,0,1
9990,1,1,1,1,0,0,0,1
9991,0,1,0,0,0,0,1,0
9993,0,1,0,0,0,1,1,0
9997,0,1,0,0,0,0,0,0
9998,0,0,0,0,0,0,0,0
9999,1,1,1,0,0,0,0,1
10002,0,0,0,0,0,0,0,1
10000,0,1,0,0,0,0,0,0
10001,1,1,1,0,1,1,0,1
10003,1,1,0,0,1,0,0,0
10004,0,0,0,0,0,0,0,0
10007,0,0,0,0,0,0,0,0
10009,1,1,0,1,1,0,0,0
10010,1,1,1,0,0,0,0,0
10013,1,1,1,0,1,1,1,1
10016,0,0,1,0,0,1,0,1
10018,0,1,1,0,0,0,0,1
10019,1,1,1,1,0,1,0,1
10020,1,0,0,0,0,0,0,0
10022,0,0,1,0,0,0,0,1
10023,0,1,0,0,0,0,0,1
10025,1,1,0,0,0,0,0,1
10026,1,1,0,0,0,0,0,0
10028,1,1,1,0,0,1,1,0
10029,0,0,0,0,0,0,0,0
10030,0,1,0,0,0,0,0,1
10032,0,1,1,0,0,0,0,0
10034,1,1,0,0,0,0,0,0
10035,0,1,1,0,0,0,0,1
10039,1,1,1,0,0,0,0,0
10041,0,1,0,1,1,0,0,0
10042,1,1,0,0,1,0,0,0
10043,1,0,1,0,0,0,1,0
10044,0,1,1,1,0,0,0,1
10047,1,0,1,0,0,0,0,0
10049,1,1,0,0,0,0,0,0
10053,1,1,0,0,0,0,0,0
10054,1,1,1,0,1,0,0,0
10057,0,1,0,1,0,0,0,1
10058,1,1,0,0,0,0,1,1
10059,0,1,0,0,0,0,0,0
10060,0,0,0,0,0,0,0,0
10061,1,1,1,0,0,0,0,0
10068,1,1,1,0,0,0,0,0
10110,0,1,1,0,1,0,0,0
10075,1,1,1,1,0,0,0,1
10076,1,1,0,0,0,0,0,0
10077,1,1,1,1,0,0,0,0
10079,0,0,0,0,0,0,0,0
10080,1,1,1,1,0,0,0,1
10082,0,1,1,1,0,0,0,0
10083,0,0,0,0,1,0,0,0
10086,1,1,1,1,0,0,0,0
10087,0,0,0,0,0,0,0,0
10089,1,1,1,0,1,0,0,1
10090,1,1,0,0,0,0,0,0
10093,0,0,0,0,0,0,0,0
10095,1,1,0,1,0,0,0,1
10096,1,1,0,0,1,0,0,1
10097,0,1,0,0,0,0,0,1
10098,1,1,1,0,0,0,0,1
10100,1,1,0,0,1,0,0,0
10101,1,1,1,0,0,0,0,0
10102,1,1,0,1,0,0,0,0
10103,1,1,1,0,0,0,0,1
10104,1,1,0,1,0,0,0,1
10105,1,1,0,1,0,0,0,0
10106,1,1,0,0,0,0,0,0
10108,1,1,1,1,0,0,0,1
10109,0,1,0,0,0,0,0,0
10112,1,1,0,0,1,0,0,1
10113,0,0,0,0,0,0,0,1
10114,0,0,0,0,0,0,0,0
10116,1,1,1,1,0,0,0,1
10118,0,1,0,0,0,0,0,1
10119,0,1,0,0,0,0,0,0
10120,1,1,1,1,0,1,0,0
10121,0,0,0,0,0,0,0,0
10122,0,1,1,0,1,0,0,0
10123,1,0,0,0,0,0,0,0
10125,1,1,1,1,0,0,0,0
10127,0,1,0,0,0,0,0,0
10128,1,1,1,0,0,0,0,0
10129,1,1,0,0,1,0,0,0
10130,0,1,0,0,1,0,0,0
10132,0,0,0,0,0,0,0,0
10133,1,1,1,0,0,0,0,1
10134,0,0,0,0,0,0,0,1
10135,1,1,1,0,0,0,0,0
10136,1,1,1,0,0,0,1,0
10138,0,0,0,0,0,0,0,0
10139,1,1,1,0,1,0,1,1
10142,0,1,1,0,0,0,0,1
10143,1,1,1,1,0,0,0,0
10144,1,1,1,1,1,0,0,1
10145,1,1,0,0,0,0,0,1
10147,1,1,1,1,1,0,0,0
10148,1,0,1,1,1,0,0,1
10150,1,1,1,1,1,0,0,1
10156,0,1,1,1,1,0,0,0
10157,0,0,0,0,0,0,0,0
10158,1,1,0,0,1,0,0,1
10159,1,1,1,0,1,0,0,0
10162,0,1,1,0,0,0,0,0
10163,1,1,1,0,0,0,0,1
10166,0,1,0,0,0,0,0,0
10168,0,0,0,0,0,0,0,0
10171,0,1,0,0,0,0,0,0
10172,0,1,1,0,0,0,0,0
10173,0,1,1,0,0,0,0,0
10174,0,1,0,0,1,0,0,0
10175,0,0,0,0,0,0,0,0
10176,1,1,1,1,0,0,1,1
10179,1,1,0,0,0,0,0,0
10180,1,0,1,0,0,0,0,1
10181,1,1,1,1,0,0,0,1
10182,0,1,0,0,0,0,0,0
10186,1,0,0,0,1,0,0,0
10187,0,1,1,0,0,0,0,0
10188,1,1,0,0,1,0,1,1
10190,1,1,0,0,1,0,0,0
10191,1,1,0,0,0,0,0,1
10195,1,1,1,0,0,0,0,0
10196,1,1,0,0,0,0,0,0
10197,0,1,1,0,0,1,0,1
10199,0,1,0,0,0,0,0,0
10201,0,1,1,0,0,0,0,0
10203,0,0,0,0,0,0,0,0
10207,1,1,0,0,1,0,0,0
10209,0,1,0,0,0,0,0,0
10210,0,1,0,0,0,0,0,0
10212,0,1,0,0,0,0,0,0
10218,1,1,0,1,0,0,0,0
10219,0,1,0,0,0,0,0,0
10221,1,1,1,1,0,0,0,0
10222,1,1,0,0,0,0,0,0
10223,1,1,0,0,0,0,0,0
10224,1,0,0,0,0,0,0,0
10226,0,0,0,0,0,0,0,0
10227,0,1,0,0,0,0,0,0
10229,1,1,1,0,0,0,0,0
10231,0,1,0,0,0,0,0,1
10234,0,1,0,0,0,0,0,1
10235,0,0,0,0,0,0,0,0
10237,1,1,1,1,0,0,0,1
10238,1,0,0,1,1,1,1,0
10239,0,1,0,0,0,0,0,0
10241,0,1,1,1,1,0,0,1
10242,0,1,0,0,0,0,0,0
10245,0,1,0,1,1,0,0,0
10246,0,1,1,1,1,0,0,0
10247,1,1,1,1,0,0,0,0
10249,1,1,0,1,1,0,0,0
10250,0,1,0,0,0,0,0,0
10251,1,1,1,0,1,0,0,1
10252,0,1,1,0,1,0,0,0
10255,1,1,0,0,0,0,0,0
10256,0,1,0,0,0,0,0,1
10257,0,1,0,0,0,0,0,0
10258,0,0,0,0,0,0,0,0
10259,1,1,1,0,0,0,0,1
10260,1,1,1,1,0,0,0,1
10263,1,1,1,0,0,0,0,0
10265,1,1,0,1,0,0,0,0
10266,1,1,0,0,1,0,0,1
10267,1,1,0,1,1,0,0,0
10268,1,1,0,0,1,0,0,0
10269,1,0,1,0,1,0,1,0
10270,1,1,0,1,1,0,0,1
10275,0,1,0,1,0,0,0,0
10276,0,1,0,0,1,0,0,0
10278,1,1,0,0,0,0,0,0
10279,0,1,0,0,0,0,0,0
10280,0,0,0,0,0,0,0,0
10283,1,1,1,1,1,0,0,1
10284,0,1,0,0,0,0,0,0
10285,0,0,0,0,0,0,0,0
10287,1,1,1,1,0,0,0,1
10290,0,1,0,0,0,0,0,0
10291,1,0,0,0,0,0,0,1
10293,1,1,0,0,0,0,0,0
10294,0,0,0,0,0,0,0,0
10295,1,1,0,0,1,0,0,0
10297,0,1,1,0,0,0,0,0
10299,1,1,0,0,0,0,0,0
10300,1,1,1,0,1,0,0,0
10303,1,1,1,1,0,0,1,1
10304,1,1,0,0,1,0,0,0
10305,0,1,1,0,0,0,0,0
10306,1,1,0,0,1,0,0,1
10307,1,1,1,1,0,0,0,1
10308,1,1,0,0,1,0,0,0
10309,0,1,0,1,0,0,0,0
10311,1,1,0,1,0,0,0,0
10312,0,1,0,0,0,0,0,1
10313,1,1,0,0,0,0,0,0
10314,0,0,0,0,0,0,0,1
10315,1,1,1,0,0,0,0,0
10316,0,0,1,0,0,0,0,0
10317,1,1,1,1,0,0,0,0
10321,1,1,1,0,0,0,1,0
10322,1,1,0,0,0,0,0,0
10323,0,1,0,1,1,0,0,0
10324,0,1,1,1,1,0,0,0
10325,0,1,0,0,0,0,0,0
10326,1,1,1,0,0,0,0,1
10331,0,1,1,1,0,0,0,1
10335,1,1,1,0,1,0,0,0
10337,0,1,0,0,0,0,0,0
10339,1,1,1,0,0,0,0,1
10341,1,1,1,0,0,1,0,1
10343,0,0,0,0,0,0,0,0
10348,1,1,0,0,0,0,0,0
10350,1,1,1,0,0,0,1,1
10351,1,1,0,1,1,0,0,0
10352,0,1,0,0,0,0,0,1
10353,1,1,1,1,0,0,0,1
10355,1,0,0,0,0,0,0,1
10358,0,1,1,1,1,0,0,0
10359,0,1,0,0,0,0,0,0
10361,1,1,1,0,0,0,0,1
10362,1,1,1,0,1,0,0,0
10363,0,1,0,0,0,0,0,0
10364,1,1,1,1,0,0,0,1
10366,1,1,1,1,0,0,0,0
10371,1,1,0,1,1,0,0,1
10373,1,1,1,0,1,0,0,0
10374,1,1,1,0,1,0,0,0
10376,0,0,0,0,0,0,0,0
10378,1,1,0,0,0,0,0,1
10380,1,1,1,0,1,0,0,1
10381,1,1,1,0,0,0,0,1
10383,1,1,1,0,0,1,0,1
10384,1,1,0,1,1,0,0,0
10385,1,1,0,1,1,0,0,0
10386,1,1,1,0,0,0,0,0
10387,0,1,0,0,0,0,1,0
10388,0,1,1,0,0,0,0,0
10392,0,1,0,0,0,0,0,0
10395,0,1,0,0,0,0,0,0
10398,1,1,0,1,0,0,0,0
10400,0,1,1,0,1,0,0,1
10404,1,1,1,1,0,0,0,0
10406,1,1,1,0,1,1,1,0
10407,1,1,0,0,1,0,1,0
10408,1,1,1,1,1,0,0,1
10410,1,1,0,1,0,0,0,0
10411,0,1,1,1,0,0,0,0
10412,1,1,1,1,1,0,0,1
10415,0,0,0,0,1,0,0,0
10416,1,1,1,0,1,0,0,1
10417,1,1,1,0,0,0,0,0
10418,1,1,0,0,0,0,0,0
10419,1,0,0,0,1,0,0,0
10421,1,1,0,0,0,0,0,0
10422,0,1,0,0,1,0,0,0
10423,1,1,1,1,0,0,0,0
10425,1,1,0,0,1,0,0,0
10426,1,0,0,0,1,0,0,0
10427,0,1,0,0,0,0,0,1
10429,1,1,1,0,1,0,0,0
10430,1,1,0,0,0,0,0,0
10431,1,1,0,0,0,0,0,0
10432,0,1,0,0,0,0,0,0
10433,1,1,1,0,0,0,0,1
10434,0,1,0,0,1,0,0,1
10436,1,1,0,1,0,0,0,1
10438,1,0,1,0,0,0,0,0
10439,1,1,1,1,0,0,0,1
10440,1,1,0,0,0,0,0,0
10443,1,1,0,0,1,0,0,0
10445,1,1,1,1,0,0,0,1
10447,0,0,0,0,0,0,0,0
10448,1,0,1,0,0,0,0,0
10449,1,1,1,0,0,0,0,0
10451,1,1,0,0,0,0,0,1
10453,0,1,0,0,0,0,0,0
10455,1,1,0,1,0,0,0,0
10458,0,1,0,0,1,0,0,1
10459,0,1,0,0,0,0,0,0
10464,0,0,0,0,0,0,0,1
10467,0,1,0,0,0,0,0,0
10468,1,1,1,0,0,0,0,0
10469,1,0,0,0,0,0,0,1
10473,0,0,0,0,0,0,0,0
10474,0,1,0,0,0,0,0,0
10479,0,1,1,0,0,0,0,0
10482,0,1,1,0,1,0,0,1
10483,1,1,1,1,1,0,0,0
10489,0,1,1,1,0,0,0,0
10490,1,0,0,0,0,0,0,1
10492,0,0,0,0,0,0,0,0
10493,0,0,1,0,0,0,0,1
10495,0,1,0,1,0,0,0,0
10496,1,1,0,0,0,0,0,0
10499,1,1,0,0,0,0,0,1
10503,0,0,0,0,0,0,0,1
10500,1,1,0,0,0,0,0,0
10504,0,0,0,0,0,0,0,0
10505,1,1,1,1,0,0,0,0
10508,0,0,0,0,0,0,0,1
10507,1,1,1,1,0,0,0,0
10510,0,0,0,0,0,0,0,1
10519,0,1,1,1,1,0,0,0
10522,1,1,1,1,0,0,0,0
10523,0,0,0,0,0,0,0,1
10524,1,1,0,0,0,0,0,0
10526,0,1,1,0,1,0,0,1
10528,1,1,1,0,0,1,0,0
10530,0,1,0,0,0,0,0,0
10532,1,1,1,1,1,0,0,1
10534,0,1,1,0,0,0,0,0
10535,0,0,1,0,0,0,0,0
10536,0,1,1,1,1,0,0,0
10537,0,0,0,0,0,0,0,0
10538,0,1,0,0,0,0,0,1
10539,0,1,1,1,1,1,0,1
10540,0,1,1,0,1,0,0,0
10541,0,1,0,1,0,0,0,0
10542,0,1,1,0,0,0,0,0
10546,0,1,0,0,0,0,1,0
10547,1,0,1,0,0,0,0,0
10550,0,1,0,0,1,0,0,0
10552,0,1,0,0,0,0,0,0
10555,0,1,0,0,0,0,0,0
10558,0,0,0,0,0,0,0,0
10561,1,1,0,0,0,1,0,1
10562,0,0,0,0,0,0,0,1
10563,0,0,0,0,0,0,0,0
10565,1,1,0,0,0,0,0,0
10566,0,1,1,1,1,0,0,1
10571,0,0,0,0,0,0,0,1
10574,1,0,0,0,0,0,0,0
10575,0,1,0,0,0,0,0,0
10576,1,1,0,0,1,0,0,0
10579,0,0,0,0,0,0,0,0
10580,1,1,1,0,0,0,0,0
10581,0,1,0,0,0,0,0,0
10584,1,1,1,1,0,0,0,0
10585,1,1,0,0,1,0,0,1
10586,1,1,1,0,0,0,0,0
10587,1,1,0,0,1,0,0,1
10590,0,0,1,0,0,0,0,1
10591,1,1,1,0,0,0,0,1
10592,0,0,0,0,0,0,0,0
10593,1,1,1,0,1,0,0,0
10595,0,1,0,0,0,0,0,0
10596,0,0,1,0,0,0,0,0
10601,1,1,0,0,0,0,0,0
10602,1,1,1,0,0,0,0,0
10603,0,1,0,0,0,0,0,0
10609,1,1,1,0,0,0,0,0
10613,0,1,0,0,0,0,0,0
10614,0,1,1,0,0,0,0,1
10617,0,0,0,0,0,0,0,0
10619,0,1,0,0,0,0,0,0
10620,0,1,1,0,0,0,1,0
10623,1,1,0,0,0,1,0,0
10625,1,1,1,1,0,0,0,1
10629,1,1,1,1,0,0,0,1
10631,0,1,0,0,0,0,0,0
10632,1,1,1,1,0,0,0,1
10633,1,1,1,1,0,0,1,0
10635,1,1,0,0,0,0,0,1
10638,1,1,0,0,0,0,0,1
10639,1,1,1,1,0,0,0,1
10640,1,1,1,1,0,0,0,1
10643,1,0,1,0,1,0,0,1
10644,0,0,0,1,0,0,0,0
10646,0,1,0,1,0,0,0,1
10688,0,0,0,0,0,0,0,0
10649,0,1,0,1,0,0,1,1
10650,1,1,1,1,1,0,0,0
10652,0,1,1,0,0,0,0,0
10656,1,1,1,1,0,0,0,0
10660,0,1,0,0,0,0,0,0
10661,0,1,0,0,0,0,0,0
10664,1,1,1,0,0,1,0,1
10665,1,1,0,0,0,1,0,1
10668,1,1,1,0,0,0,0,0
10670,1,1,0,0,1,0,0,0
10671,0,0,0,0,0,0,0,1
10672,1,1,0,0,0,0,0,0
10673,1,1,0,0,0,0,0,1
10674,0,0,0,0,0,0,0,0
10675,0,1,1,1,0,0,0,0
10676,1,1,1,0,0,0,0,0
10678,0,1,0,0,0,0,0,0
10685,1,1,0,0,0,0,0,0
10686,1,1,1,0,0,0,0,0
10691,1,1,0,1,0,0,0,1
10693,1,1,1,0,0,0,0,0
10695,0,1,1,0,0,0,0,0
10698,1,1,0,0,0,0,0,1
10700,0,1,1,0,0,0,0,0
10702,1,1,0,0,0,0,0,0
10704,1,1,1,0,0,0,0,0
10705,0,1,1,0,0,0,0,0
10706,0,1,0,0,0,0,0,0
10707,1,1,0,1,0,0,0,0
10709,1,1,1,1,1,1,0,0
10710,0,1,1,1,0,0,0,0
10712,0,1,0,0,0,0,0,0
10713,1,1,0,1,1,0,1,0
10714,1,1,0,0,1,0,0,0
10715,1,0,0,0,0,0,0,1
10716,1,1,0,0,0,0,0,0
10717,1,1,0,0,1,1,0,0
10721,1,1,1,0,1,0,1,0
10724,0,0,0,0,0,0,0,1
10726,0,1,0,0,0,0,0,0
10727,1,1,0,1,1,1,0,0
10728,1,1,1,0,0,0,0,0
10733,0,0,0,0,0,0,0,1
10736,1,1,0,0,1,1,0,0
10738,0,1,1,1,0,0,0,1
10739,0,1,0,0,0,0,0,1
10742,0,0,0,0,0,0,0,1
10743,1,1,1,0,0,0,0,1
10746,1,1,0,1,0,0,0,0
10749,1,1,0,0,1,1,1,0
10751,0,1,1,0,0,0,0,0
10753,0,1,1,0,0,0,1,0
10755,0,1,0,0,0,0,0,0
10756,0,1,0,0,0,0,0,0
10757,0,1,0,0,0,0,0,0
10760,1,1,0,0,1,1,0,0
10761,1,1,0,0,0,0,0,0
10762,0,1,1,0,0,0,0,1
10763,0,0,0,0,0,0,0,0
10766,1,1,0,0,0,0,0,0
10767,0,0,0,0,0,0,0,1
10769,0,1,0,0,0,0,0,0
10770,0,0,0,0,0,0,0,0
10772,1,0,0,0,1,0,0,1
10774,0,0,0,0,0,0,0,0
10775,1,1,0,0,0,0,0,1
10777,1,1,0,1,1,0,0,1
10783,0,0,1,0,0,0,0,0
10778,0,1,0,0,0,0,0,1
10779,0,0,0,0,1,0,0,0
10781,0,0,0,0,0,0,0,1
10782,0,0,0,0,0,0,0,0
10785,0,1,0,0,0,0,0,0
10786,0,1,0,0,0,0,0,0
10787,0,1,0,1,1,0,0,1
10789,0,1,1,0,0,0,0,0
10790,0,1,0,0,0,0,0,0
10794,1,1,1,1,0,0,0,1
10795,1,1,1,0,0,0,0,0
10798,0,1,1,0,0,0,0,0
10799,0,0,0,0,0,0,0,1
10803,1,1,0,0,1,0,0,0
10804,0,1,1,1,0,0,0,0
10805,1,1,0,0,0,0,0,0
10806,1,1,1,0,0,0,0,1
10810,0,1,0,0,1,0,0,0
10811,0,1,0,0,1,0,0,0
10812,1,0,0,0,0,0,0,0
10817,1,1,1,1,0,0,0,0
10818,0,0,0,0,0,0,0,0
10819,1,1,1,1,1,0,0,0
10823,1,0,1,0,0,0,0,1
10824,0,1,0,0,0,0,0,0
10826,1,1,1,1,0,0,0,1
10830,0,1,0,1,0,0,0,0
10831,1,1,0,0,0,0,0,0
10833,0,0,0,0,0,0,0,0
10836,1,1,1,0,0,0,0,0
10837,1,1,0,1,0,0,0,1
10840,0,0,0,0,0,0,0,0
10841,0,1,0,0,0,0,0,0
10843,1,1,0,0,0,0,1,0
10846,0,1,1,0,0,0,0,1
10847,0,1,1,1,1,0,0,1
10848,1,1,1,0,1,0,0,1
10849,0,1,0,0,0,0,0,0
10850,0,1,0,0,0,0,0,0
10851,1,1,0,0,1,0,0,1
10853,0,1,0,0,0,0,0,0
10859,1,1,1,1,1,0,0,1
10863,0,1,1,1,0,0,0,0
10865,1,1,1,1,0,0,0,1
10867,0,0,0,0,0,0,0,0
10866,0,1,0,1,0,0,0,0
10868,0,1,1,0,0,0,0,0
10870,1,1,1,1,0,0,0,1
10872,1,0,1,1,0,0,0,1
10873,1,1,0,0,0,0,0,0
10874,1,1,0,0,1,0,0,0
10876,1,1,0,1,0,0,0,1
10878,1,1,0,1,1,0,0,0
10879,1,1,0,0,1,0,0,0
10881,1,1,0,0,0,0,0,0
10882,1,1,0,0,0,1,0,1
10883,0,1,0,0,0,0,0,0
10884,1,1,1,0,1,0,0,0
10887,1,1,0,0,0,0,0,0
10891,0,1,1,0,0,0,0,0
10892,0,1,1,1,0,0,0,1
10893,0,0,0,0,0,0,0,0
10894,1,1,0,1,0,0,0,0
10895,0,1,1,1,0,0,0,0
10896,0,0,1,0,0,0,0,0
10897,1,1,0,0,0,0,0,0
10899,1,1,0,0,0,1,0,0
10900,1,1,0,0,0,0,0,0
10901,1,1,0,0,0,0,0,0
10904,1,1,0,0,0,0,0,1
10905,1,1,0,0,1,0,0,1
10907,0,0,0,0,0,0,0,0
10910,0,1,0,0,1,0,0,0
10913,0,1,0,1,0,0,0,0
10915,0,1,0,0,0,0,0,0
10916,0,0,0,0,0,0,0,0
10917,0,0,0,0,0,0,0,0
10919,0,1,0,1,1,0,0,1
10921,1,1,1,1,0,0,0,0
10922,0,0,0,0,0,0,0,1
10923,0,1,0,0,0,0,0,0
10925,1,1,1,0,0,0,0,0
10926,0,1,1,1,0,0,0,0
10927,1,1,1,0,0,0,0,0
10928,1,1,0,1,1,0,0,0
10929,1,1,0,1,0,0,0,1
10934,0,0,1,0,0,0,0,1
10931,0,1,0,0,0,0,1,0
10932,1,1,1,1,0,0,0,0
10933,1,1,1,1,0,0,0,1
10938,0,1,1,0,0,0,0,0
10939,1,1,1,1,0,0,0,0
10940,1,1,0,0,0,0,0,0
10941,1,1,1,1,1,0,0,1
10942,0,1,0,0,0,0,0,0
10944,0,1,1,0,0,0,0,0
10945,0,1,0,0,0,0,0,0
10946,0,1,0,1,0,0,0,1
10947,1,1,1,1,0,0,0,1
10948,1,1,0,0,0,0,0,0
10949,0,0,0,0,0,0,0,1
10950,1,1,0,0,0,0,0,0
10952,1,1,1,0,0,0,0,0
10953,1,1,1,1,0,0,0,0
10954,0,0,0,0,0,0,0,0
10955,0,1,0,0,1,0,0,0
10956,1,1,1,1,0,0,0,0
10957,1,1,1,0,0,0,0,1
10958,1,1,1,0,0,0,0,0
10960,0,1,1,0,0,0,0,0
10962,1,1,0,1,0,0,0,1
10963,1,1,0,0,0,0,0,1
10964,1,1,1,0,0,0,0,0
10965,0,0,0,0,0,0,0,1
10966,1,1,1,1,0,0,0,1
10967,0,1,0,0,0,0,0,0
10968,1,1,1,0,0,0,0,1
10969,1,1,1,1,0,0,0,1
10971,1,1,1,1,0,0,0,0
10972,0,1,0,0,0,0,0,0
10973,1,1,0,0,0,0,0,1
10974,0,1,0,0,0,0,1,0
10980,1,1,1,1,0,0,0,1
10981,0,1,0,0,0,0,0,0
10982,1,1,0,1,1,0,0,1
10985,0,1,1,0,0,0,0,0
11017,0,0,0,0,0,0,0,0
10990,1,1,1,0,0,0,0,0
10993,1,1,1,0,0,0,0,0
10994,1,1,1,1,0,0,0,1
10995,0,1,0,0,0,0,0,0
10996,1,1,0,0,1,0,0,0
10997,0,1,1,0,0,0,0,0
10998,0,0,0,0,0,0,0,0
11001,1,1,0,0,0,0,0,0
11004,0,0,0,0,0,0,0,0
11005,1,0,1,0,0,0,0,0
11006,0,0,0,0,0,0,0,0
11007,1,1,0,0,0,0,0,0
11008,0,0,0,0,0,0,0,0
11010,0,1,0,0,0,0,0,0
11011,1,1,1,0,0,0,0,0
11012,1,1,1,1,0,0,0,0
11014,0,1,0,0,0,0,0,0
11015,0,1,1,0,1,1,1,0
11019,1,1,1,0,1,0,0,0
11021,1,1,0,0,0,0,0,0
11022,1,1,0,1,0,0,1,0
11023,1,1,0,0,0,0,0,0
11024,1,1,1,0,1,0,0,0
11025,0,1,0,0,0,0,0,0
11029,1,1,1,0,0,0,0,0
11031,0,1,0,0,0,0,0,0
11032,1,1,1,0,1,0,1,0
11033,0,1,1,0,1,0,0,0
11035,0,1,0,1,0,0,0,0
11036,0,1,0,0,0,0,0,0
11037,0,0,0,0,0,0,0,0
11039,1,1,1,0,0,0,0,0
11041,0,0,0,0,0,0,0,1
11043,1,1,0,1,0,0,0,0
11047,0,1,1,0,0,0,0,0
11048,1,1,1,0,0,0,0,1
11049,1,1,1,1,0,0,0,1
11050,1,1,0,1,0,0,0,1
11051,1,1,1,1,1,0,0,1
11053,1,1,1,1,0,0,0,1
11055,0,0,0,0,0,0,0,1
11058,1,0,0,0,0,0,1,1
11060,1,1,0,0,0,0,0,0
11061,0,1,0,0,0,0,0,1
11062,0,1,0,0,0,0,1,0
11065,1,1,1,0,0,0,0,0
11066,0,1,1,0,0,0,0,0
11069,0,1,0,0,0,0,0,0
11073,1,0,1,0,0,0,0,0
11074,0,1,0,0,0,0,0,0
11088,0,0,0,0,0,0,0,1
11079,1,1,0,0,1,0,0,0
11082,1,1,1,0,0,0,0,0
11083,1,1,0,0,0,0,0,1
11085,0,1,0,0,0,0,0,0
11086,1,1,1,0,0,1,0,1
11087,0,1,0,0,0,0,0,0
11089,0,1,0,0,0,0,0,1
11091,0,0,1,0,0,0,0,1
11093,1,1,0,1,1,0,0,1
11096,0,1,1,0,0,0,0,1
11097,1,1,0,0,0,0,0,0
11098,1,1,0,0,0,0,0,0
11099,1,1,1,1,0,0,0,0
11100,0,0,0,0,0,0,0,1
11101,0,1,1,0,0,0,0,0
11103,0,0,0,0,0,0,0,0
11105,0,1,1,1,1,0,0,0
11106,1,1,0,0,0,0,0,0
11107,1,1,1,1,0,0,0,1
11108,0,1,1,0,1,0,1,1
11109,0,0,1,0,0,0,0,0
11110,0,0,0,0,0,0,0,0
11111,1,1,1,0,0,0,0,0
11112,1,1,1,1,0,0,0,0
11114,0,0,0,0,0,0,0,0
11115,1,1,0,1,0,0,0,0
11116,0,1,0,1,0,0,0,0
11118,0,1,0,0,0,0,0,1
11119,0,0,0,0,0,0,0,1
11122,0,1,0,0,0,0,0,0
11123,0,1,0,0,1,0,0,0
11124,1,1,0,1,0,0,0,0
11125,0,0,0,0,0,0,0,1
11126,0,0,1,0,0,0,0,0
11127,1,1,1,0,0,1,0,1
11135,0,1,0,0,0,0,0,0
11136,1,1,1,0,0,0,0,0
11137,1,1,1,1,1,0,0,0
11138,1,1,1,1,0,0,0,1
11142,1,1,0,0,0,0,0,0
11143,0,0,0,0,0,0,0,1
11144,0,1,1,1,0,0,0,1
11146,1,1,1,0,0,0,0,0
11148,1,1,1,0,1,0,0,0
11151,1,1,1,1,0,0,0,1
11152,1,1,0,0,1,0,1,0
11154,0,1,1,1,0,0,0,1
11155,0,1,1,1,0,0,0,0
11158,1,1,1,0,1,0,0,1
11159,1,1,1,1,0,0,0,1
11161,0,1,1,0,0,0,0,1
11162,0,0,0,0,0,0,0,0
11166,0,1,0,1,0,0,0,0
11167,1,1,0,0,0,0,0,0
11169,1,1,1,1,0,0,0,0
11170,0,0,0,0,0,0,0,0
11171,1,1,1,1,0,0,0,0
11172,1,1,1,0,0,0,0,0
11173,1,0,1,0,0,0,0,0
11176,1,1,1,0,0,0,0,0
11178,1,0,0,0,0,1,0,0
11179,1,1,1,1,1,0,0,0
11181,0,0,0,1,1,0,0,0
11183,1,1,1,0,1,0,0,0
11185,1,1,1,0,0,0,0,0
11186,1,1,0,0,1,0,0,0
11187,1,1,1,0,0,0,0,0
11190,0,0,0,0,0,0,0,0
11191,0,0,0,0,0,0,0,0
11192,1,1,0,1,0,0,0,0
11195,1,1,1,0,0,0,0,1
11200,1,1,1,1,0,0,0,0
11201,1,1,0,0,1,0,0,0
11202,1,1,0,0,1,0,0,0
11204,0,1,0,0,0,0,0,1
11205,1,1,0,0,0,0,0,0
11206,1,1,0,1,0,0,0,0
11207,1,1,0,1,0,0,0,1
11210,1,1,1,0,1,0,0,1
11212,0,1,0,0,0,0,0,0
11213,0,0,0,0,0,0,0,1
11215,1,1,0,0,0,0,0,0
11216,0,1,1,1,0,0,0,1
11223,0,0,1,0,0,0,0,0
11236,0,0,1,0,0,0,0,0
11257,0,0,0,0,0,0,0,0
11217,0,1,0,0,0,0,0,1
11218,1,1,0,0,1,0,0,0
11219,1,1,1,1,0,0,0,1
11225,0,1,0,0,0,0,0,0
11229,1,1,1,0,0,0,0,0
11230,1,1,1,0,0,1,0,1
11232,1,1,1,0,0,0,0,0
11234,1,1,0,0,0,0,0,1
11241,0,1,1,0,1,0,0,1
11243,0,1,1,0,0,0,0,0
11244,0,1,0,0,0,0,0,0
11245,0,1,0,0,0,0,0,0
11249,0,1,0,0,0,0,0,0
11250,0,1,0,0,0,0,0,0
11251,1,1,1,1,0,0,0,0
11253,1,1,1,0,0,0,0,0
11254,1,1,0,0,0,0,0,1
11255,1,1,1,1,1,0,1,0
11258,0,1,0,0,0,0,0,0
11259,0,0,1,0,0,0,0,0
11261,1,0,0,1,1,0,0,0
11265,0,0,0,0,1,0,0,0
11266,0,0,0,0,0,0,0,0
11269,0,0,0,0,0,0,0,0
11268,1,1,1,1,0,0,0,1
11270,0,0,0,0,0,0,0,0
11273,1,1,0,0,0,0,0,0
11278,0,0,0,0,0,0,0,0
11282,0,0,0,0,0,0,0,1
11281,1,1,1,0,0,0,0,0
11284,1,1,0,0,0,0,0,0
11285,1,1,1,0,1,0,1,0
11288,0,0,0,0,0,0,0,0
11289,0,1,1,0,0,0,0,0
11290,0,1,1,1,0,0,0,0
11291,1,1,1,1,0,0,0,1
11292,1,1,1,1,0,0,0,1
11295,0,1,0,0,0,0,0,0
11296,1,1,0,0,0,0,0,0
11298,0,0,0,0,0,0,0,0
11299,1,1,0,1,1,0,0,1
11300,1,1,1,0,1,0,0,0
11301,1,1,1,0,0,0,0,1
11302,1,1,1,1,1,0,0,0
11303,0,0,0,0,0,0,0,1
11305,0,1,0,0,0,0,0,0
11306,0,1,0,1,0,1,0,0
11310,1,1,0,0,0,0,0,0
11314,1,1,1,1,0,0,0,0
11315,1,1,1,0,0,0,0,0
11319,0,1,0,1,0,0,0,1
11320,1,1,0,0,0,0,0,0
11321,1,0,1,0,0,0,0,0
11322,1,1,1,1,0,0,0,1
11324,1,1,0,0,0,0,0,0
11349,0,0,0,0,0,0,0,0
11325,1,1,1,0,0,0,0,1
11326,1,1,1,1,0,0,0,1
11327,1,1,1,1,0,0,0,1
11328,0,1,0,0,0,0,0,1
11329,1,1,1,1,0,0,0,1
11330,1,1,1,0,0,0,0,1
11332,0,0,0,0,0,0,0,0
11333,1,1,0,1,0,0,0,1
11334,1,1,1,0,0,0,0,0
11339,1,1,0,1,1,0,1,0
11342,1,1,1,0,0,0,0,0
11345,0,1,0,0,1,0,0,0
11346,1,1,0,1,1,0,1,0
11348,1,1,1,0,0,0,0,0
11350,0,0,0,0,0,0,0,0
11356,0,0,0,0,0,0,0,1
11353,0,1,0,0,0,0,0,0
11358,0,1,1,1,1,0,0,1
11359,1,1,0,0,0,0,0,0
11360,1,1,1,1,0,0,0,0
11361,1,1,1,0,0,0,0,0
11362,0,1,1,1,0,0,0,0
11364,1,1,0,1,1,0,0,0
11370,0,1,1,1,1,0,0,1
11371,0,1,0,0,0,0,0,0
11372,1,1,1,0,1,0,1,0
11374,0,1,1,0,0,0,0,1
11376,1,1,0,0,1,0,0,1
11379,1,1,1,0,0,0,0,0
11382,0,1,1,0,0,0,0,0
11386,1,1,1,0,1,0,0,0
11388,0,0,0,0,0,0,0,0
11389,1,1,0,0,0,0,0,0
11390,0,1,1,0,0,0,0,0
11391,0,1,1,0,1,0,0,1
11393,0,1,0,0,0,0,0,0
11394,1,1,0,0,0,0,0,0
11396,0,1,0,1,0,0,0,0
11397,0,0,0,0,0,0,0,1
11402,0,1,0,0,0,0,0,0
11404,1,1,0,0,0,0,0,0
11410,1,1,0,0,0,0,0,0
11411,0,1,0,1,0,0,0,0
11412,1,0,0,1,1,0,0,0
11413,1,1,1,0,0,0,0,0
11414,0,1,0,0,0,0,0,0
11416,1,1,1,0,0,0,0,0
11419,0,0,0,0,0,0,0,0
11420,1,1,1,1,0,0,0,0
11422,1,1,1,0,0,0,0,0
11425,1,1,0,0,0,0,0,0
11428,0,1,0,0,0,0,0,1
11429,1,1,1,0,0,0,0,0
11432,1,1,1,1,0,0,0,1
11434,1,1,0,0,0,0,0,0
11435,1,1,0,0,0,0,0,0
11437,0,0,1,0,0,0,0,1
11438,0,0,0,0,0,0,0,0
11439,1,1,1,0,0,0,0,0
11442,0,0,1,0,0,0,0,1
11444,0,0,1,0,0,0,0,0
11445,0,1,0,0,0,0,0,0
11446,1,1,1,0,1,0,0,0
11448,1,1,1,0,1,0,0,0
11449,0,1,0,0,0,0,0,0
11453,0,0,0,0,0,0,0,1
11454,0,0,0,0,0,0,0,1
11455,1,1,1,1,0,0,0,1
11456,0,0,0,0,0,0,0,0
11457,1,1,1,1,1,0,0,0
11458,1,1,0,1,1,0,0,0
11459,0,1,1,0,0,0,0,0
11460,1,1,1,0,0,0,0,0
11461,1,1,0,0,0,0,0,0
11462,1,1,1,0,0,0,0,0
11463,1,1,1,0,0,0,0,0
11465,0,0,0,0,0,0,0,0
11464,1,1,1,1,1,0,0,0
11467,1,1,1,0,0,0,0,0
11471,0,0,0,0,0,0,0,1
11472,0,1,1,0,0,0,0,0
11480,0,0,0,0,0,0,0,1
11492,0,0,1,0,0,0,0,0
11489,0,0,1,0,0,0,0,1
11535,0,0,1,0,0,0,0,1
11569,0,0,0,0,0,0,0,0
11598,0,0,0,0,0,0,0,1
11610,0,0,0,0,0,0,0,0
11612,0,0,0,0,0,0,0,1
11616,0,0,0,0,0,0,0,0
11618,0,0,0,0,0,0,0,1
11632,0,0,0,0,0,0,0,0
11659,0,0,0,0,0,0,0,1
11660,0,0,0,0,0,0,0,1
11666,0,0,0,0,0,0,0,1
11686,0,0,0,0,0,0,0,0
11690,0,0,0,0,0,0,0,0
11704,0,0,0,0,0,0,0,1
11712,0,0,0,0,0,0,0,1
11468,1,1,0,1,0,0,0,0
11470,1,1,0,0,0,0,0,0
11473,1,1,0,0,0,0,0,0
11475,1,1,1,0,0,0,0,0
11477,0,0,0,0,0,0,0,0
11478,1,1,0,0,0,0,0,0
11481,1,1,0,0,0,0,0,1
11484,0,0,0,0,0,0,0,1
11485,1,1,1,0,0,0,0,0
11488,1,1,1,0,0,0,0,0
11494,0,0,0,0,0,0,0,1
11490,1,1,0,0,0,0,0,0
11491,1,1,1,0,0,0,0,0
11495,0,1,1,0,0,0,0,0
11498,0,1,0,1,0,0,0,1
11499,1,1,0,0,0,0,0,0
11500,1,1,0,1,1,0,0,0
11501,1,1,0,1,0,1,0,1
11502,0,1,1,0,0,0,0,0
11504,0,0,0,0,0,0,0,0
11505,1,1,1,1,0,0,0,1
11506,0,1,0,0,0,0,0,1
11507,1,1,1,0,0,0,0,0
11509,0,1,0,1,1,0,0,1
11510,0,1,0,1,0,0,0,1
11511,1,1,0,0,0,0,0,0
11513,0,0,0,0,0,0,0,1
11515,0,0,0,0,0,0,0,1
11517,1,1,1,0,0,0,0,0
11518,1,1,1,1,1,0,0,0
11519,1,1,0,0,0,0,0,0
11521,1,1,1,1,0,0,0,0
11522,1,1,1,0,0,0,0,0
11523,0,1,0,1,0,0,0,0
11524,0,0,0,0,0,0,0,1
11525,0,0,1,0,0,0,0,1
11527,1,1,0,1,0,0,0,0
11529,1,1,0,0,0,0,0,0
11532,0,1,1,0,0,0,0,1
11533,0,1,1,0,1,0,0,0
11534,1,1,0,0,0,0,0,0
11538,1,1,1,1,0,0,0,0
11539,1,1,1,1,0,0,0,1
11540,1,1,1,0,0,0,0,0
11541,1,1,1,1,0,0,0,1
11543,0,0,1,0,0,0,0,0
11545,1,1,1,1,0,0,0,0
11547,1,1,1,1,0,0,0,1
11548,1,1,1,1,0,0,0,0
11549,1,1,1,0,0,0,0,0
11552,1,1,1,1,0,0,0,0
11554,0,0,0,0,0,0,0,1
11555,1,1,0,0,1,0,0,1
11556,0,1,0,1,0,0,0,0
11557,1,1,0,0,0,0,0,1
11558,0,0,0,0,0,0,0,0
11559,1,1,1,1,0,0,0,0
11562,1,1,1,0,0,0,0,0
11563,1,1,1,1,0,0,0,0
11565,1,1,1,1,0,0,0,1
11566,1,1,0,0,0,0,0,0
11567,0,0,0,0,0,0,0,0
11568,0,0,0,0,0,0,0,1
11570,1,1,0,0,0,0,0,0
11571,1,1,0,0,0,0,0,0
11572,1,1,1,0,0,0,0,0
11573,1,1,1,1,0,1,0,0
11574,1,1,0,0,0,0,0,1
11575,1,1,1,1,0,0,0,0
11576,1,1,1,0,0,0,0,0
11578,1,1,1,0,1,0,0,1
11579,0,1,1,1,0,0,0,0
11580,1,1,1,0,0,0,0,0
11581,1,1,1,0,1,0,0,0
11587,0,0,0,0,0,0,0,1
11582,0,0,0,0,0,0,0,0
11590,1,1,1,1,0,0,0,0
11592,1,1,1,0,0,0,0,0
11593,0,1,1,0,0,0,0,0
11595,1,1,1,1,0,0,0,1
11599,0,0,0,0,0,0,0,1
11601,1,1,0,0,0,0,0,0
11603,1,1,1,0,0,0,0,0
11604,1,1,0,0,0,0,0,0
11605,1,1,0,0,0,0,0,0
11607,0,0,1,0,0,0,0,0
11609,0,1,1,0,0,0,0,0
11611,1,1,1,1,0,0,0,0
11619,0,1,1,0,0,0,0,0
11621,0,1,0,0,0,0,0,0
11623,1,1,1,0,0,0,0,0
11624,1,1,0,0,0,0,0,0
11625,1,1,1,0,0,0,0,0
11629,1,1,1,1,0,0,0,1
11631,1,1,0,0,0,0,0,0
11634,1,1,1,1,0,0,0,1
11635,0,1,1,1,0,0,0,1
11638,1,1,0,0,0,0,0,0
11639,0,0,1,0,0,0,0,1
11640,1,1,1,0,0,0,0,0
11641,1,1,1,0,0,0,0,0
11642,1,1,0,0,0,0,0,0
11644,1,1,0,1,1,0,0,1
11647,1,1,0,0,0,0,0,0
11648,1,1,1,1,0,0,0,0
11653,1,1,0,0,0,0,0,0
11654,0,1,1,1,0,0,0,1
11655,0,1,0,1,1,0,0,1
11661,0,0,0,0,0,0,0,0
11662,1,1,1,0,0,0,0,0
11667,1,1,0,1,0,0,0,1
11670,1,1,0,0,0,0,0,0
11672,1,1,1,1,0,0,0,0
11675,1,1,0,0,1,0,0,0
11677,0,0,1,0,0,0,0,0
11679,1,1,0,0,0,0,0,0
11680,0,0,1,0,0,0,0,0
11682,0,1,0,1,0,0,0,0
11685,0,0,0,0,1,0,0,0
11689,1,1,1,1,1,0,0,0
11691,0,1,0,1,0,0,0,0
11692,1,1,1,0,0,0,0,0
11693,0,0,0,0,0,0,0,0
11695,0,0,0,0,0,0,0,0
11696,1,1,1,1,0,0,0,0
11697,1,1,0,0,0,0,0,0
11699,0,0,1,0,0,0,0,0
11700,0,1,1,0,0,0,0,0
11703,0,1,1,0,0,0,0,1
11706,1,1,1,0,0,0,0,0
11707,1,1,1,1,1,0,0,1
11708,1,1,1,1,0,0,0,1
11713,0,1,0,0,0,0,0,0
11714,0,1,0,0,0,0,0,1
11715,1,1,1,1,0,0,0,1
11719,1,1,0,0,0,0,0,0
11720,1,1,0,0,0,0,0,0
11724,1,1,1,0,0,0,0,1
11725,1,1,1,1,0,0,0,1
11726,1,1,0,0,0,0,0,0
11727,0,1,1,1,0,0,0,1
11730,1,1,1,1,0,0,0,1
11731,1,1,1,0,0,0,0,0
11732,1,1,1,0,0,0,0,0
11734,1,1,0,0,0,0,0,0
11735,1,1,0,0,0,0,0,0
11737,1,1,0,0,0,0,0,0
11739,1,1,1,1,0,0,0,1
11740,1,1,0,1,0,0,0,1
11743,1,1,0,1,1,0,0,0
11744,0,0,0,0,0,0,0,1
11747,0,0,0,0,0,0,0,0
11748,0,0,0,0,0,0,0,1
11752,1,1,0,0,0,0,0,0
11760,0,0,0,0,0,0,0,0
11753,1,1,1,0,0,0,0,0
11754,0,1,0,0,1,0,0,0
11755,1,1,1,1,1,0,0,0
11756,1,1,1,1,0,0,0,1
11757,1,1,0,0,0,0,0,0
11761,1,1,0,1,0,0,0,1
11768,0,1,0,0,1,0,0,0
11771,1,1,0,0,0,0,0,0
11773,0,0,0,0,0,0,0,0
11775,1,1,1,0,0,0,0,0
11777,1,1,0,0,0,0,0,1
11778,1,1,1,1,1,0,0,1
11779,1,1,1,0,0,0,0,0
11780,0,1,0,0,1,0,0,0
11781,1,1,0,0,0,0,0,0
11782,0,0,0,0,0,0,0,1
11783,1,1,0,1,0,0,0,0
11784,0,1,0,0,0,0,0,1
11786,0,0,0,0,0,0,0,1
11785,1,1,1,0,0,0,0,0
11787,1,1,0,0,0,0,0,0
11790,0,1,1,0,0,1,0,0
11791,0,0,1,0,0,0,0,1
11793,1,1,1,1,0,0,0,1
11794,0,1,1,1,0,0,0,0
11796,1,1,0,0,0,0,0,0
11797,1,1,1,0,0,0,0,0
11799,0,1,1,0,0,0,0,0
11803,0,1,1,0,0,0,0,0
11808,0,0,0,0,0,0,0,1
11813,0,0,0,0,0,0,0,0
11819,0,0,1,0,0,0,0,0
11805,1,1,0,0,0,0,0,0
11806,0,0,0,0,1,0,0,0
11807,1,1,1,0,0,0,0,0
11810,0,1,0,0,0,0,0,0
11812,0,1,1,1,0,0,0,0
11814,0,0,0,0,0,0,0,0
11815,1,1,0,0,0,0,0,0
11818,1,1,1,1,0,0,0,0
11820,1,1,1,1,0,0,0,0
11823,0,0,0,0,0,0,0,0
11824,1,1,0,0,0,0,0,1
11825,1,1,1,1,0,0,0,1
11826,1,1,1,0,0,0,0,0
11827,0,0,0,0,0,0,0,0
11828,0,1,1,0,0,0,0,0
11833,0,0,0,0,0,0,0,1
11831,0,1,1,0,0,0,0,1
11834,1,1,1,0,1,0,0,0
11838,0,0,0,0,0,0,0,0
11839,1,1,1,1,0,0,0,1
11841,1,1,1,0,0,0,0,0
11843,1,1,1,0,0,0,0,0
11845,1,1,1,0,0,0,0,0
11846,0,0,0,0,0,0,0,0
11847,0,0,1,1,1,0,0,0
11848,1,1,0,1,1,0,0,0
11849,1,1,0,0,0,0,0,0
11850,1,1,1,1,0,0,0,0
11853,0,1,1,0,0,0,0,0
11854,1,1,1,0,0,0,0,0
11855,1,1,0,0,0,0,0,0
11856,1,1,1,0,1,0,0,0
11857,0,1,0,1,0,0,0,1
11867,0,0,0,0,0,0,0,0
11860,0,0,0,0,0,0,0,1
11861,1,1,0,0,0,0,0,0
11862,1,1,0,1,1,0,0,1
11864,0,0,0,0,0,0,0,0
11866,0,0,0,0,0,0,0,1
11868,1,1,1,1,0,0,0,0
11871,1,1,1,1,0,0,0,0
11872,1,1,0,0,0,0,0,0
11873,0,0,0,0,0,0,0,0
11874,1,1,1,1,0,0,0,0
11880,1,1,1,1,1,1,0,1
11881,1,1,1,1,0,0,0,1
11882,0,0,0,0,0,0,0,0
11883,0,0,1,0,0,0,0,0
11885,1,1,0,0,0,0,0,0
11886,0,1,0,1,0,0,0,0
11887,0,0,0,0,0,0,0,1
11888,1,1,0,0,0,0,0,0
11889,1,1,1,0,0,0,0,0
11892,1,1,0,1,1,0,0,1
11895,1,1,1,1,1,0,0,0
11896,1,1,1,0,1,0,0,1
11897,1,1,1,1,1,0,0,0
11901,0,0,1,1,1,0,0,0
11903,0,1,1,0,0,0,0,1
11904,1,1,1,0,0,0,0,0
11905,1,0,0,0,0,0,0,0
11906,1,1,0,0,1,0,0,1
11909,0,0,1,0,0,0,0,0
11911,0,0,0,0,0,0,0,0
11936,0,0,0,0,0,0,0,0
11914,1,1,0,0,0,0,0,0
11915,1,1,0,0,0,0,0,0
11917,1,1,0,1,0,0,0,1
11918,1,1,1,1,0,0,0,0
11919,1,1,1,1,0,0,0,1
11923,0,1,0,0,0,0,0,0
11924,0,1,0,0,0,0,1,0
11925,1,1,0,0,0,0,0,0
11926,1,1,1,0,0,0,1,0
11927,1,1,1,1,0,0,0,0
11928,0,0,0,0,0,0,0,0
11929,1,1,1,0,0,0,0,0
11931,0,1,1,0,1,0,1,1
11938,1,1,1,0,0,0,0,0
11939,0,1,0,0,0,0,0,0
11940,0,0,0,1,1,0,0,0
11941,1,0,0,0,1,0,0,0
11942,1,1,1,0,1,0,0,0
11943,1,1,0,1,0,0,0,0
11945,0,1,0,0,0,0,0,0
11948,1,1,0,1,1,0,0,1
11949,1,1,1,1,0,0,0,1
11951,1,1,0,0,0,1,0,1
11952,0,1,0,0,0,0,0,0
11953,0,1,0,0,0,0,0,0
11954,0,1,1,0,0,1,0,1
11956,0,1,0,0,0,0,0,0
11957,1,1,1,0,0,0,0,0
11960,0,0,1,0,0,0,0,0
11961,1,1,0,0,0,0,0,0
11964,0,1,1,0,0,0,0,1
11965,0,1,0,0,0,0,0,1
11966,1,1,0,0,0,0,0,0
11967,0,1,1,0,0,0,0,0
11968,0,0,0,0,0,0,0,0
11969,1,1,0,0,0,0,0,1
11971,0,0,0,0,0,0,0,0
11972,0,1,0,0,0,0,0,0
11976,1,1,1,1,0,0,0,1
11977,0,1,0,0,0,0,0,0
11978,0,1,1,1,0,0,0,0
11979,1,1,1,1,1,0,0,1
11980,1,1,0,1,0,0,0,0
11982,1,1,0,1,0,0,0,0
11984,1,1,1,1,0,0,0,1
11987,1,1,1,1,0,0,0,0
11988,0,0,1,0,0,0,0,0
11991,0,1,0,0,0,0,0,0
11992,0,0,0,0,0,0,0,0
11996,0,1,1,0,0,0,0,0
11997,1,1,1,0,0,0,0,1
11998,0,1,1,0,0,0,0,0
11999,1,1,1,0,0,0,0,0
12001,1,1,0,0,0,0,0,0
12013,0,0,0,0,0,0,0,0
12003,1,1,1,1,0,1,0,1
12005,1,1,1,0,0,0,0,0
12006,1,1,0,1,1,0,0,0
12008,1,1,0,1,0,0,0,0
12010,1,0,1,0,0,0,0,0
12011,1,1,0,1,1,0,1,1
12014,1,1,1,0,1,0,0,1
12017,0,1,0,1,0,0,0,0
12018,0,0,0,0,0,0,0,0
12021,1,1,0,0,0,0,1,0
12023,1,1,1,0,1,0,1,0
12024,1,1,0,0,0,0,0,1
12027,0,1,1,0,0,0,0,0
12028,0,1,1,0,0,0,0,0
12029,1,1,1,1,1,0,0,1
12032,0,0,1,0,0,0,0,1
12030,0,0,0,0,0,0,0,0
12031,1,1,1,0,0,0,0,0
12034,0,1,0,0,0,0,0,0
12035,0,1,1,1,0,0,0,0
12037,0,0,1,0,0,0,0,0
12038,1,1,0,1,0,1,0,0
12039,1,1,1,1,0,0,0,1
12042,0,1,0,0,1,0,0,1
12046,0,0,0,0,0,0,0,1
12047,1,1,0,0,0,0,0,0
12048,0,0,0,0,0,0,0,0
12049,1,1,0,0,0,0,0,0
12053,1,1,1,1,0,0,0,1
12055,1,1,1,0,0,0,0,0
12058,0,0,0,0,0,0,0,1
12059,0,0,0,0,0,0,0,1
12061,1,1,1,0,0,0,0,0
12062,1,1,1,1,0,0,0,1
12063,1,1,0,1,0,0,0,0
12066,1,1,0,1,0,0,0,0
12067,1,0,1,0,0,0,0,0
12068,0,1,0,0,0,0,0,0
12069,1,1,0,0,0,0,0,1
12086,0,0,1,0,0,0,0,1
12070,1,1,1,0,1,0,0,1
12071,1,1,0,0,0,0,0,0
12073,1,1,1,0,0,0,1,1
12076,1,1,1,0,0,0,0,0
12077,0,1,1,1,1,0,0,0
12081,1,1,1,1,0,0,0,0
12083,1,0,1,1,1,0,0,0
12088,1,1,0,0,0,0,0,0
12092,1,1,1,1,1,0,0,1
12094,1,1,0,0,0,1,0,0
12096,1,1,1,1,0,0,0,1
12097,0,0,0,0,0,0,0,0
12098,1,1,1,0,1,0,0,0
12102,1,1,1,0,1,0,0,1
12103,1,1,1,1,1,0,0,0
12104,1,1,0,0,1,0,0,0
12108,0,1,0,0,0,0,0,0
12109,0,0,0,0,1,0,0,0
12110,1,1,0,0,0,0,0,0
12113,1,1,1,0,0,0,0,0
12116,0,1,1,1,0,1,0,0
12117,1,1,1,1,0,0,0,1
12118,1,1,1,1,0,0,0,1
12122,0,0,0,0,0,0,0,0
12120,1,1,0,0,0,0,0,0
12121,0,1,0,1,0,0,0,0
12124,1,1,1,0,0,0,0,0
12125,0,0,1,1,1,0,0,1
12129,0,1,0,0,0,0,0,0
12130,1,1,0,0,0,0,0,0
12133,0,0,0,1,0,0,0,1
12134,1,1,1,0,0,0,0,0
12135,0,1,0,0,0,0,0,0
12136,1,1,1,0,0,0,0,0
12137,1,1,1,0,0,0,0,1
12138,1,1,1,1,0,0,0,0
12139,1,0,0,0,1,0,0,1
12142,0,1,0,0,0,0,0,0
12143,0,0,0,0,0,0,0,0
12144,0,0,0,0,0,0,0,1
12145,1,1,1,1,0,0,0,1
12146,1,1,1,0,0,0,0,0
12147,0,1,0,1,0,0,0,1
12152,1,1,0,0,0,0,0,0
12153,0,1,0,0,0,0,0,0
12158,1,1,1,1,0,0,0,0
12163,1,1,1,0,0,0,0,0
12164,1,1,1,1,0,0,0,0
12165,0,1,0,0,0,0,0,0
12169,0,0,0,0,0,0,0,0
12170,0,1,1,0,0,0,1,1
12172,0,1,0,0,0,0,0,0
12173,1,1,1,0,0,0,0,0
12174,1,1,1,1,0,0,0,0
12175,1,0,1,0,0,0,0,1
12179,1,1,0,0,1,0,0,0
12181,1,1,1,1,1,0,0,0
12182,0,0,0,0,0,0,0,1
12184,0,1,0,0,0,0,0,0
12185,0,1,1,1,0,0,0,0
12186,0,1,1,0,0,0,0,0
12189,1,1,1,0,0,0,0,0
12192,0,0,0,0,0,0,0,0
12191,1,1,0,0,0,0,0,0
12194,0,1,1,1,0,0,0,0
12196,0,1,1,0,0,0,0,1
12199,0,1,0,0,0,0,0,1
12201,1,1,0,0,0,0,0,1
12203,1,1,0,0,0,0,0,0
12205,1,1,1,0,0,0,0,0
12206,0,1,0,0,0,0,0,0
12207,0,0,0,0,0,0,0,0
12208,1,0,0,0,1,0,0,1
12209,0,1,0,0,0,0,0,0
12210,1,1,1,0,0,0,0,0
12211,1,1,1,0,0,0,0,1
12212,1,1,0,0,0,0,0,0
12215,0,0,0,0,0,0,0,0
12220,1,1,1,0,0,0,0,1
12221,0,1,0,0,0,0,0,0
12222,0,1,1,0,0,0,0,0
12224,0,1,1,0,0,0,0,1
12225,0,1,0,0,0,0,0,0
12226,1,1,1,0,0,0,0,0
12227,0,0,0,0,0,0,0,0
12229,1,1,1,1,0,0,0,0
12230,0,0,1,0,0,0,0,1
12231,1,1,0,0,0,0,0,0
12233,0,1,1,0,0,0,0,0
12234,1,1,0,0,0,0,0,0
12236,1,1,1,0,0,0,0,0
12238,1,1,1,0,0,0,0,0
12242,0,0,1,0,0,0,0,0
12249,0,0,1,0,0,0,0,0
12256,0,0,0,0,0,0,0,0
12240,1,1,1,1,0,0,0,0
12245,0,1,0,0,0,0,0,0
12246,1,0,0,0,0,0,0,0
12248,0,0,0,0,0,0,0,1
12250,1,1,0,1,1,0,0,0
12253,0,1,0,0,1,0,1,1
12254,1,1,1,0,0,0,0,0
12255,1,1,1,1,1,0,0,0
12258,1,1,0,1,0,0,0,0
12261,1,1,0,0,0,0,1,1
12264,1,1,1,1,0,0,0,0
12267,0,1,0,0,0,0,0,0
12271,1,1,1,1,0,0,0,1
12272,0,1,0,0,0,0,0,0
12274,1,1,0,0,0,0,0,1
12275,1,1,1,1,0,0,0,0
12277,0,1,0,0,0,0,0,0
12278,1,1,0,1,0,0,0,1
12281,1,1,0,1,1,0,0,0
12283,1,1,1,1,1,0,0,1
12284,1,1,1,0,0,0,0,0
12287,1,1,0,0,1,0,1,1
12289,0,0,0,0,0,0,0,0
12293,1,1,1,1,0,0,0,1
12294,0,1,1,1,0,0,0,0
12295,0,1,1,1,0,0,0,0
12301,1,1,0,1,1,1,0,0
12302,1,1,0,0,1,0,0,0
12303,1,1,1,1,0,0,0,1
12304,0,1,1,0,0,0,0,1
12305,1,1,0,0,1,0,1,0
12308,1,1,1,0,0,1,0,1
12313,0,1,1,0,0,0,0,0
12324,0,0,1,0,0,0,0,1
12332,0,0,0,0,0,0,0,1
12318,0,1,1,1,1,0,0,0
12320,0,1,0,0,0,0,0,1
12322,0,1,0,0,0,0,0,0
12323,0,1,0,0,0,0,1,0
12325,1,1,0,0,0,0,0,0
12326,1,1,1,0,1,0,0,0
12328,0,1,1,0,0,0,0,0
12330,1,1,1,1,0,0,0,1
12333,1,1,0,0,0,0,0,0
12334,0,1,1,0,1,1,1,0
12335,1,1,0,0,0,0,0,0
12336,1,1,1,0,0,0,0,0
12338,1,1,1,1,0,0,0,1
12341,0,1,1,0,1,0,1,1
12343,1,1,1,0,0,0,0,0
12344,1,1,0,0,0,0,0,0
12345,1,1,1,1,0,0,0,1
12350,0,1,1,1,0,0,0,0
12352,1,1,0,0,0,0,0,1
12356,0,0,0,0,0,0,0,0
12353,0,1,1,1,0,0,0,0
12354,0,1,0,0,0,0,0,0
12357,1,1,1,0,1,0,1,0
12358,0,1,0,1,0,0,0,0
12359,1,1,0,0,1,0,0,0
12361,1,1,1,0,0,0,0,0
12363,1,1,0,1,0,0,0,1
12364,0,1,0,0,0,0,0,0
12365,1,1,1,0,0,0,0,0
12367,1,1,1,1,0,0,0,1
12368,1,0,1,0,1,0,0,1
12369,0,0,0,0,0,0,0,1
12371,1,1,1,1,0,0,0,0
12372,0,0,0,0,0,0,0,0
12373,0,1,0,1,1,0,0,0
12374,0,1,1,1,0,0,0,0
12375,0,0,0,0,0,0,0,1
12376,1,1,0,0,0,0,0,0
12377,0,1,0,0,0,0,0,0
12378,1,1,1,1,0,0,0,1
12379,1,1,0,0,0,0,0,1
12382,0,1,1,1,1,0,0,1
12383,1,1,1,1,0,1,0,1
12384,1,1,1,0,0,0,0,0
12387,1,1,0,0,0,0,0,1
12390,1,1,1,1,1,0,0,1
12393,1,1,0,0,0,0,0,0
12394,0,1,1,0,0,0,0,0
12395,0,1,0,0,0,0,0,1
12396,1,1,1,0,0,0,0,0
12400,0,0,1,0,0,0,0,1
12401,1,1,1,0,0,0,0,0
12403,1,1,1,0,0,0,0,0
12404,0,0,0,0,0,0,0,1
12405,0,1,0,0,0,0,0,0
12409,0,1,0,0,0,0,0,0
12411,1,1,0,0,0,0,0,0
12412,1,1,1,1,1,0,0,1
12413,0,0,0,0,0,0,0,0
12414,0,1,0,0,1,0,0,0
12416,1,1,0,0,0,0,0,0
12418,1,1,1,0,0,0,0,0
12421,1,1,1,1,1,0,0,1
12422,1,1,0,0,0,0,0,0
12435,0,0,0,0,0,0,0,1
12438,0,0,1,0,0,0,0,1
12440,0,1,1,0,0,0,0,0
12442,0,0,0,0,0,0,0,1
12462,0,0,0,0,0,0,0,1
12499,0,0,0,0,0,0,0,1
12474,0,0,0,0,0,0,0,0
12503,0,0,0,0,0,0,0,1
12536,0,0,0,0,0,0,0,1
12569,0,0,0,0,0,0,0,1
12580,0,0,0,0,0,0,0,0
12591,0,0,0,0,0,0,0,0
12604,0,0,0,0,0,0,0,0
12606,0,0,0,0,0,0,0,0
12618,0,0,0,0,0,0,0,1
12633,0,0,0,0,0,0,0,0
12639,0,0,0,0,0,0,0,0
12652,0,0,0,0,0,0,0,1
12659,0,1,1,0,0,0,0,0
12667,0,0,0,0,0,0,0,0
12685,0,1,1,0,0,0,0,1
12691,0,0,0,0,0,0,0,1
12689,0,0,1,0,0,0,0,0
12694,0,0,0,0,0,0,0,0
12716,0,0,0,0,0,0,0,0
12744,0,1,1,1,0,0,0,0
12746,0,0,0,0,0,0,0,0
12745,0,0,0,0,0,0,0,1
12423,0,1,1,1,1,0,0,0
12425,1,1,1,1,0,0,0,0
12426,1,1,0,0,0,0,0,0
12427,0,1,0,0,0,0,0,0
12428,0,1,1,1,0,0,0,1
12429,0,0,0,0,0,0,0,0
12431,1,1,0,0,0,0,0,0
12433,1,0,1,0,1,0,0,1
12436,1,1,0,0,0,0,0,0
12441,1,1,0,0,0,0,0,0
12443,1,1,1,1,0,0,0,0
12446,0,1,0,0,0,0,0,0
12448,0,1,0,1,0,0,0,0
12451,1,1,0,0,0,0,0,0
12452,1,1,1,1,0,0,0,0
12454,0,1,0,0,0,0,0,1
12455,1,1,1,0,0,0,0,1
12456,0,1,0,1,0,0,0,0
12458,1,1,0,0,1,0,0,0
12459,1,1,0,0,0,0,0,0
12460,0,0,0,0,0,0,0,0
12461,0,1,1,0,0,0,0,0
12463,1,1,1,0,0,0,0,0
12465,1,1,0,0,0,0,0,0
12466,1,1,1,1,0,0,0,0
12470,0,0,1,0,0,0,0,1
12473,1,1,0,1,0,0,0,1
12477,1,0,0,0,0,0,0,0
12479,1,1,0,1,0,0,0,1
12480,0,0,0,0,0,0,0,0
12481,0,0,0,0,0,0,0,0
12482,1,1,1,0,0,0,1,1
12487,1,1,1,1,1,0,0,1
12488,1,1,0,1,0,0,0,0
12489,1,1,1,1,0,0,0,0
12490,0,1,0,0,0,0,0,0
12492,1,1,1,0,0,0,0,0
12495,1,1,1,1,1,0,0,1
12496,1,1,1,1,0,0,0,0
12500,0,1,1,0,0,0,0,0
12501,0,0,0,0,0,0,0,0
12502,0,1,1,0,0,0,0,0
12504,1,1,0,0,0,0,0,0
12505,1,1,0,0,0,0,0,1
12506,1,1,1,1,0,0,0,0
12507,1,1,1,0,1,0,1,1
12508,0,1,0,0,0,0,0,0
12509,0,1,0,0,0,0,0,0
12512,1,1,1,0,0,0,0,1
12513,1,0,0,0,0,0,0,0
12519,1,1,1,0,0,0,0,0
12520,1,1,1,0,0,0,0,0
12522,0,1,0,0,1,0,0,0
12527,1,1,1,0,0,0,0,0
12528,1,1,0,0,0,0,0,0
12531,0,0,0,0,0,0,0,1
12539,0,0,0,0,0,0,0,0
12533,1,1,1,1,0,0,0,0
12534,1,1,1,1,0,0,0,0
12535,0,1,1,0,0,0,0,0
12543,1,1,0,1,0,0,0,1
12545,1,1,0,0,0,0,0,0
12547,1,1,1,0,0,0,0,0
12548,0,1,0,0,0,0,0,0
12551,0,1,1,0,0,0,0,0
12553,0,1,1,0,0,0,0,0
12554,1,1,1,0,0,0,0,0
12555,0,1,1,1,0,0,0,0
12557,1,1,1,1,0,0,0,0
12559,1,1,0,0,1,0,0,0
12560,1,1,0,1,0,0,0,1
12561,0,1,0,0,0,0,0,0
12562,1,1,1,1,1,0,1,0
12563,1,1,0,0,0,0,0,0
12567,0,1,1,0,0,0,1,0
12568,1,1,1,0,0,0,0,0
12575,1,1,1,1,0,0,0,1
12576,0,1,1,0,0,0,0,1
12577,0,1,0,0,0,0,0,0
12581,1,1,1,1,0,0,0,1
12597,0,0,0,0,0,0,0,1
12582,1,1,0,0,0,0,0,0
12583,0,1,0,0,0,0,0,0
12584,0,1,0,0,1,0,0,0
12589,0,1,0,0,0,0,0,0
12592,0,1,0,0,0,0,0,1
12594,1,1,1,0,0,0,0,1
12596,1,1,0,0,0,0,0,1
12598,1,1,0,1,0,0,0,0
12599,0,1,0,0,0,0,0,0
12600,0,1,0,0,0,0,0,0
12601,1,1,1,1,0,0,0,0
12602,0,1,1,1,0,0,0,0
12603,1,1,1,0,0,0,0,0
12607,1,1,1,0,0,0,0,0
12609,0,1,1,1,1,0,0,0
12610,0,1,0,0,0,0,0,0
12612,1,1,0,0,0,0,0,0
12616,1,1,1,1,0,0,0,1
12622,1,1,0,0,0,1,0,1
12627,1,1,1,1,1,0,0,0
12628,1,1,0,0,0,0,0,0
12629,1,1,0,0,1,0,0,0
12631,1,1,0,0,1,0,0,1
12634,1,1,0,0,1,0,1,1
12636,1,1,0,0,0,0,0,0
12638,1,1,1,0,0,0,0,0
12640,0,0,0,0,0,0,0,1
12641,0,1,1,0,0,0,0,0
12642,0,1,0,1,0,0,0,0
12644,1,1,1,0,0,0,0,0
12646,0,0,0,0,0,0,0,0
12647,1,1,0,1,0,0,0,1
12660,0,0,0,0,0,0,0,0
12648,0,0,1,0,0,0,0,0
12649,0,0,0,0,0,0,0,0
12650,1,1,1,1,1,0,0,0
12651,0,1,1,0,0,0,0,0
12657,1,1,0,0,0,0,0,0
12658,1,1,1,1,1,0,0,1
12663,1,1,1,0,0,0,0,0
12665,1,1,1,0,0,0,0,0
12666,1,1,1,1,1,0,0,1
12668,0,1,1,0,0,0,0,0
12670,1,1,1,0,1,0,0,0
12671,1,1,1,0,0,0,0,0
12673,0,0,0,0,0,0,0,0
12674,0,1,1,0,0,0,0,0
12675,1,1,0,0,0,0,0,0
12677,0,1,1,0,0,0,0,1
12678,1,1,1,1,0,0,0,1
12679,1,1,1,1,0,0,0,1
12680,1,1,1,1,1,0,0,0
12683,1,1,1,1,1,0,0,0
12684,1,1,0,0,0,0,0,0
12687,1,1,1,1,0,0,0,0
12688,1,1,1,0,0,0,0,1
12690,1,1,1,1,0,0,0,1
12697,1,1,0,0,0,0,0,0
12698,1,1,1,0,0,0,0,0
12699,0,1,1,0,1,0,0,0
12700,1,1,1,1,0,0,0,0
12701,1,1,1,0,0,0,0,0
12703,0,1,1,0,0,0,0,0
12706,1,1,1,0,0,0,0,0
12707,1,1,0,0,0,0,0,0
12708,1,1,1,0,0,0,0,0
12713,1,1,1,0,0,0,0,0
12714,1,1,0,1,0,0,0,1
12715,0,0,0,0,0,0,0,1
12719,0,0,0,0,0,0,0,0
12717,1,1,0,1,1,0,0,1
12718,1,1,0,0,0,0,0,0
12720,0,0,0,0,0,0,0,0
12721,0,1,1,1,0,0,0,0
12722,1,1,0,0,0,0,0,0
12724,1,1,0,1,1,0,0,1
12725,1,1,1,1,0,0,0,0
12726,1,1,0,0,0,0,0,0
12727,1,1,0,0,0,0,0,0
12728,0,1,1,0,0,0,0,0
12731,1,1,0,0,0,0,0,0
12732,1,1,0,0,0,0,0,0
12735,0,1,0,0,0,0,0,1
12736,1,1,0,0,0,1,0,0
12737,0,1,0,1,0,0,0,0
12739,1,1,0,0,0,0,0,0
12740,0,0,0,0,0,0,0,0
12742,1,1,1,1,0,0,0,0
12749,0,1,1,1,1,0,0,1
12750,1,1,1,1,0,0,0,0
12751,0,1,0,0,1,0,0,0
12754,0,0,0,0,0,0,0,1
12755,1,1,1,1,0,0,0,0
12756,1,1,1,0,0,0,0,0
12757,0,1,1,0,0,0,0,0
12758,1,1,1,0,0,0,0,0
12759,1,1,0,1,0,0,0,0
12760,0,0,0,0,0,0,0,0
12762,0,1,1,1,0,0,0,0
12763,0,0,0,0,0,0,0,1
12764,0,0,0,0,0,0,0,0
12765,0,0,1,0,0,0,0,1
12766,1,1,1,0,0,0,0,0
12768,0,0,0,0,1,0,0,0
12769,0,1,1,0,0,0,0,0
12770,0,0,0,0,0,0,0,1
12771,1,1,1,1,1,0,0,0
12774,0,0,0,0,0,0,0,0
12777,1,1,0,1,0,0,0,0
12778,1,1,0,1,0,0,0,1
12779,0,1,1,0,0,0,0,0
12781,1,1,1,0,0,0,0,0
12782,1,1,0,1,0,0,0,0
12783,0,0,0,0,0,0,0,1
12784,1,1,0,1,0,0,0,0
12786,0,0,0,0,0,0,0,0
12789,1,1,1,1,0,0,0,0
12792,0,1,1,1,0,0,0,0
12795,1,1,0,1,1,0,0,0
12796,1,1,1,1,0,0,0,1
12798,0,0,0,0,0,0,0,1
12800,0,0,1,0,0,0,0,1
12801,0,1,1,1,1,0,0,0
12802,1,1,0,0,0,0,0,0
12803,1,1,0,0,0,0,0,0
12806,1,1,1,0,0,0,0,0
12809,1,1,1,0,0,0,0,0
12810,0,1,1,1,1,0,0,0
12812,1,1,1,1,0,0,0,1
12815,1,1,1,1,0,0,0,1
12816,0,0,0,0,0,0,0,0
12818,1,1,1,0,0,0,0,1
12820,1,1,1,1,0,0,0,1
12828,0,0,0,0,0,0,0,1
12838,0,0,1,0,0,0,0,1
12853,0,0,0,0,0,0,0,0
12856,0,1,1,0,0,0,0,0
12822,1,1,0,0,0,0,0,0
12823,0,0,0,0,0,0,0,0
12824,1,1,1,1,1,1,0,1
12825,1,1,0,0,0,0,0,0
12830,0,1,1,0,0,0,0,1
12832,0,1,1,0,0,0,0,1
12831,0,0,1,0,0,0,0,0
12833,1,1,0,1,0,0,0,0
12834,1,1,0,0,0,0,0,0
12835,1,1,0,0,0,0,0,0
12837,0,0,0,0,0,0,0,1
12836,0,1,0,0,0,0,0,0
12840,0,1,0,0,0,0,0,0
12843,1,1,0,0,0,0,0,1
12852,0,0,1,0,0,0,0,0
12855,0,1,0,0,0,0,0,0
12858,1,1,1,0,1,0,0,1
12859,1,1,1,0,1,0,0,0
12863,0,0,0,0,0,0,0,0
12864,1,1,0,0,0,0,0,0
12865,1,1,0,0,0,0,0,1
12867,1,0,1,1,1,0,0,0
12869,0,1,0,0,0,0,0,0
12870,1,0,0,0,0,0,0,1
12873,0,0,0,0,0,0,0,0
12874,0,1,0,0,0,0,0,0
12875,1,1,0,0,0,0,0,0
12876,1,1,1,0,0,0,0,0
12877,0,0,0,0,0,0,0,0
12879,0,0,0,0,0,0,0,0
12881,1,1,0,0,0,0,0,1
12885,0,1,0,0,0,0,0,0
12886,0,0,0,1,1,0,0,0
12887,1,1,0,0,0,0,0,0
12890,1,1,1,0,0,0,0,0
12891,1,1,0,0,0,0,0,0
12892,0,0,0,0,0,0,0,1
12894,1,1,1,0,0,0,0,0
12896,1,1,1,0,1,0,0,0
12897,0,1,1,0,1,0,0,0
12899,1,1,1,1,0,0,0,1
12900,0,1,0,0,0,0,1,0
12902,0,0,0,0,0,0,0,0
12903,0,0,0,0,0,0,0,1
12904,1,1,1,0,0,0,0,0
12905,0,1,0,0,0,0,0,0
12912,0,1,1,0,0,0,1,1
12913,1,1,0,0,1,0,0,0
12914,1,1,1,1,0,0,0,1
12915,0,1,1,1,1,0,0,1
12916,1,1,0,0,0,0,0,0
12917,0,0,0,0,0,0,0,1
12919,1,1,0,1,1,0,1,0
12920,0,0,1,0,0,0,0,0
12924,0,1,0,1,0,0,0,0
12926,0,0,1,0,0,0,0,1
12928,1,1,1,1,0,0,0,1
12930,1,1,1,0,0,0,0,1
12931,0,1,1,0,0,0,0,0
12932,1,1,1,0,0,0,1,0
12936,0,1,1,0,0,0,0,0
12957,0,0,0,0,0,0,0,1
12967,0,0,1,0,0,0,0,1
12940,1,1,0,0,0,0,0,0
12941,0,0,0,0,0,0,0,1
12942,1,1,0,0,1,0,0,1
12945,0,1,1,0,0,0,0,0
12946,1,1,1,1,0,0,0,0
12950,1,1,1,1,0,0,0,0
12951,1,1,0,0,0,0,0,0
12952,0,1,1,0,0,0,0,0
12955,1,1,1,0,0,0,0,0
12956,1,1,1,1,0,0,0,0
12958,0,1,0,0,0,0,0,0
12959,1,1,0,0,1,0,0,1
12963,0,1,0,0,0,0,0,0
12964,0,1,1,0,1,0,0,0
12965,0,1,0,0,0,0,0,0
12966,0,1,1,0,0,0,0,1
12969,1,1,0,0,1,0,0,0
12971,1,1,0,0,0,0,0,0
12976,1,1,1,0,0,0,0,0
12978,1,1,0,1,1,0,0,0
12980,0,1,0,0,0,0,0,0
12981,0,1,0,0,0,0,0,0
12983,0,0,0,0,0,0,0,1
12985,1,1,1,1,0,0,0,1
12986,1,1,0,0,0,0,0,1
12987,1,1,0,0,0,0,0,0
12989,1,1,0,1,0,0,0,1
12992,0,0,0,0,0,0,0,0
12993,0,0,0,0,0,0,0,0
12996,1,1,1,1,0,0,0,0
12997,1,1,1,0,0,0,0,0
13010,0,0,0,0,0,0,0,0
12998,1,1,0,0,0,1,0,0
12999,0,0,0,0,0,0,0,0
13001,1,1,0,0,0,0,0,0
13002,0,0,0,0,0,0,0,1
13006,1,1,1,0,0,0,0,0
13007,0,0,0,0,0,0,0,1
13008,1,1,0,0,0,0,0,0
13009,0,1,0,0,1,0,0,0
13011,0,1,1,1,0,0,0,0
13012,0,1,0,1,0,0,0,0
13015,1,1,1,1,0,0,0,0
13016,0,0,1,0,0,0,0,0
13017,0,1,0,1,0,0,0,1
13020,0,1,1,0,0,0,0,1
13022,0,1,0,0,1,0,0,0
13023,1,1,1,0,1,0,0,0
13024,0,1,1,1,0,0,0,0
13025,1,1,1,0,0,0,0,0
13028,0,0,0,0,0,0,0,0
13031,1,1,0,1,1,0,0,0
13032,1,1,0,0,0,0,0,0
13034,1,1,0,0,0,0,0,0
13036,1,1,0,0,0,0,0,0
13037,0,0,0,0,0,0,0,0
13038,1,1,1,1,0,0,0,0
13040,1,1,1,1,0,0,0,1
13044,0,0,0,0,0,0,0,0
13042,1,1,1,0,0,0,0,0
13046,0,1,1,1,0,0,0,0
13048,1,1,1,0,0,0,0,0
13049,0,0,0,0,0,0,0,1
13050,0,0,0,0,0,0,0,0
13053,1,1,1,1,0,0,0,0
13054,1,1,1,1,0,0,0,0
13055,0,0,0,0,0,0,0,0
13056,0,0,0,0,0,0,0,1
13059,1,1,0,1,0,0,0,0
13060,1,1,1,0,0,0,0,0
13061,1,1,1,1,0,1,0,1
13062,1,1,1,0,0,0,0,0
13064,1,1,0,1,0,0,0,0
13066,0,0,0,0,0,0,0,0
13069,1,1,0,0,0,0,0,0
13070,0,0,0,0,0,0,0,1
13076,0,0,0,0,0,0,0,0
13077,0,0,1,0,0,0,0,0
13078,1,1,0,0,0,0,0,1
13080,1,1,0,1,0,0,0,0
13081,1,1,0,0,0,0,0,1
13082,1,1,0,1,1,0,0,0
13083,1,1,1,0,0,0,0,0
13086,1,1,1,1,0,1,0,1
13087,1,1,1,0,0,0,0,1
13088,1,1,0,1,0,0,0,1
13089,1,1,1,0,0,0,0,0
13090,0,1,1,0,0,0,0,0
13091,1,1,1,0,0,0,0,0
13092,0,0,0,0,0,0,0,0
13097,0,0,0,0,0,0,0,0
13108,0,0,0,0,0,0,0,0
13109,0,0,0,0,0,0,0,1
13093,1,1,1,0,0,0,0,0
13094,1,1,1,1,1,0,0,0
13096,1,1,0,0,0,0,0,0
13099,1,1,0,1,0,0,0,0
13102,0,1,1,1,0,0,0,0
13103,1,1,0,0,0,0,0,0
13105,1,1,0,0,0,0,0,0
13106,1,1,1,1,0,0,0,1
13110,0,1,1,0,0,0,0,0
13111,0,1,1,1,0,0,0,0
13112,1,1,1,1,1,0,0,1
13113,1,1,1,0,0,0,0,0
13115,0,0,0,0,0,0,0,0
13116,1,1,0,0,0,0,0,0
13118,1,1,0,0,0,0,0,0
13120,0,1,0,1,1,0,0,0
13121,1,1,0,1,0,0,0,0
13122,1,1,0,0,0,0,0,0
13123,1,1,1,0,0,0,0,0
13124,0,0,0,0,0,0,0,0
13125,1,1,0,0,0,0,0,0
13126,0,0,0,0,0,0,0,0
13127,0,1,0,1,0,0,0,0
13129,0,0,0,0,0,0,0,0
13134,0,0,0,0,0,0,0,1
13131,1,1,1,1,0,0,0,1
13135,0,0,0,0,0,0,0,0
13137,1,1,1,0,0,0,0,0
13138,0,0,0,0,0,0,0,0
13140,0,1,0,0,0,0,0,0
13142,1,1,1,1,1,0,0,0
13143,0,0,0,0,0,0,0,0
13144,0,0,1,0,0,0,0,1
13145,1,1,1,1,0,0,0,1
13148,0,0,0,0,0,0,0,0
13149,0,1,1,1,1,0,0,0
13150,0,0,0,0,0,0,0,1
13151,1,1,1,1,0,0,0,0
13152,0,0,0,0,0,0,0,0
13153,1,1,1,0,0,0,0,0
13154,0,1,1,0,0,0,0,0
13155,0,0,0,0,0,0,0,1
13157,0,1,1,1,1,0,0,1
13159,0,1,1,1,1,0,0,0
13160,0,0,0,0,0,0,0,1
13161,1,1,1,1,0,0,0,0
13163,0,1,1,0,1,0,0,0
13164,0,1,1,1,0,0,0,0
13165,0,1,1,0,0,0,0,1
13171,0,0,0,0,0,0,0,1
13169,0,0,0,0,0,0,0,1
13172,1,1,0,0,1,0,0,0
13174,1,1,1,0,0,0,0,1
13175,1,1,0,0,0,0,0,0
13180,1,1,0,0,0,0,0,0
13185,1,1,0,0,0,0,0,0
13186,0,0,1,0,0,0,0,0
13188,0,0,0,0,0,0,0,0
13189,0,1,1,0,0,0,0,0
13190,0,0,0,0,0,0,0,1
13194,0,0,0,0,0,0,0,0
13195,1,1,1,1,0,0,0,1
13200,0,0,0,0,0,0,0,0
13201,0,1,1,0,0,0,0,0
13203,0,1,1,0,0,0,0,0
13205,0,0,0,0,0,0,0,0
13206,1,1,1,1,0,0,0,0
13209,1,1,1,0,0,0,0,0
13211,1,1,1,0,0,0,0,1
13212,1,1,1,1,0,0,0,1
13214,1,1,1,0,0,0,0,0
13215,1,1,1,0,0,0,0,0
13217,1,1,1,1,0,0,0,0
13220,0,0,1,0,0,0,0,0
13223,0,1,0,1,1,0,0,0
13229,0,0,0,0,0,0,0,1
13231,1,1,1,0,0,0,0,0
13232,0,1,0,0,0,0,0,0
13234,0,0,0,0,0,0,0,1
13236,0,1,1,1,0,0,0,0
13237,1,1,1,1,0,0,0,1
13238,0,1,0,1,0,0,0,1
13240,0,0,0,0,0,0,0,1
13242,0,0,0,0,0,0,0,1
13245,0,1,0,0,0,0,0,0
13247,1,1,0,0,0,0,0,1
13248,1,1,1,1,0,0,0,0
13249,1,1,0,0,0,0,0,0
13253,1,1,0,0,0,0,0,0
13254,1,1,1,1,0,0,0,1
13255,0,1,1,0,0,0,0,0
13257,0,0,1,0,0,0,0,0
13260,0,0,1,0,0,0,0,0
13261,0,0,0,0,0,0,0,0
13262,1,1,1,1,0,0,0,1
13269,0,0,0,0,0,0,0,1
13270,0,0,1,0,0,0,0,0
13265,0,1,1,0,0,0,0,0
13267,1,1,0,0,0,0,0,0
13274,1,1,0,0,0,0,0,0
13275,0,0,0,0,0,0,0,1
13276,1,1,0,0,0,0,0,0
13277,1,1,1,0,0,0,0,0
13278,0,0,0,0,0,0,0,1
13318,0,0,0,0,0,0,0,1
13333,0,0,1,0,0,0,0,0
13337,0,0,0,0,0,0,0,1
13353,0,0,0,0,0,0,0,0
13359,0,0,0,0,0,0,0,1
13360,0,0,1,0,0,0,0,0
13369,0,0,0,0,0,0,0,1
13381,0,0,1,0,0,0,0,0
13387,0,0,0,0,0,0,0,0
13391,0,0,1,0,0,0,0,1
13407,0,0,0,0,0,0,0,1
13411,0,0,0,0,0,0,0,1
13443,0,1,1,0,0,0,0,1
13455,0,0,1,0,0,0,0,1
13465,0,0,0,0,0,0,0,1
13485,0,0,0,0,0,0,0,1
13495,0,0,0,0,0,0,0,1
13496,0,0,0,0,0,0,0,0
13505,0,0,0,0,0,0,0,1
13517,0,0,0,0,0,0,0,0
13527,0,0,0,0,0,0,0,0
13538,0,0,1,0,0,0,0,1
13549,0,0,0,0,0,0,0,0
13552,0,0,0,0,0,0,0,1
13555,0,0,0,0,0,0,0,0
13558,0,0,0,0,0,0,0,0
13563,0,0,1,0,0,0,0,1
13578,0,0,0,0,0,0,0,1
13281,0,0,1,0,0,0,0,1
13279,1,1,0,1,0,0,0,1
13282,1,1,1,1,0,0,0,0
13288,1,1,0,1,0,1,0,0
13291,0,0,0,0,0,0,0,0
13292,1,1,1,1,0,0,0,1
13293,1,1,1,1,0,0,0,1
13295,0,1,1,0,0,0,0,0
13297,0,0,0,0,0,0,0,1
13298,0,0,0,0,0,0,0,0
13299,0,0,1,1,0,0,0,0
13301,1,1,1,0,0,0,0,0
13305,0,1,1,0,0,0,0,0
13307,1,1,0,1,1,0,0,1
13312,0,1,1,0,1,0,0,1
13314,1,1,0,1,1,0,0,1
13315,0,1,1,1,1,0,0,1
13316,0,1,0,0,0,0,0,0
13319,1,1,0,0,0,0,0,1
13320,0,1,0,1,0,0,0,0
13322,1,1,1,1,0,0,0,1
13323,0,1,1,1,1,0,0,1
13324,1,1,1,1,0,0,0,1
13325,1,1,1,1,0,0,0,1
13326,1,1,1,1,0,0,0,1
13332,1,1,1,0,1,0,0,0
13336,1,1,0,0,1,0,0,0
13338,1,1,1,0,0,0,0,0
13339,0,0,0,0,0,0,0,1
13341,0,1,1,0,0,0,0,1
13342,0,1,0,1,1,0,0,0
13343,1,1,0,0,1,0,0,1
13344,0,0,0,0,0,0,0,0
13346,1,1,1,0,0,0,0,0
13347,0,0,1,0,0,0,0,0
13349,1,1,1,1,1,0,0,1
13351,0,0,1,0,0,0,0,0
13354,0,1,0,1,0,0,0,1
13356,1,1,0,0,0,0,0,0
13357,1,1,1,1,1,0,0,0
13361,1,1,0,0,0,0,0,0
13362,1,1,0,0,0,0,0,0
13365,0,0,0,0,0,0,0,1
13367,0,1,0,1,0,0,0,0
13370,0,1,1,1,0,0,0,0
13371,1,1,0,0,0,0,0,0
13378,1,1,1,1,0,0,0,1
13380,0,0,0,0,0,0,0,1
13382,1,1,1,0,0,0,0,0
13383,1,1,1,0,0,0,0,0
13385,1,1,1,0,0,0,0,0
13392,0,1,1,0,0,0,0,0
13393,1,1,1,1,1,0,0,0
13397,0,1,1,0,1,0,0,1
13399,0,1,1,1,0,0,0,0
13400,1,1,1,1,1,1,0,1
13401,1,1,0,0,0,0,0,0
13403,0,0,0,0,0,0,0,0
13404,1,1,0,0,0,0,0,0
13406,1,1,1,1,0,0,0,0
13408,0,1,1,0,0,0,0,0
13412,0,0,0,0,0,0,0,0
13413,1,1,1,1,0,0,0,0
13423,0,0,0,0,0,0,0,1
13415,1,1,1,1,1,0,0,1
13416,0,1,0,1,1,0,0,0
13417,1,1,0,0,1,0,1,0
13421,1,1,1,0,0,0,0,0
13424,1,1,0,0,0,0,0,1
13425,1,1,0,0,0,0,0,0
13428,0,0,1,0,0,0,0,1
13429,1,1,0,1,0,0,0,1
13430,1,1,0,0,0,0,0,0
13431,1,1,1,0,0,0,0,0
13432,0,0,0,0,0,0,0,0
13433,1,1,1,1,0,0,0,0
13435,1,1,1,0,1,0,0,0
13437,1,1,1,1,0,0,0,0
13440,1,1,1,1,0,0,0,1
13442,1,1,1,1,0,0,0,0
13445,1,1,1,1,0,0,0,0
13448,1,1,1,0,0,0,0,0
13449,1,1,0,0,0,0,0,0
13451,0,1,1,1,0,0,0,1
13452,1,1,0,1,0,0,0,1
13454,0,0,0,0,0,0,0,1
13458,1,1,1,0,0,0,0,0
13459,0,0,0,0,0,0,0,1
13460,1,1,1,0,0,0,0,0
13466,0,0,0,0,0,0,0,1
13461,0,0,0,0,0,0,0,1
13462,0,0,0,0,0,0,0,1
13464,0,1,0,1,0,0,0,0
13467,1,1,0,0,1,0,0,0
13468,0,1,0,1,0,0,0,1
13470,1,1,1,0,0,0,0,0
13472,1,1,1,1,0,0,0,1
13474,0,1,0,1,1,0,0,0
13478,0,1,1,1,1,0,0,1
13479,1,1,1,1,1,0,0,1
13480,0,0,1,0,0,0,0,0
13481,1,1,0,0,0,0,0,1
13482,0,1,0,0,0,0,0,1
13490,0,1,0,1,0,1,0,1
13491,1,1,1,1,0,0,0,0
13492,0,0,0,0,0,0,0,0
13493,1,1,0,0,0,0,0,0
13494,1,1,1,1,0,0,0,0
13497,0,1,1,1,0,0,0,0
13498,0,0,0,0,0,0,0,1
13499,1,1,0,1,0,0,0,1
13503,1,1,0,1,1,0,0,1
13507,0,1,0,1,0,0,0,0
13510,0,0,0,0,0,0,0,0
13508,0,1,1,1,1,0,0,0
13509,0,1,1,1,0,1,0,1
13516,1,1,1,1,0,0,0,1
13519,1,1,1,1,0,0,0,0
13520,1,1,1,1,0,0,0,0
13525,1,1,1,1,0,0,0,1
13526,0,1,0,1,1,0,0,0
13529,0,0,0,0,0,0,0,1
13532,1,1,1,1,0,0,0,1
13533,1,1,1,1,0,0,0,0
13536,1,1,1,0,0,0,0,0
13539,1,0,1,1,0,0,0,1
13541,1,1,1,1,1,0,0,0
13543,1,1,1,1,0,0,0,1
13545,0,0,0,0,0,0,0,0
13547,0,0,0,0,0,0,0,0
13548,0,1,1,0,0,0,0,1
13550,1,1,1,0,0,0,0,0
13551,1,1,1,1,0,0,0,0
13557,0,0,0,0,0,0,0,0
13556,1,1,1,0,0,0,0,0
13561,0,1,1,0,0,0,0,0
13565,1,1,0,0,0,0,0,0
13569,0,1,1,0,0,0,0,0
13570,1,1,1,0,0,0,0,0
13571,1,0,1,1,1,0,0,0
13572,1,1,0,0,0,0,0,0
13577,0,1,0,1,0,0,0,1
13579,1,1,0,1,0,0,0,1
13580,1,1,0,0,0,0,0,0
13581,0,0,0,0,0,0,0,0
13585,0,0,0,0,0,0,0,1
13586,0,0,0,0,0,0,0,1
13589,0,1,1,0,0,0,0,0
13599,0,0,0,0,0,0,0,0
13637,0,0,0,0,0,0,0,0
13677,0,0,0,0,0,0,0,1
13690,0,0,0,0,0,0,0,0
13752,0,0,1,0,0,0,0,0
13770,0,0,0,0,0,0,0,0
13778,0,0,0,0,0,0,0,0
13799,0,0,0,0,0,0,0,1
13801,0,0,0,0,0,0,0,1
13828,0,0,1,0,0,0,0,0
13849,0,0,0,0,0,0,0,1
13853,0,0,0,0,0,0,0,0
13875,0,0,0,0,0,0,0,1
13926,0,0,0,0,0,0,0,1
13937,0,0,0,0,0,0,0,0
13950,0,0,1,0,0,0,0,1
13969,0,0,1,0,0,0,0,1
13993,0,0,0,0,0,0,0,1
14092,0,0,0,0,0,0,0,0
14111,0,0,1,0,0,0,0,1
14118,0,0,0,0,0,0,0,0
14124,0,0,0,0,0,0,0,0
14142,0,0,0,0,0,0,0,0
14154,0,0,0,0,0,0,0,0
14160,0,0,0,0,0,0,0,1
14162,0,0,0,0,0,0,0,1
14195,0,0,0,0,0,0,0,0
14205,0,0,1,0,0,0,0,1
14208,0,0,0,0,0,0,0,0
14230,0,0,1,0,0,0,0,0
14233,0,0,0,0,0,0,0,1
14259,0,0,0,0,0,0,0,0
14348,0,0,0,0,0,0,0,0
14356,0,0,0,0,0,0,0,1
14395,0,0,0,0,0,0,0,1
14432,0,0,1,0,0,0,0,0
14434,0,0,0,0,0,0,0,0
14455,0,0,0,0,0,0,0,0
14557,0,0,0,0,0,0,0,0
14591,0,0,0,0,0,0,0,0
14347,0,0,0,0,0,0,0,1
14351,0,0,0,0,0,0,0,1
14376,0,0,0,0,0,0,0,1
14406,0,0,0,0,0,0,0,0
14408,0,0,0,0,0,0,0,1
14431,0,0,0,0,0,0,0,0
14435,0,1,1,0,0,0,0,1
14447,0,0,0,0,0,0,0,0
14459,0,0,0,0,0,0,0,1
14461,0,0,0,0,0,0,0,1
14464,0,0,0,0,0,0,0,1
14526,0,0,0,0,0,0,0,1
14570,0,0,0,0,0,0,0,0
14583,0,0,0,0,0,0,0,0
14607,0,0,0,0,0,0,0,1
14608,0,0,0,0,0,0,0,1
14626,0,0,0,0,0,0,0,0
14647,0,0,0,0,0,0,0,0
14674,0,0,0,0,0,0,0,1
14677,0,0,0,0,0,0,0,1
14692,0,0,0,0,0,0,0,0
14705,0,0,0,0,0,0,0,1
14715,0,0,0,0,0,0,0,1
14736,0,0,0,0,0,0,0,0
14757,0,0,0,0,0,0,0,0
14758,0,0,0,0,0,0,0,0
14767,0,0,0,0,0,0,0,1
14781,0,0,0,0,0,0,0,1
14826,0,0,1,0,0,0,0,0
14852,0,0,0,0,0,0,0,0
14878,0,0,0,0,0,0,0,1
14924,0,1,1,0,0,0,0,1
14927,0,0,0,0,0,0,0,0
14932,0,0,0,0,0,0,0,0
14934,0,0,1,0,0,0,0,0
14942,0,0,0,0,0,0,0,1
14959,0,0,0,0,0,0,0,1
14966,0,0,0,0,0,0,0,0
14987,0,0,1,0,0,0,0,1
15007,0,0,0,0,0,0,0,0
15011,0,0,0,0,0,0,0,0
15044,0,1,0,0,0,0,0,1
15045,0,0,1,0,0,0,0,1
15054,0,0,0,0,0,0,0,0
15067,0,0,0,0,0,0,0,0
15077,0,0,0,0,0,0,0,0
15084,0,0,0,0,0,0,0,0
15086,0,0,0,0,0,0,0,0
15101,0,0,0,0,0,0,0,0
15138,0,0,0,0,0,0,0,0
15149,0,0,1,0,0,0,0,0
15161,0,0,0,0,0,0,0,0
15175,0,0,0,0,0,0,0,0
15197,0,0,0,0,0,0,0,1
15234,0,0,0,0,0,0,0,1
15235,0,0,1,0,0,0,0,0
15244,0,0,1,0,0,0,0,1
15270,1,1,0,1,0,0,0,0
15256,0,0,1,0,0,0,0,0
15337,0,0,0,0,0,0,0,1
15341,0,0,0,0,0,0,0,1
15474,0,0,0,0,0,0,0,0
15521,0,0,0,0,0,0,0,1
15524,0,0,0,0,0,0,0,0
15546,0,0,0,0,0,0,0,0
15568,0,0,0,0,0,0,0,0
15184,0,0,0,0,0,0,0,1
15188,0,0,0,0,0,0,0,0
15212,0,0,0,0,0,0,0,0
15265,0,0,0,0,0,0,0,1
15271,0,0,0,0,0,0,0,0
15376,0,0,0,0,0,0,0,0
15383,0,0,0,0,0,0,0,0
15384,0,0,0,0,0,0,0,1
15423,0,0,1,0,0,0,0,0
15497,0,0,1,0,0,0,0,1
15523,0,0,0,0,0,0,0,1
15567,0,0,1,0,0,0,0,0
15586,0,0,1,0,0,0,0,0
15601,0,0,0,0,0,0,0,1
15640,0,0,0,0,0,0,0,0
15657,0,1,1,0,0,0,0,0
15662,0,0,1,0,0,0,0,1
15677,0,0,0,0,0,0,0,0
15704,0,0,0,0,0,0,0,0
15717,0,0,0,0,0,0,0,1
15718,0,0,0,0,0,0,0,1
15720,0,0,0,0,0,0,0,0
15725,0,0,0,0,0,0,0,0
15732,0,0,0,0,0,0,0,1
15745,0,0,0,0,0,0,0,1
15742,0,0,0,0,0,0,0,1
15755,0,0,0,0,0,0,0,0
15772,0,0,1,0,0,0,0,0
15794,0,0,0,0,0,0,0,0
15836,0,0,0,0,0,0,0,0
15811,0,0,0,0,0,0,0,0
15881,0,0,1,0,0,0,0,1
15895,0,0,0,0,0,0,0,0
15903,0,0,0,0,0,0,0,1
15905,0,0,0,0,0,0,0,0
15897,0,0,0,0,0,0,0,1
15912,0,0,0,0,0,0,0,0
15980,0,0,1,0,0,0,0,0
15988,0,0,0,0,0,0,0,0
16015,0,0,0,0,0,0,0,0
16017,0,0,0,0,0,0,0,0
16063,0,0,0,0,0,0,0,0
16083,0,0,0,0,0,0,0,1
16101,0,0,0,0,0,0,0,0
16112,0,0,0,0,0,0,0,0
16123,0,1,0,0,0,0,0,1
16186,0,0,0,0,0,0,0,0
16184,0,0,1,0,0,0,0,0
16213,0,0,0,0,0,0,0,0
16221,0,0,0,0,0,0,0,0
16242,0,0,0,0,0,0,0,0
16243,0,0,0,0,0,0,0,1
16252,0,0,0,0,0,0,0,0
16260,0,0,1,0,0,0,0,0
16265,0,0,0,0,0,0,0,0
16270,0,0,0,0,0,0,0,0
16291,0,0,0,0,0,0,0,0
16295,0,0,0,0,0,0,0,1
15845,0,1,0,0,0,0,0,0
16332,0,0,0,0,0,0,0,0
16383,0,0,0,0,0,0,0,1
16403,0,0,0,0,0,0,0,1
16425,0,0,1,0,0,0,0,0
16232,0,0,0,0,0,0,0,1
16477,0,0,0,0,0,0,0,0
16613,0,0,0,0,0,0,0,1
16622,0,0,0,0,0,0,0,0
16641,0,0,0,0,0,0,0,0
16296,0,0,0,0,0,0,0,1
16316,0,0,0,0,0,0,0,1
16330,0,0,0,0,0,0,0,0
16389,0,0,0,0,0,0,0,1
16404,0,0,0,0,0,0,0,0
16407,0,0,0,0,0,0,0,0
16422,0,0,0,0,0,0,0,1
16487,0,0,0,0,0,0,0,0
16496,0,0,0,0,0,0,0,0
16501,0,0,0,0,0,0,0,0
16532,0,0,0,0,0,0,0,0
16592,0,0,0,0,0,0,0,0
16606,0,0,0,0,0,0,0,1
16611,0,0,0,0,0,0,0,1
16650,0,0,0,0,0,0,0,0
16662,0,0,0,0,0,0,0,1
16660,0,0,1,0,0,0,0,1
16693,0,0,0,0,0,0,0,0
16694,0,0,0,0,0,0,0,0
16715,0,0,0,0,0,0,0,0
16725,0,0,0,0,0,0,0,0
16769,0,0,0,0,0,0,0,0
16780,0,0,1,0,0,0,0,1
16786,0,0,1,0,0,0,0,0
16820,0,0,0,0,0,0,0,0
16843,0,0,1,0,0,0,0,1
16845,0,0,0,0,0,0,0,1
16853,0,0,0,0,0,0,0,0
16872,0,0,1,0,0,0,0,1
16878,0,0,0,0,0,0,0,1
16884,0,0,0,0,0,0,0,0
16918,0,0,0,0,0,0,0,1
16952,0,0,0,0,0,0,0,0
16980,0,0,0,0,0,0,0,0
17029,0,0,0,0,0,0,0,1
17040,0,0,1,0,0,0,0,0
17067,0,0,0,0,0,0,0,1
17070,0,0,0,0,0,0,0,0
17134,0,0,0,0,0,0,0,1
17141,0,0,0,0,0,0,0,0
17162,0,0,0,0,0,0,0,0
17171,0,0,0,0,0,0,0,1
17283,0,0,0,0,0,0,0,0
17311,0,0,0,0,0,0,0,0
17324,0,0,1,0,0,0,0,1
17371,0,1,1,0,0,0,0,0
17412,0,0,0,0,0,0,0,1
17455,0,0,0,0,0,0,0,0
17493,0,0,0,0,0,0,0,0
17583,0,0,0,0,0,0,0,0
17675,0,0,0,0,0,0,0,0
17787,0,1,1,0,0,0,0,1
17801,0,0,0,0,0,0,0,1
17825,0,0,0,0,0,0,0,0
17848,0,0,0,0,0,0,0,0
17868,0,0,0,0,0,0,0,0
17887,0,0,0,0,0,0,0,1
17906,0,0,0,0,0,0,0,0
17913,0,0,0,0,0,0,0,1
17926,0,0,0,0,0,0,0,0
17929,0,0,1,0,0,0,0,0
17934,0,0,0,0,0,0,0,1
15407,0,0,0,0,0,0,0,1
17544,0,0,0,0,0,0,0,0
17559,0,0,0,0,0,0,0,1
17647,0,0,0,0,0,0,0,0
17672,0,0,0,0,0,0,0,1
17725,0,0,0,0,0,0,0,0
17736,0,0,0,0,0,0,0,0
17738,0,0,0,0,0,0,0,0
17749,0,0,0,0,0,0,0,1
17802,0,1,1,0,0,0,0,0
17813,0,0,0,0,0,0,0,1
17969,0,0,0,0,0,0,0,0
17980,0,0,1,0,0,0,0,1
17992,0,0,1,0,0,0,0,1
17999,0,0,0,0,0,0,0,0
18069,0,1,1,0,0,0,0,1
18113,0,0,0,0,0,0,0,0
18226,0,0,0,0,0,0,0,1
18241,0,0,0,0,0,0,0,0
18245,0,0,0,0,0,0,0,0
18252,0,0,0,0,0,0,0,1
18264,0,0,0,0,0,0,0,0
18282,0,0,1,0,0,0,0,0
18286,0,0,0,0,0,0,0,1
18290,0,0,0,0,0,0,0,0
18293,0,0,0,0,0,0,0,0
18332,0,0,0,0,0,0,0,1
18341,0,0,0,0,0,0,0,0
18347,0,0,0,0,0,0,0,0
18348,0,0,0,0,0,0,0,0
18350,0,0,0,0,0,0,0,1
18352,0,0,0,0,0,0,0,1
18367,0,0,0,0,0,0,0,0
18406,0,0,0,0,0,0,0,0
18407,0,0,0,0,0,0,0,0
18417,0,0,0,0,0,0,0,0
18430,0,0,0,0,0,0,0,0
18442,0,0,0,0,0,0,0,0
18456,0,0,0,0,0,0,0,0
18486,0,0,0,0,0,0,0,1
18477,0,0,0,0,0,0,0,1
18547,0,0,0,0,0,0,0,1
18528,0,0,0,0,0,0,0,0
18552,0,0,0,0,0,0,0,1
18989,0,0,1,0,0,0,0,1
19085,0,0,0,0,0,0,0,1
19130,0,0,1,0,0,0,0,0
18550,0,0,0,0,0,0,0,1
18649,0,0,0,0,0,0,0,1
18737,0,0,0,0,0,0,0,1
18780,0,0,0,0,0,0,0,0
18929,0,0,0,0,0,0,0,1
18964,0,0,0,0,0,0,0,0
19164,0,0,0,0,0,0,0,1
19204,0,0,1,0,0,0,0,1
19251,0,1,1,0,0,0,0,1
19286,0,0,0,0,0,0,0,1
19304,0,0,1,0,0,0,0,0
19311,0,0,0,0,0,0,0,0
19315,0,0,0,0,0,0,0,1
19358,0,0,0,0,0,0,0,0
19367,0,0,0,0,0,0,0,0
19423,0,0,0,0,0,0,0,1
19444,0,0,0,0,0,0,0,1
19449,0,0,1,0,0,0,0,1
19450,0,0,0,0,0,0,0,1
19509,0,0,0,0,0,0,0,0
19550,0,0,0,0,0,0,0,1
19568,0,0,0,0,0,0,0,0
19615,0,0,0,0,0,0,0,0
19633,0,0,0,0,0,0,0,0
19675,0,0,0,0,0,0,0,0
19705,0,0,1,0,0,0,0,0
19735,0,0,0,0,0,0,0,0
19802,0,0,0,0,0,0,0,0
19803,0,0,0,0,0,0,0,0
19804,0,0,1,0,0,0,0,0
19809,0,0,1,0,0,0,0,1
19844,0,0,0,0,0,0,0,0
19858,0,0,0,0,0,0,0,0
19947,0,0,1,0,0,0,0,0
19948,0,1,1,0,0,0,0,0
19965,0,0,0,0,0,0,0,0
19984,0,0,0,0,0,0,0,0
19989,0,0,0,0,0,0,0,1
19982,0,0,0,0,0,0,0,1
19990,0,0,0,0,0,0,0,0
19999,0,0,0,0,0,0,0,0
20026,0,0,0,0,0,0,0,1
20028,0,0,1,0,0,0,0,0
20030,0,0,0,0,0,0,0,1
20034,0,0,0,0,0,0,0,0
20054,0,0,0,0,0,0,0,1
20065,0,1,1,0,0,0,0,1
20069,0,0,0,0,0,0,0,1
20078,0,1,1,0,0,0,0,1
20085,0,0,0,0,0,0,0,0
20111,0,0,0,0,0,0,0,0
20108,0,0,1,0,0,0,0,1
20143,0,1,1,0,0,0,0,0
20156,0,0,1,0,0,0,0,1
20157,0,0,1,0,0,0,0,0
20162,0,0,0,0,0,0,0,1
20170,0,0,1,0,0,0,0,1
20184,0,0,0,0,0,0,0,0
16438,0,0,0,0,0,0,0,0
20268,0,0,0,0,0,0,0,0
20282,0,0,0,0,0,0,0,0
20292,0,0,1,0,0,0,0,1
20324,0,0,0,0,0,0,0,1
20367,0,1,1,0,0,0,0,1
20374,0,0,0,0,0,0,0,0
20414,0,0,0,0,0,0,0,1
20415,0,0,0,0,0,0,0,0
20440,0,0,0,0,0,0,0,0
20446,0,0,0,0,0,0,0,1
20190,0,1,1,0,0,0,0,1
20198,0,0,0,0,0,0,0,1
20216,0,0,0,0,0,0,0,1
20262,0,0,0,0,0,0,0,1
20361,0,0,0,0,0,0,0,0
20364,0,0,0,0,0,0,0,0
20398,0,0,0,0,0,0,0,1
20435,0,0,0,0,0,0,0,0
13582,1,1,1,1,0,0,0,0
13587,0,0,0,0,0,0,0,0
13591,0,1,1,1,1,1,0,1
13592,1,1,1,1,0,0,0,0
13596,0,0,0,0,0,0,0,1
13598,1,1,0,1,0,0,0,0
13600,0,1,1,0,0,0,0,0
13601,0,1,1,0,0,0,0,0
13603,1,1,1,0,0,0,0,0
13604,0,1,1,1,1,0,0,1
13606,1,1,1,0,1,0,0,0
13607,1,1,1,0,1,0,0,0
13608,0,1,1,0,0,0,0,0
13609,1,1,0,1,0,0,0,1
13611,0,1,1,0,0,0,0,0
13619,0,0,0,0,0,0,0,0
13623,0,0,0,0,0,0,0,0
13627,0,0,0,0,0,0,0,1
13613,1,1,0,1,0,0,0,0
13614,1,1,0,1,0,0,0,1
13615,1,1,0,1,1,0,0,1
13617,0,1,1,1,1,0,0,1
13618,1,1,0,0,0,0,0,0
13622,1,1,0,0,0,0,0,0
13624,1,1,1,0,1,0,0,1
13632,0,1,0,0,0,0,0,0
13633,1,1,0,0,1,1,1,1
13638,1,1,0,0,0,0,0,0
13639,1,1,1,1,1,0,0,0
13641,0,1,0,0,0,0,0,0
13642,1,1,0,0,0,0,0,0
13643,0,0,0,0,0,0,0,0
13644,0,1,0,0,0,0,0,1
13646,0,1,0,0,0,0,0,0
13651,0,1,1,0,0,0,0,0
13654,0,1,1,0,0,0,0,0
13655,1,1,1,0,0,0,0,0
13656,1,1,1,0,1,0,0,0
13657,1,1,1,1,0,0,0,1
13658,0,1,0,0,0,0,0,0
13663,0,1,0,0,0,0,0,0
13664,1,1,1,0,0,0,0,0
13666,0,0,1,0,0,0,0,1
13665,0,1,0,0,0,0,0,1
13670,0,0,0,0,1,0,0,0
13671,1,1,0,0,1,0,0,1
13673,1,1,1,1,0,0,0,0
13674,1,1,0,0,0,0,0,1
13675,0,1,1,0,0,0,0,1
13678,0,1,1,0,0,0,0,0
13702,0,0,0,0,0,0,0,0
13685,0,0,0,0,0,0,0,0
13686,0,1,1,1,1,0,0,0
13689,1,1,1,1,0,0,0,0
13694,0,1,0,0,0,0,0,0
13695,1,1,1,0,0,0,0,0
13696,1,1,0,0,0,0,0,0
13697,0,1,0,0,0,0,0,1
13698,1,0,0,0,0,0,0,1
13699,1,1,0,0,1,0,0,0
13700,0,1,0,0,0,0,0,1
13705,1,1,1,1,0,0,0,0
13706,1,1,1,0,0,0,0,0
13707,1,1,1,0,0,0,0,0
13709,0,1,1,0,1,0,0,1
13713,0,1,0,0,0,0,0,0
13714,1,1,1,0,0,0,0,1
13716,0,1,1,0,0,0,0,0
13717,0,0,0,0,0,0,0,0
13718,0,1,1,0,0,0,1,0
13719,1,1,0,1,0,0,0,1
13720,0,1,0,0,0,0,0,0
13721,1,1,0,1,0,0,0,0
13723,1,1,0,0,0,0,0,1
13725,0,0,0,0,0,0,0,0
13727,1,1,0,0,0,0,0,0
13729,1,1,1,1,0,0,0,0
13730,1,1,0,1,0,0,0,0
13731,0,1,0,0,0,0,0,0
13732,1,1,1,0,0,0,0,0
13736,1,1,0,0,1,0,1,0
13738,0,1,0,0,0,0,0,0
13739,1,1,1,1,1,0,0,0
13740,0,1,1,0,1,0,0,1
13744,1,1,1,0,0,0,0,0
13748,0,1,1,0,0,0,0,0
13753,0,1,1,0,0,0,0,0
13756,0,0,0,0,0,0,0,0
13760,1,1,0,0,0,0,0,0
13762,0,1,0,0,0,0,1,0
13764,0,1,1,0,0,0,0,1
13766,1,1,1,0,0,0,0,1
13767,1,1,0,0,1,0,0,0
13781,1,1,1,0,1,0,0,1
13784,0,1,0,0,0,0,0,0
13785,1,1,1,1,0,0,0,1
13787,0,1,0,0,0,0,0,0
13790,1,1,1,0,0,0,0,1
13793,0,1,0,1,0,0,0,1
13794,0,1,0,0,0,0,0,0
13797,0,1,1,0,0,0,0,1
13798,1,1,1,0,0,0,0,0
13802,0,1,0,0,0,0,0,0
13803,1,1,1,0,0,0,0,0
13807,1,1,0,0,0,0,0,1
13810,0,0,1,0,0,0,0,0
13814,1,1,1,0,0,0,1,1
13816,1,1,1,0,0,0,0,1
13818,1,1,0,0,0,0,1,1
13822,1,1,1,1,0,0,0,0
13825,1,1,0,0,0,0,0,0
13830,1,1,1,1,0,0,0,1
13833,0,0,0,0,0,0,0,0
13834,1,1,0,0,0,0,0,0
13835,1,1,0,0,0,0,0,0
13840,0,1,1,1,1,0,0,0
13842,0,1,1,0,0,0,0,0
13844,1,1,1,0,1,0,1,0
13845,0,0,1,0,0,0,0,1
13846,1,1,1,0,0,0,0,0
13851,1,1,0,0,0,0,1,0
13856,1,1,0,1,0,0,0,1
13858,1,1,0,0,0,0,0,0
13860,1,1,1,1,1,0,0,1
13861,1,1,0,0,0,0,0,0
13862,1,1,1,0,0,0,0,0
13863,1,1,0,0,0,0,0,0
13864,1,1,1,1,0,0,0,0
13865,0,1,0,0,0,0,0,1
13866,1,1,0,1,1,0,1,0
13868,1,1,1,1,0,0,0,0
13870,0,1,0,0,0,0,0,0
13871,0,1,0,0,1,0,0,1
13873,0,1,0,0,0,0,0,0
13874,0,1,0,0,0,0,0,0
13877,1,1,0,0,0,0,0,0
13878,1,1,1,0,0,0,0,0
13879,0,1,0,0,0,0,0,0
13880,0,0,0,0,0,0,0,0
13884,0,0,1,1,1,0,0,0
13887,0,1,1,0,0,0,0,1
13888,1,1,0,0,0,0,0,0
13890,0,1,0,0,0,0,0,0
13891,0,1,0,0,0,0,0,0
13895,0,0,0,0,0,0,0,0
13896,0,1,0,0,0,0,0,0
13897,1,1,1,1,0,0,0,0
13899,0,1,0,0,0,0,0,0
13900,0,1,0,0,0,0,0,0
13901,1,1,1,0,0,0,0,0
13902,0,1,1,0,0,0,0,1
13906,1,1,1,0,1,0,0,1
13907,0,1,0,1,1,0,0,0
13909,1,1,1,0,1,0,0,0
13910,1,1,1,0,1,1,0,1
13912,1,1,1,1,0,0,0,1
13914,0,1,0,0,0,0,0,0
13917,0,0,0,0,0,0,0,0
13920,0,1,1,0,1,0,0,1
13922,1,1,1,1,1,0,0,1
13924,1,1,1,0,0,0,0,0
13928,0,0,0,0,0,0,0,0
13930,1,1,1,1,0,0,0,0
13931,1,1,0,0,0,0,0,0
13932,0,0,1,0,0,0,0,1
13933,0,1,0,1,0,0,0,1
13939,1,1,1,1,0,0,0,1
13941,0,0,0,0,0,0,0,1
13942,1,0,0,0,0,0,0,0
13944,1,1,0,0,0,0,0,0
13945,1,1,0,1,0,0,0,0
13946,0,1,0,1,0,0,0,0
13947,1,1,0,0,0,0,0,0
13951,1,1,0,1,0,0,0,0
13952,0,1,1,0,1,0,0,1
13953,1,1,0,0,0,0,0,0
13955,1,1,1,1,1,0,0,1
13956,0,0,1,0,0,0,0,0
13959,1,1,1,0,0,0,0,0
13961,1,1,1,0,0,0,0,1
13963,1,1,0,1,0,0,0,0
13964,1,1,1,0,0,0,0,0
13966,0,1,0,0,0,0,0,0
13967,0,1,0,0,0,0,0,0
13968,1,1,0,0,0,0,0,1
13972,0,0,0,0,0,0,0,0
13974,1,0,1,1,1,0,0,1
13975,0,0,1,0,0,0,0,0
13976,1,1,0,0,0,0,0,1
13978,0,0,0,0,0,0,0,0
13980,1,1,0,0,0,0,0,0
13981,1,1,0,1,1,0,0,1
13983,1,1,1,1,0,0,0,1
13985,0,1,0,0,0,0,0,1
13986,1,1,0,0,1,0,0,0
13987,1,1,0,0,0,0,0,0
13988,1,1,1,1,1,0,0,1
13989,1,1,0,0,0,0,0,1
13991,1,1,1,0,1,0,0,0
13992,1,1,1,1,0,0,0,0
13994,1,1,0,1,0,0,0,0
13995,1,1,1,1,0,0,0,0
13996,0,0,0,0,0,0,0,1
13999,0,1,0,0,0,0,0,0
14000,0,1,1,1,0,0,0,0
14001,0,1,0,0,0,0,0,1
14003,0,1,0,0,0,0,0,0
14005,0,1,0,1,0,0,0,0
14006,1,0,1,0,0,0,0,0
14007,0,1,1,0,0,0,0,0
14015,1,1,0,0,0,0,0,1
14016,1,1,0,1,0,0,0,1
14018,1,1,1,0,0,0,1,1
14019,1,1,1,0,0,0,0,0
14025,1,1,0,0,1,0,0,1
14026,1,1,0,0,0,0,0,0
14028,1,1,0,0,0,0,0,0
14029,1,1,0,0,0,0,0,0
14031,1,0,0,0,0,0,0,0
14032,1,1,1,0,1,0,0,0
14033,1,1,0,0,0,0,0,0
14035,1,1,0,0,0,0,0,0
14036,1,1,0,0,1,0,0,1
14037,0,0,0,0,0,0,0,0
14038,0,1,1,1,0,0,0,0
14039,1,1,1,1,1,0,0,0
14040,0,1,1,0,0,0,0,0
14044,1,1,1,0,0,0,0,1
14045,1,1,1,0,1,0,0,0
14047,1,1,0,0,0,0,0,0
14048,0,0,0,0,0,0,0,0
14049,1,1,0,1,0,0,0,0
14051,0,1,0,0,0,0,0,0
14053,1,1,0,0,0,0,0,1
14054,0,1,0,0,0,0,0,0
14056,1,1,1,0,0,0,0,1
14061,1,1,1,0,0,0,0,0
14063,1,1,0,1,0,0,0,1
14064,1,1,0,0,0,0,0,0
14065,0,0,0,0,0,0,0,1
14068,1,1,0,0,0,0,0,0
14069,1,1,1,1,0,1,0,1
14070,1,1,1,0,0,0,1,0
14072,1,1,1,1,0,0,0,1
14073,1,1,0,0,0,0,0,0
14074,1,1,0,0,0,0,0,0
14076,1,1,0,1,0,0,0,0
14077,1,1,0,1,0,0,0,1
14080,1,1,1,1,0,0,0,1
14081,0,0,1,0,0,0,0,0
14085,1,1,1,1,0,0,0,1
14086,0,1,1,0,1,0,0,0
14087,1,1,0,0,0,0,0,0
14089,1,1,1,1,1,0,0,0
14090,0,0,0,0,0,0,0,0
14091,0,1,0,0,1,0,0,0
14093,1,1,1,1,0,0,0,1
14094,1,1,1,1,1,0,0,0
14096,1,1,0,1,1,0,0,1
14097,1,1,0,0,0,0,0,0
14098,0,1,0,1,0,0,0,0
14100,1,1,0,0,0,0,0,0
14101,0,1,0,1,0,0,0,0
14104,1,1,1,1,0,0,0,0
14110,1,0,1,0,0,0,0,1
14112,0,1,0,1,0,0,0,0
14114,0,0,0,0,0,0,0,0
14119,1,1,0,0,1,0,0,0
14120,1,1,1,0,0,0,0,0
14125,1,1,1,1,0,0,0,1
14127,1,1,0,0,0,0,0,0
14128,1,1,1,1,0,0,0,1
14129,0,1,0,1,0,0,0,0
14131,1,1,1,1,0,0,0,0
14132,1,1,1,0,0,0,0,0
14134,1,1,0,0,0,0,0,1
14135,0,0,0,0,0,0,0,1
14136,1,1,0,0,0,0,0,0
14137,0,0,1,0,0,0,0,0
14138,0,1,1,0,1,0,0,0
14139,0,1,0,1,0,0,0,0
14140,1,1,1,1,0,0,0,1
14141,1,1,1,1,0,0,0,1
14143,1,1,1,1,0,0,0,0
14144,1,1,1,0,0,0,0,0
14148,1,1,1,1,1,0,0,1
14149,0,0,0,0,0,0,0,1
14153,1,1,1,1,0,0,0,0
14155,1,1,1,0,0,0,0,0
14156,1,1,0,1,0,0,0,0
14158,0,1,0,1,0,0,0,0
14159,1,1,1,0,1,0,0,0
14161,1,1,1,0,0,0,0,1
14165,1,1,1,1,0,0,0,0
14166,1,1,1,1,0,0,0,1
14167,1,1,1,1,0,0,0,1
14168,0,1,1,1,0,1,0,0
14169,1,1,1,0,0,0,0,0
14170,1,1,1,0,0,0,0,0
14173,1,1,1,1,1,0,0,0
14176,1,1,0,0,0,0,0,0
14178,1,1,0,0,0,0,0,0
14180,1,1,1,1,1,0,0,1
14183,1,1,1,0,0,0,0,0
14191,0,0,0,0,0,0,0,1
14185,1,1,0,0,0,0,0,1
14187,1,1,0,1,0,0,0,0
14188,1,1,1,1,1,0,0,0
14190,1,1,0,0,0,0,0,0
14193,1,1,0,0,0,0,0,0
14194,1,1,0,0,0,0,0,0
14196,0,1,0,1,1,0,0,1
14197,1,1,1,0,0,0,0,0
14198,0,0,0,0,0,0,0,0
14200,0,0,0,0,0,0,0,1
14202,1,1,0,0,0,0,0,0
14206,0,1,1,0,0,0,0,0
14207,1,1,1,0,0,0,0,0
14209,0,0,0,0,0,0,0,1
14211,1,1,1,0,0,0,0,0
14212,0,0,0,0,0,0,0,0
14215,1,1,0,1,1,0,0,1
14216,0,1,0,1,0,0,0,0
14217,1,1,1,1,0,1,0,1
14218,0,0,1,0,0,0,0,1
14220,0,1,0,1,1,0,0,0
14226,0,1,0,1,1,1,0,1
14228,0,0,0,0,0,0,0,0
14229,1,1,0,0,0,0,0,0
14231,1,1,1,0,0,0,0,1
14232,0,1,0,1,0,0,0,0
14235,0,1,1,0,0,0,0,0
14236,1,1,0,1,0,0,0,0
14237,0,0,1,0,0,0,0,0
14240,1,1,0,0,0,0,0,0
14245,0,0,1,0,0,0,0,0
14288,0,0,0,0,0,0,0,0
14301,0,0,0,0,0,0,0,1
14370,0,0,0,0,0,0,0,1
14387,0,0,0,0,0,0,0,1
14393,0,0,0,0,0,0,0,0
14412,0,0,0,0,0,0,0,0
14446,0,0,0,0,0,0,0,0
14475,0,0,0,0,0,0,0,0
14496,0,0,0,0,0,0,0,0
14506,0,0,0,0,0,0,0,0
14516,0,0,0,0,0,0,0,1
14533,0,0,1,0,0,0,0,1
14545,0,0,0,0,0,0,0,0
14587,0,0,0,0,0,0,0,1
14241,1,1,1,0,0,0,0,0
14242,1,1,1,1,0,0,0,0
14244,0,1,1,0,0,0,0,0
14248,1,1,1,0,0,0,0,0
14250,1,1,0,0,0,0,0,0
14251,1,1,1,1,0,0,0,1
14253,0,0,0,0,0,0,0,0
14255,1,0,1,0,0,0,0,0
14258,1,1,0,0,0,0,0,0
14261,0,1,0,0,0,0,0,0
14262,0,1,0,0,0,0,0,0
14263,0,1,0,0,0,0,0,1
14264,1,1,0,0,0,0,0,0
14265,1,1,0,0,1,0,0,0
14266,1,1,1,0,1,0,0,1
14268,0,1,0,0,0,0,0,0
14269,1,1,0,0,1,0,0,0
14273,1,1,1,0,0,0,0,0
14274,0,1,1,0,0,0,0,0
14276,0,1,0,0,1,0,0,0
14281,0,1,1,0,1,1,1,0
14283,0,1,1,0,0,0,0,0
14284,1,1,0,1,1,0,0,1
14286,0,0,0,0,0,0,0,0
14289,1,0,1,0,0,0,0,0
14291,1,1,1,0,0,0,0,1
14296,0,1,0,0,0,0,0,0
14299,1,1,1,1,0,0,0,0
14300,1,1,0,0,1,0,0,0
14302,1,1,1,1,1,0,0,0
14304,0,1,1,0,0,0,0,0
14306,1,0,1,0,0,0,0,0
14309,1,1,0,0,0,0,0,0
14310,0,0,0,0,0,0,0,0
14311,0,0,0,0,0,0,0,0
14316,0,1,0,0,0,0,0,0
14317,1,1,0,0,0,0,0,1
14318,0,1,0,0,0,0,0,1
14321,0,1,0,0,0,0,0,0
14324,1,1,1,1,0,0,0,1
14325,0,1,0,0,0,0,0,0
14327,1,1,1,0,0,0,0,0
14329,1,1,0,0,0,0,0,0
14333,1,1,0,0,0,0,0,0
14336,1,1,0,1,1,0,0,1
14340,1,1,1,0,0,0,0,0
14342,1,1,1,1,1,0,0,1
14346,1,1,1,0,0,0,0,0
14349,1,1,1,1,0,0,0,1
14354,1,1,1,1,0,0,0,1
14359,0,0,0,0,0,0,0,0
14360,1,1,0,1,1,0,0,1
14361,1,1,0,1,0,0,0,0
14363,1,1,1,1,0,0,0,0
14365,1,1,1,0,0,0,0,1
14366,1,1,0,0,0,0,0,0
14372,0,0,0,0,0,0,0,1
14377,1,1,1,1,0,0,0,0
14382,1,1,0,0,0,0,0,0
14383,1,1,1,0,0,0,0,1
14385,0,0,0,0,0,0,0,0
14386,1,1,1,0,0,0,0,0
14388,1,1,0,0,0,0,0,0
14389,0,0,0,0,0,0,0,0
14394,1,1,0,0,0,0,0,0
14396,1,1,1,1,0,1,0,1
14397,0,1,1,1,1,0,0,1
14399,1,1,0,0,0,0,0,1
14400,1,1,1,0,0,0,0,0
14402,0,1,1,1,0,0,0,0
14404,0,0,0,0,0,0,0,0
14410,1,1,1,0,0,0,0,0
14414,1,1,1,1,0,0,0,1
14415,0,1,1,0,0,0,0,0
14416,1,1,1,0,1,0,0,0
14419,1,1,0,0,0,0,0,0
14420,0,1,0,0,0,0,0,0
14421,0,1,1,0,1,0,0,1
14425,0,1,1,0,0,0,0,0
14426,1,1,1,0,0,0,0,0
14427,0,1,1,1,0,0,0,0
14428,1,1,0,0,0,0,0,1
14437,1,1,1,0,0,0,0,0
14439,1,1,0,0,0,0,0,0
14440,1,1,0,1,0,0,0,1
14441,1,1,1,0,0,0,0,0
14443,0,1,0,0,0,0,0,0
14451,1,1,0,0,0,0,0,0
14452,1,1,1,1,0,0,0,0
14454,1,1,0,0,0,0,0,0
14456,0,1,1,0,0,0,0,0
14462,0,0,0,0,0,0,0,1
14463,1,1,1,1,1,0,0,1
14466,1,1,0,0,0,0,0,0
14467,1,1,0,0,1,0,0,1
14473,1,1,1,0,0,0,0,0
14477,0,1,1,0,0,1,0,0
14478,1,1,1,1,0,0,0,1
14482,0,1,0,0,0,0,0,0
14485,1,1,1,1,1,0,0,0
14486,1,1,1,1,0,0,0,1
14487,0,0,1,0,0,0,0,0
14489,1,1,1,1,0,0,0,0
14490,1,1,1,0,0,0,0,0
14492,1,1,1,1,0,0,0,1
14493,0,1,0,0,1,0,0,0
14494,0,1,0,0,0,0,0,0
14497,1,1,1,0,0,0,0,0
14499,0,1,1,0,0,0,0,0
14500,1,1,1,0,0,0,0,0
14501,1,1,1,0,1,0,0,0
14502,1,1,1,0,0,0,0,0
14504,1,1,1,1,0,0,0,1
14505,0,1,1,0,0,0,0,1
14507,1,1,1,0,0,0,0,0
14508,1,1,0,0,0,0,0,1
14509,0,1,1,1,1,0,0,0
14511,1,1,1,1,0,0,0,0
14513,1,1,1,1,0,0,0,0
14514,0,1,1,0,0,0,0,0
14519,1,1,0,0,0,0,0,0
14521,1,1,1,0,0,0,0,0
14542,0,0,0,0,0,0,0,0
14523,1,1,1,1,1,0,0,0
14524,0,1,0,1,0,0,0,0
14527,1,1,0,0,0,0,0,0
14528,1,1,1,0,1,0,0,0
14531,1,1,1,0,0,0,0,0
14534,1,1,1,1,1,0,0,0
14541,1,1,1,0,0,0,0,1
14543,1,1,0,1,0,0,0,1
14544,0,1,0,1,1,1,0,1
14547,1,1,1,0,0,1,0,0
14548,1,1,1,1,0,0,0,0
14549,1,1,1,1,0,0,0,1
14551,0,0,0,1,0,0,0,0
14552,0,1,1,0,0,0,0,0
14554,1,1,1,1,0,0,0,1
14556,0,1,1,0,1,0,0,0
14560,1,1,0,0,0,0,0,0
14561,1,1,1,1,0,0,0,1
14562,0,1,1,1,0,0,0,0
14564,1,1,0,0,0,0,0,0
14566,1,1,0,1,1,0,0,1
14571,1,1,0,0,0,0,0,0
14572,1,1,0,0,1,0,0,1
14599,0,0,0,0,0,0,0,0
14575,0,1,1,1,0,0,0,0
14578,1,1,1,0,1,0,0,1
14579,0,0,0,0,0,0,0,0
14580,1,1,1,1,0,0,0,1
14581,1,1,1,0,0,0,0,0
14584,0,1,1,0,0,0,0,1
14585,0,0,0,0,0,0,0,0
14588,1,1,1,1,1,0,0,1
14589,1,1,1,0,0,0,0,1
14593,1,1,1,1,0,0,0,1
14594,0,1,1,0,0,0,0,0
14595,1,1,1,0,1,0,0,1
14596,1,1,0,0,0,0,0,0
14597,1,1,1,1,0,0,0,0
14600,1,1,0,1,0,0,0,0
14601,0,0,0,0,0,0,0,0
14604,0,1,1,1,0,0,0,0
14606,1,1,0,0,0,0,0,0
14609,1,1,1,0,0,0,0,0
14611,1,1,0,0,0,0,0,0
14612,0,0,0,0,0,0,0,1
14613,1,1,1,0,0,0,0,0
14614,0,1,1,0,0,0,0,0
14615,1,1,0,1,1,0,0,1
14617,1,1,0,0,0,0,0,0
14620,1,1,1,1,0,0,0,1
14621,1,1,1,0,0,0,0,0
14622,1,1,0,0,0,0,0,0
14623,0,0,0,0,0,0,0,0
14624,1,1,1,1,1,0,0,0
14629,0,1,0,0,1,0,0,0
14630,0,1,1,1,0,0,0,0
14632,1,1,0,0,0,0,0,0
14633,1,1,0,1,1,0,0,1
14634,1,1,0,0,0,0,0,0
14638,0,0,0,0,0,0,0,1
14639,0,1,1,1,0,0,0,1
14640,1,1,0,0,0,0,0,0
14641,1,1,0,0,0,0,0,0
14642,1,1,0,1,1,0,0,0
14644,0,0,0,0,0,0,0,0
14648,0,1,1,0,0,0,0,0
14649,0,0,0,0,0,0,0,0
14650,1,1,0,0,0,0,0,0
14652,0,1,0,1,0,0,0,1
14653,0,1,1,0,0,0,0,0
14658,1,1,0,0,0,0,0,0
14662,0,0,0,0,0,0,0,0
14664,1,1,0,1,0,0,0,0
14666,0,1,0,0,0,0,0,0
14667,1,1,1,1,0,0,0,0
14668,1,1,1,0,0,0,0,0
14670,1,1,1,1,0,0,0,0
14671,1,1,1,1,1,0,0,0
14673,1,1,1,1,0,0,0,0
14675,1,1,1,0,0,0,0,0
14679,1,1,1,1,0,0,0,0
14680,0,0,0,0,0,0,0,0
14683,0,1,1,1,0,0,0,0
14684,0,1,1,0,0,0,0,0
14686,0,0,1,0,0,0,0,0
14688,1,1,1,1,0,0,0,0
14694,1,1,1,1,0,0,0,0
14696,1,1,0,0,0,0,0,0
14697,0,1,0,1,1,0,0,0
14698,0,0,0,0,0,0,0,1
14699,1,1,1,1,0,0,0,1
14700,0,0,0,0,0,0,0,0
14701,1,1,0,0,0,1,0,0
14702,1,1,0,0,0,0,0,0
14704,1,1,1,0,0,0,0,0
14709,0,0,0,0,0,0,0,0
14713,1,1,1,0,1,0,0,0
14716,1,1,1,0,0,0,0,0
14727,0,0,0,0,0,0,0,1
14717,1,1,1,0,0,0,0,0
14718,1,1,1,1,1,0,0,0
14719,1,1,1,1,0,0,0,0
14720,0,0,0,0,0,0,0,1
14723,1,1,0,0,0,0,0,0
14725,1,1,1,1,0,0,0,0
14728,1,1,1,0,0,0,0,1
14730,1,1,1,1,0,0,0,0
14733,0,1,1,1,0,0,0,1
14741,1,1,1,0,0,0,0,1
14742,0,1,1,1,1,0,0,1
14743,0,0,0,0,0,0,0,0
14745,0,0,0,0,0,0,0,0
14746,1,1,0,0,0,1,0,1
14752,0,1,1,1,0,0,0,1
14753,1,1,1,1,1,0,0,1
14754,0,0,0,0,0,0,0,0
14755,1,1,1,1,1,0,0,1
14760,0,1,1,1,0,0,0,1
14762,1,1,1,1,0,0,0,1
14765,1,1,0,1,0,0,0,1
14768,0,1,0,0,0,0,0,0
14769,1,1,1,1,0,0,0,0
14771,0,1,0,0,0,0,0,0
14773,0,0,0,0,0,0,0,0
14776,0,1,0,0,0,0,0,0
14777,0,0,0,0,0,0,0,0
14782,0,0,0,0,0,0,0,1
14779,0,1,0,0,0,0,0,0
14783,1,1,1,0,1,0,0,1
14784,1,1,1,0,0,0,0,1
14785,1,1,1,1,0,0,0,1
14790,1,1,0,0,0,0,0,1
14791,1,1,0,1,0,0,0,0
14799,1,1,0,1,0,0,0,0
14801,0,0,0,0,0,0,0,0
14802,1,1,0,0,0,0,0,0
14803,1,1,0,0,0,0,0,0
14806,0,0,1,0,0,0,0,0
14808,1,1,1,1,0,0,0,0
14809,0,1,0,0,0,1,0,1
14813,1,1,0,0,0,0,0,0
14815,1,1,1,0,0,0,0,0
14817,1,1,0,1,0,0,0,1
14818,0,1,0,0,0,0,0,0
14819,1,1,0,1,1,1,0,0
14820,1,1,1,0,0,0,0,0
14823,0,0,0,0,0,0,0,0
14825,0,1,0,0,0,0,0,0
14827,0,0,0,0,0,0,0,0
14830,0,0,0,0,1,0,0,0
14831,1,1,1,0,0,0,0,0
14833,1,1,0,1,0,0,0,0
14834,0,1,0,0,1,0,0,0
14837,0,1,1,0,0,0,0,0
14839,0,1,0,0,0,0,0,0
14841,1,1,1,1,0,0,0,0
14844,0,1,0,0,0,0,0,0
14846,1,1,0,0,0,0,0,0
14847,1,1,1,1,0,0,0,1
14848,1,1,1,0,0,0,0,0
14853,0,1,1,0,1,0,0,1
14854,1,1,0,0,0,0,0,0
14857,0,1,0,0,0,0,0,0
14859,1,1,0,0,0,0,0,0
14860,1,1,0,0,0,0,0,0
14861,1,1,0,0,0,0,0,1
14862,1,1,0,0,0,0,0,0
14866,0,1,0,0,1,0,0,0
14867,1,1,1,0,1,0,0,1
14869,0,1,1,0,0,0,0,0
14871,1,1,0,1,1,0,0,1
14872,1,1,0,0,0,1,0,0
14876,1,1,1,0,1,1,1,0
14879,1,1,1,0,1,0,0,0
14880,1,1,1,1,0,0,0,1
14882,1,1,1,1,1,0,0,1
14886,1,1,1,0,1,0,1,1
14890,1,1,1,1,0,0,0,1
14891,0,1,0,0,1,0,0,0
14894,1,1,0,1,0,0,0,1
14895,0,1,1,0,0,0,0,0
14897,1,1,0,1,1,0,1,1
14899,0,1,1,0,0,0,0,0
14901,0,0,0,0,0,0,0,0
14902,1,1,1,1,1,0,1,0
14903,0,1,0,0,0,0,0,0
14905,0,0,1,0,0,0,0,0
14906,0,1,1,0,0,0,1,1
14907,1,1,1,1,0,0,0,1
14909,1,0,1,0,0,1,0,1
14910,1,0,0,0,0,0,0,0
14911,0,1,0,0,0,0,0,0
14912,0,1,1,0,0,1,0,1
14915,1,1,1,1,0,0,0,1
14918,1,1,0,0,0,0,0,1
14919,0,0,0,0,0,0,0,0
14922,1,1,1,1,0,0,0,1
14923,0,1,0,1,0,0,0,0
14925,1,1,1,1,0,0,0,1
14926,1,1,1,0,0,0,0,0
14928,1,1,1,1,1,0,0,1
14929,1,1,1,0,1,0,0,0
14933,1,1,1,0,0,0,0,1
14935,1,1,1,1,1,0,0,0
14937,0,0,0,0,0,0,0,0
14939,1,1,1,1,0,0,0,0
14941,1,1,0,0,0,0,0,0
14943,0,1,1,1,1,0,0,1
14944,1,1,1,0,0,0,0,0
14947,1,1,1,0,0,0,0,0
14948,0,1,0,1,0,0,0,0
14949,0,1,0,1,1,0,0,1
14950,0,1,1,0,1,0,0,1
14951,0,1,1,0,0,0,0,0
14952,0,1,0,0,1,0,0,0
14957,1,1,1,1,0,0,0,1
14958,0,1,1,0,0,0,0,0
14960,1,1,1,0,1,0,0,0
14961,1,1,1,1,0,0,0,1
14962,1,1,1,1,1,0,0,0
14963,0,1,1,1,1,0,0,1
14967,1,1,0,0,1,0,0,0
14968,1,1,1,1,0,0,0,0
14970,0,1,0,1,0,0,0,0
14972,1,1,1,0,0,0,0,0
14973,0,1,1,0,1,0,0,0
14974,1,1,1,1,0,0,0,1
14977,1,1,1,0,0,0,0,0
14980,0,1,0,0,0,0,0,0
14982,1,1,1,0,1,0,0,1
14984,1,1,0,0,1,0,1,1
14985,1,1,1,1,1,0,0,0
14988,1,1,1,1,0,0,0,1
14991,1,1,0,1,0,1,0,0
14992,1,1,0,1,0,0,0,1
14994,1,1,1,1,0,0,0,0
14997,1,1,1,1,0,0,0,1
14998,1,1,1,0,0,0,0,0
14999,1,1,0,0,0,0,0,0
15000,1,1,1,1,0,0,0,0
15003,0,0,0,0,0,0,0,0
15002,1,1,1,1,0,0,0,0
15009,1,1,0,0,0,0,0,0
15010,0,0,0,0,0,0,0,0
15012,0,1,1,1,0,0,0,1
15016,1,1,1,1,0,0,0,1
15018,1,1,1,1,1,0,0,1
15019,1,1,1,1,0,0,0,0
15020,1,1,0,0,0,0,0,1
15023,1,1,1,0,0,0,0,0
15026,1,1,1,1,0,0,0,0
15030,1,1,1,1,0,0,0,0
15032,1,1,0,0,0,0,0,0
15033,1,1,1,1,1,0,0,1
15034,0,1,1,0,1,1,0,1
15035,1,1,0,0,0,0,0,1
15038,0,1,0,1,0,0,0,1
15039,1,1,1,0,0,0,0,0
15041,1,1,1,1,0,0,0,0
15042,1,1,0,0,0,0,0,1
15043,1,1,0,0,0,0,0,1
15048,0,1,0,0,0,0,0,0
15051,1,1,1,1,1,0,0,1
15052,1,1,1,1,1,0,0,1
15059,0,1,1,1,0,0,0,1
15061,1,1,1,1,1,0,0,1
15062,1,1,1,1,0,0,0,0
15064,0,0,0,0,0,0,0,0
15063,1,1,1,1,0,0,0,1
15071,1,1,0,0,0,0,0,0
15072,1,1,0,1,0,0,0,1
15073,1,1,1,0,0,0,0,0
15075,0,0,0,0,0,0,0,0
15076,1,1,1,0,0,0,0,0
15078,0,1,0,1,0,0,0,0
15080,1,1,1,0,0,0,0,0
15081,1,1,0,0,0,0,0,0
15082,0,0,0,0,0,0,0,0
15088,1,1,0,0,0,0,0,0
15089,0,0,0,0,0,0,0,1
15090,1,1,1,0,0,0,0,0
15091,1,1,1,1,1,0,0,0
15092,1,1,0,0,0,0,0,1
15093,0,0,0,0,0,0,0,0
15095,1,1,1,0,0,0,0,0
15096,0,0,0,0,0,0,0,1
15097,1,1,0,0,0,0,0,0
15099,1,1,1,1,0,1,0,0
15104,1,1,1,1,0,0,0,1
15105,1,1,1,1,1,0,0,1
15106,1,1,1,1,0,0,0,1
15107,1,1,1,0,0,0,0,0
15108,1,1,1,1,0,0,0,1
15109,0,1,1,1,0,0,0,0
15110,1,1,1,0,0,0,0,1
15111,0,1,1,1,1,0,0,0
15112,1,1,1,0,0,0,0,0
15116,0,1,1,0,0,0,0,0
15119,0,1,1,1,0,0,0,0
15123,1,1,1,0,1,0,0,0
15132,1,1,0,0,0,1,0,0
15134,1,1,1,0,0,0,0,0
15136,0,0,0,0,0,0,0,0
15137,1,1,0,0,0,0,0,0
15139,1,1,0,1,0,0,0,1
15141,0,0,0,0,0,0,0,0
15142,1,1,1,0,0,0,0,0
15146,0,1,1,1,1,0,0,0
15147,1,1,1,1,1,0,0,1
15148,1,1,1,1,1,0,0,1
15150,1,1,0,0,0,0,0,0
15152,1,1,1,1,0,0,0,0
15154,1,1,1,0,0,0,0,0
15156,0,0,0,0,0,0,0,1
15158,1,1,1,0,0,0,0,0
15159,1,1,0,0,0,0,0,0
15162,0,1,1,1,0,1,0,0
15166,0,0,1,0,0,0,0,0
15167,1,1,1,1,0,0,0,0
15169,1,1,0,0,0,0,0,1
15170,1,1,0,0,0,0,0,1
15172,0,1,1,0,0,0,0,1
15176,0,0,0,0,1,0,0,0
15177,0,1,1,1,0,0,0,0
15210,0,0,0,0,0,0,0,0
15220,0,0,0,0,0,0,0,1
15260,0,0,0,0,0,0,0,1
15293,0,0,0,0,0,0,0,0
15296,0,0,0,0,0,0,0,0
15328,0,0,0,0,0,0,0,0
15365,0,0,1,0,0,0,0,1
15417,0,0,0,0,0,0,0,1
15455,0,0,0,0,0,0,0,0
15487,0,0,0,0,0,0,0,1
15543,0,0,0,0,0,0,0,0
15552,0,0,1,0,0,0,0,1
15573,0,0,0,0,0,0,0,0
15180,1,1,1,0,0,0,0,0
15182,1,1,1,0,0,0,0,0
15183,0,1,0,0,0,0,0,0
15186,1,1,0,0,0,0,0,0
15187,0,1,1,0,0,0,0,0
15190,1,1,1,1,0,0,0,1
15191,0,1,1,0,1,0,0,0
15192,1,1,1,0,1,0,0,0
15193,1,1,0,0,0,0,0,0
15194,0,0,0,0,0,0,0,0
15195,1,1,1,0,0,0,0,0
15198,1,1,0,0,0,0,0,0
15199,1,1,1,0,0,0,0,1
15200,1,1,0,0,0,0,0,0
15201,1,1,0,0,0,0,0,0
15203,0,1,1,0,1,1,0,1
15206,0,1,0,1,0,0,0,0
15207,1,1,1,0,0,0,0,0
15209,1,1,1,0,0,0,0,0
15211,1,1,1,1,0,0,0,1
15213,1,1,1,1,0,0,0,0
15214,1,1,1,0,0,0,0,0
15216,1,1,1,1,0,0,0,1
15218,1,1,1,1,0,0,0,1
15221,1,1,1,1,0,0,0,1
15223,1,1,1,0,0,0,0,1
15224,1,1,1,1,0,0,0,0
15225,1,1,0,1,1,0,0,0
15226,1,1,1,0,0,0,0,1
15227,0,1,1,1,1,0,0,0
15233,1,1,1,1,1,0,0,0
15237,1,1,1,1,0,0,0,0
15238,1,1,1,0,0,0,0,0
15240,0,1,1,1,0,0,0,1
15241,0,1,0,1,0,0,0,0
15243,0,1,0,1,0,0,0,0
15246,1,1,0,1,0,0,0,0
15247,1,1,1,1,0,0,0,0
15248,1,1,0,0,0,0,0,1
15249,0,1,0,1,0,0,0,0
15250,1,1,1,1,0,0,0,1
15251,0,1,1,1,0,0,0,1
15253,1,1,1,1,0,0,0,1
15257,1,1,0,0,0,0,0,0
15258,1,1,1,1,0,0,0,1
15261,1,1,1,1,1,0,0,1
15262,0,1,0,0,0,0,0,0
15263,0,1,1,0,0,0,0,0
15268,1,1,0,0,0,0,0,0
15272,1,1,1,0,1,0,0,1
15274,0,1,0,1,1,0,0,0
15275,0,1,0,0,0,0,0,0
15276,0,0,0,0,0,0,0,0
15278,0,1,0,0,0,0,0,0
15281,1,1,1,1,0,0,0,0
15283,1,1,1,1,0,0,0,1
15284,0,1,0,0,0,0,0,0
15285,0,0,0,0,0,0,0,1
15288,0,1,0,0,0,0,0,0
15289,0,1,0,0,1,0,0,0
15291,0,1,0,0,0,0,0,0
15292,0,1,1,0,0,0,0,0
15295,1,0,0,0,0,0,0,1
15297,1,1,1,1,0,0,0,1
15298,0,0,0,0,0,0,0,0
15299,1,1,1,0,1,0,0,0
15302,0,0,0,0,0,0,0,0
15305,1,1,1,1,0,0,0,1
15306,1,0,1,1,0,0,0,1
15307,0,1,1,0,0,0,0,0
15309,0,0,0,0,0,0,0,0
15310,1,1,0,0,0,0,0,0
15311,1,1,1,0,0,0,0,0
15313,1,1,0,0,0,0,0,1
15315,0,1,1,0,1,0,0,0
15320,0,1,0,0,0,0,0,0
15321,0,1,0,1,0,0,0,1
15325,0,1,0,1,0,0,0,0
15331,1,1,0,0,1,0,0,0
15340,1,1,0,0,0,0,0,0
15342,1,1,1,1,1,1,0,0
15343,1,1,1,0,0,0,0,0
15344,1,1,1,0,0,0,0,0
15347,0,1,0,0,0,0,0,0
15348,1,1,0,0,0,0,0,1
15349,0,0,0,0,0,0,0,1
15350,0,1,1,0,0,0,0,0
15352,1,0,0,0,1,0,0,0
15358,0,1,0,0,0,0,0,0
15360,1,1,0,0,0,0,0,0
15362,1,1,0,1,1,0,0,0
15363,1,1,0,0,0,0,0,1
15364,0,0,0,0,0,0,0,1
15366,0,1,0,0,0,0,0,0
15367,1,1,0,0,1,0,1,1
15368,1,1,1,1,0,0,0,0
15370,1,1,1,1,1,0,0,0
15372,0,1,1,0,0,0,0,0
15373,1,1,0,0,0,0,0,0
15375,1,1,1,1,0,0,0,1
15377,1,1,1,1,0,0,0,0
15379,1,1,0,0,0,0,0,0
15381,0,1,1,1,0,0,0,1
15382,1,1,1,1,1,0,0,1
15385,1,1,1,0,0,0,0,1
15386,1,0,0,0,1,0,0,0
15388,1,1,1,1,0,0,0,1
15391,1,1,1,0,1,0,0,1
15393,0,0,1,0,0,0,0,0
15394,0,1,0,0,0,1,0,1
15397,0,1,1,1,0,0,0,0
15398,0,1,1,0,0,0,0,0
15399,0,1,0,1,1,0,0,0
15401,1,1,1,1,0,0,0,0
15403,1,1,0,1,0,0,0,1
15406,0,0,0,0,0,0,0,0
15408,1,1,0,1,1,0,0,1
15409,1,1,0,0,0,0,0,0
15410,0,0,0,0,0,0,0,0
15412,1,1,1,1,1,0,0,1
15415,1,1,0,0,0,0,0,0
15420,1,1,1,0,1,0,0,1
15424,0,0,0,0,0,0,0,0
15425,0,0,1,0,0,0,0,0
15427,0,1,1,1,0,0,0,0
15428,1,1,1,0,0,0,0,0
15429,1,1,1,0,0,0,0,1
15433,1,1,0,1,0,0,0,0
15436,0,1,0,0,0,0,0,0
15438,0,1,0,0,0,0,0,0
15439,0,1,1,0,0,0,0,0
15442,0,1,0,0,0,0,0,0
15445,1,1,0,0,1,0,1,0
15446,0,1,0,0,0,0,0,1
15448,1,1,0,0,0,0,0,0
15449,1,1,0,1,1,0,0,0
15451,0,0,0,0,0,0,0,0
15453,1,1,0,0,0,0,0,0
15456,1,1,1,0,0,0,0,0
15461,1,1,0,0,0,0,0,0
15463,0,0,0,0,0,0,0,0
15464,1,1,0,0,0,0,0,0
15468,0,1,0,1,1,0,0,0
15469,1,1,1,0,1,0,0,0
15472,1,1,1,0,0,0,0,1
15473,1,1,0,0,0,0,0,0
15475,0,1,1,0,0,0,0,0
15476,0,1,0,1,0,0,0,0
15478,0,1,0,0,1,0,0,0
15482,1,1,1,0,0,0,0,0
15485,1,1,0,1,0,0,0,0
15488,0,1,0,0,0,0,0,0
15489,0,1,0,0,0,0,0,0
15491,1,1,1,0,0,0,0,1
15494,1,1,1,1,0,0,0,1
15495,0,1,0,0,0,0,0,0
15496,1,1,1,1,1,0,0,1
15500,0,1,0,0,0,0,0,1
15505,1,1,1,1,0,0,0,1
15506,0,1,0,1,0,0,0,1
15507,1,1,0,0,1,0,0,0
15509,0,1,1,0,0,1,0,1
15511,1,1,0,0,0,0,0,0
15514,0,0,0,0,0,0,0,0
15515,0,1,1,1,1,0,0,1
15519,1,1,0,0,0,0,0,0
15520,1,1,1,0,1,0,0,0
15522,1,1,0,0,0,0,0,1
15526,1,1,1,1,0,0,0,0
15527,0,1,0,0,1,0,0,0
15528,1,1,1,0,0,0,0,0
15529,1,1,0,0,0,0,0,0
15530,1,1,1,0,1,0,0,1
15532,1,1,0,0,0,0,0,0
15534,0,1,0,0,0,0,0,1
15535,1,1,0,0,0,0,0,1
15536,0,1,1,1,1,0,0,0
15538,1,1,0,1,1,0,0,1
15540,0,1,0,0,1,0,0,0
15542,0,0,1,0,0,0,0,0
15544,0,0,0,0,0,0,0,0
15545,1,0,1,1,1,0,0,0
15547,1,1,1,1,0,0,0,0
15549,0,1,0,1,0,0,0,0
15550,1,0,0,0,0,0,0,0
15554,1,1,1,1,0,0,0,0
15556,0,1,1,0,0,0,0,0
15558,0,1,1,0,0,0,0,0
15559,0,0,0,0,0,0,0,1
15561,1,1,0,0,0,0,0,0
15562,1,1,1,1,0,0,0,1
15566,1,1,1,1,1,0,0,0
15569,0,1,0,1,0,0,0,0
15570,1,1,1,1,0,0,0,1
15571,1,1,1,0,0,0,0,0
15577,0,1,1,1,1,0,0,0
15582,1,1,0,1,0,1,0,0
15583,1,1,1,1,1,0,0,0
15585,0,1,1,0,0,0,0,0
15587,0,1,0,0,1,0,0,1
15588,1,1,0,0,1,0,0,0
15594,0,1,0,1,0,0,0,1
15597,0,0,0,0,0,0,0,0
15599,1,1,1,1,0,0,0,1
15600,1,1,1,0,0,0,0,0
15602,1,1,0,0,0,0,0,0
15605,1,1,1,0,0,0,0,0
15606,1,1,1,1,0,0,0,1
15607,0,1,1,0,0,0,0,0
15608,1,1,1,0,1,0,0,1
15611,1,1,0,0,0,0,0,0
15612,1,1,0,0,0,0,0,1
15619,0,1,0,0,0,0,0,0
15621,1,1,0,1,1,0,0,1
15622,1,1,0,1,0,0,0,0
15624,1,1,1,1,1,0,0,1
15626,0,1,1,1,0,0,0,0
15627,1,1,0,0,0,0,0,0
15631,1,1,1,1,0,1,0,1
15632,0,1,0,0,0,0,0,0
15634,0,0,0,0,0,0,0,0
15635,1,0,1,0,1,0,0,1
15636,1,0,1,0,1,0,0,0
15641,0,0,0,0,0,0,0,0
15643,1,1,0,1,0,0,0,0
15644,0,1,1,1,0,0,0,0
15646,1,1,0,1,1,0,0,0
15647,0,1,0,0,0,0,0,1
15648,1,1,1,1,0,0,0,1
15650,1,1,1,1,1,0,0,0
15653,1,1,0,0,1,1,0,0
15655,0,1,0,0,0,0,0,0
15656,0,1,1,1,1,0,0,1
15658,1,1,1,1,0,0,0,1
15659,1,1,0,0,0,0,0,1
15660,1,1,1,1,0,0,0,0
15661,1,1,1,1,0,0,0,1
15663,1,1,1,0,1,0,1,0
15664,0,1,0,0,0,0,0,1
15665,1,1,1,1,0,0,0,1
15666,1,1,1,0,1,1,1,1
15669,1,1,1,1,1,0,0,1
15670,1,0,0,0,0,0,0,0
15673,0,1,0,1,1,0,0,0
15680,1,1,1,1,1,0,0,0
15681,0,1,1,1,1,0,0,0
15682,1,1,0,0,0,0,0,0
15684,1,1,1,1,0,0,0,0
15687,0,0,0,0,0,0,0,0
15688,1,1,1,0,1,0,0,1
15698,0,0,0,0,0,0,0,1
15689,1,1,0,1,1,0,0,1
15691,1,1,1,1,0,0,0,1
15693,1,1,1,0,0,0,0,0
15694,0,0,0,0,0,0,0,0
15696,0,1,1,0,0,0,0,0
15699,1,1,1,1,0,0,0,1
15700,1,1,1,1,0,0,0,1
15701,1,1,0,1,1,0,0,0
15703,1,1,0,0,0,0,0,0
15706,1,1,1,1,0,0,0,0
15709,1,1,0,0,0,0,0,0
15710,1,1,1,1,1,0,0,0
15711,0,0,0,0,0,0,0,0
15712,1,1,1,1,0,0,0,0
15716,0,1,1,0,1,0,0,0
15727,1,1,1,1,1,0,0,0
15731,1,1,1,1,0,0,0,0
15733,1,0,0,1,1,0,0,0
15734,0,1,1,0,0,0,0,0
15746,0,0,0,0,0,0,0,1
15744,1,1,1,0,0,0,0,0
15752,0,1,0,1,0,0,0,0
15756,1,1,0,0,0,0,0,0
15757,0,1,0,1,0,0,0,0
15758,1,1,0,0,0,0,0,0
15759,1,1,0,0,0,0,1,0
15760,0,0,0,0,0,0,0,1
15762,1,1,0,0,0,0,0,0
15763,1,1,0,0,0,0,0,0
15764,1,1,0,1,0,0,0,0
15765,1,1,1,1,0,0,0,1
15767,1,1,0,0,0,1,1,0
15771,1,1,1,1,0,0,0,1
15774,1,1,0,0,0,0,0,1
15775,0,0,0,0,0,0,0,0
15776,1,1,1,0,1,0,0,0
15777,1,1,1,0,0,0,0,0
15780,0,1,0,0,0,0,1,0
15781,1,1,1,0,0,0,0,0
15784,0,0,0,0,0,0,0,0
15785,0,1,0,0,1,0,0,0
15786,0,1,1,1,0,0,0,1
15788,1,1,0,0,0,0,0,0
15789,0,1,1,0,0,0,0,1
15793,0,1,0,0,0,0,0,0
15799,0,1,1,0,1,0,0,1
15803,0,1,0,0,1,0,0,0
15805,1,1,1,0,1,0,1,0
15807,1,1,1,1,0,0,0,1
15808,1,1,1,1,0,0,0,1
15812,0,0,0,0,0,0,0,0
15813,1,1,0,0,0,0,0,0
15814,0,1,0,0,0,0,0,0
15815,1,1,1,1,0,0,0,0
15816,0,1,1,0,0,0,0,0
15818,1,1,0,0,0,0,0,1
15819,1,1,0,0,0,0,0,1
15820,1,1,0,0,0,0,0,1
15821,0,1,0,0,0,0,0,1
15823,0,1,0,0,0,0,1,1
15824,1,0,0,0,1,0,0,1
15825,1,1,1,1,0,0,0,0
15826,0,0,1,0,0,0,0,0
15827,1,1,1,0,0,0,0,0
15830,1,1,0,0,0,0,0,0
15832,0,1,0,0,0,0,0,0
15833,1,1,1,0,0,0,0,0
15835,0,0,0,0,0,0,0,0
15837,0,1,1,0,0,0,0,0
15838,1,1,1,0,0,0,0,0
15839,1,1,1,0,0,0,0,0
15840,1,1,1,1,0,0,0,1
15843,1,1,1,1,0,0,0,0
15844,0,1,0,0,0,0,0,1
15847,0,0,0,0,0,0,0,0
15848,0,1,0,0,0,0,0,0
15849,1,1,1,1,0,0,0,1
15850,0,0,0,0,0,0,0,1
15851,1,1,0,0,0,0,0,0
15853,0,0,0,0,0,0,0,0
15856,0,0,0,0,0,0,0,0
15857,1,1,0,1,0,0,0,0
15858,0,1,1,0,0,0,0,0
15861,1,1,0,1,1,0,0,0
15865,0,0,0,0,0,0,0,0
15868,1,1,0,0,0,0,0,0
15869,1,1,0,0,0,0,0,0
15871,0,0,1,0,0,0,0,0
15873,0,1,1,0,0,0,0,0
15874,1,1,1,1,0,1,0,0
15879,0,1,0,0,0,0,0,0
15882,1,1,1,0,1,0,0,1
15884,0,1,1,0,0,0,0,1
15885,1,1,1,1,0,0,0,1
15889,1,1,1,1,0,0,0,1
15890,1,1,0,1,0,0,0,0
15891,1,1,0,0,0,0,0,1
15893,1,1,1,1,1,0,0,0
15899,1,1,1,1,1,0,0,0
15902,1,1,0,1,0,1,0,0
15907,0,1,0,0,0,0,0,1
15908,0,1,0,0,0,0,0,0
15909,0,1,0,0,0,0,0,0
15910,0,1,0,1,1,0,0,1
15913,0,0,1,0,1,0,0,0
15914,1,1,0,0,0,0,0,0
15915,0,1,1,1,1,0,0,1
15916,0,1,0,0,0,0,0,0
15917,0,1,0,1,0,0,0,0
15918,0,1,1,0,0,0,0,0
15919,0,1,1,0,0,0,0,0
15921,0,1,1,0,1,0,0,1
15923,1,1,0,0,0,0,0,1
15924,1,1,1,0,1,1,0,0
15927,0,1,0,0,0,0,0,0
15931,0,1,0,0,0,0,0,1
15932,1,1,0,0,0,0,1,0
15933,1,1,1,0,0,0,0,0
15934,0,1,0,0,0,0,0,0
15941,0,0,0,0,0,0,0,0
15942,0,1,0,0,1,0,0,0
15943,1,1,0,0,1,0,0,0
15946,0,1,1,0,0,0,1,1
15948,1,1,0,0,0,0,0,0
15950,0,0,0,0,0,0,0,1
15952,0,1,0,0,0,0,0,0
15955,0,0,0,0,0,0,0,0
15954,0,1,1,1,0,0,0,0
15956,1,1,0,0,0,0,0,1
15958,1,1,0,1,0,0,0,0
15959,0,1,0,1,0,0,0,0
15960,0,1,0,0,0,0,0,1
15962,1,1,0,1,1,0,0,1
15963,1,1,0,0,0,0,0,0
15964,1,1,0,0,1,0,0,0
15965,0,1,1,1,0,0,0,0
15968,0,1,0,0,0,0,0,0
15970,1,1,1,0,1,1,0,0
15971,1,1,1,0,0,0,0,1
15973,0,1,0,0,0,0,0,1
15977,1,1,0,0,0,0,0,1
15978,0,1,1,1,1,0,0,0
15979,0,1,0,0,0,0,0,0
15981,0,1,0,0,0,0,0,1
15987,0,1,0,0,0,0,0,0
15992,0,1,0,0,0,0,0,0
15996,1,1,1,1,0,0,0,1
15998,0,1,0,1,0,0,0,0
16001,0,1,1,1,1,0,0,0
16004,1,1,1,0,1,1,0,0
16005,0,0,0,0,0,0,0,1
16007,1,1,1,0,1,0,0,0
16008,1,1,1,1,0,1,0,0
16009,0,0,0,0,0,0,0,0
16011,0,1,0,0,0,0,0,0
16016,1,1,0,1,0,0,0,0
16020,0,0,0,0,0,0,0,0
16023,1,1,1,1,1,0,0,1
16028,1,1,0,0,0,0,0,1
16029,1,0,0,0,0,0,0,0
16031,1,0,0,1,1,0,0,0
16032,0,1,1,0,0,0,0,0
16033,0,1,1,0,0,0,0,0
16035,1,1,1,0,0,0,0,0
16039,0,1,1,0,1,1,0,0
16040,0,0,0,0,0,0,0,0
16041,1,1,1,1,0,0,0,1
16043,1,1,0,0,0,0,0,0
16045,1,1,1,0,0,0,0,0
16047,0,1,0,0,0,0,0,0
16048,1,1,1,0,0,0,0,1
16049,1,1,1,1,0,0,0,1
16050,1,1,1,0,1,0,0,0
16055,0,1,1,1,1,0,0,0
16056,1,1,0,1,1,0,0,1
16057,1,1,1,0,0,0,0,0
16060,1,1,1,0,0,0,0,0
16080,0,0,0,0,0,0,0,0
16064,1,1,1,0,0,0,0,0
16065,1,1,0,0,1,0,0,0
16072,1,1,1,1,0,0,0,0
16075,1,1,1,1,0,0,0,1
16077,1,1,0,1,0,0,0,1
16081,0,0,0,0,0,0,0,0
16082,0,1,1,0,0,0,0,0
16084,0,1,1,1,1,1,0,1
16085,1,1,0,1,0,0,0,1
16088,0,1,0,0,0,1,0,1
16089,1,1,0,0,1,0,0,1
16091,0,1,1,0,0,0,0,0
16092,0,0,0,0,0,0,0,0
16093,0,1,0,0,0,0,0,0
16095,1,1,1,0,1,0,0,1
16096,0,1,1,0,0,0,0,0
16097,0,0,1,0,0,0,0,0
16099,0,1,1,0,1,0,0,0
16100,1,1,0,0,1,0,0,0
16102,0,1,0,0,0,0,0,0
16103,0,0,0,0,0,0,0,0
16105,1,1,1,0,1,0,1,0
16107,0,0,1,0,0,0,0,0
16108,0,1,0,0,0,0,0,0
16109,1,1,1,1,0,0,0,1
16111,1,1,1,1,0,0,0,1
16113,0,0,0,0,0,0,0,1
16115,0,1,0,0,0,0,0,1
16116,1,1,1,1,0,0,0,0
16117,1,1,1,0,0,0,0,1
16119,1,1,0,0,0,0,0,1
16120,0,1,1,0,0,0,0,0
16122,1,1,1,0,0,0,0,1
16125,1,1,1,1,0,0,0,1
16126,1,1,1,0,0,0,0,0
16127,0,1,0,0,0,0,0,1
16129,0,1,0,0,0,0,0,0
16130,1,1,0,0,0,0,0,0
16131,1,1,1,1,0,0,0,1
16132,0,0,0,0,1,0,0,0
16134,1,1,1,1,0,0,0,1
16135,1,1,0,0,1,0,0,1
16163,0,1,1,0,0,0,0,0
16138,1,1,0,0,0,1,0,0
16139,1,1,1,0,0,0,0,0
16143,1,1,1,1,1,0,0,1
16144,0,1,0,0,0,0,0,0
16147,1,1,1,1,0,0,0,0
16148,1,1,0,1,1,0,0,1
16151,0,1,1,1,1,0,0,1
16152,0,1,0,0,0,0,0,0
16153,0,1,0,0,0,0,0,0
16154,1,1,0,0,0,0,0,0
16155,1,1,1,0,0,0,1,0
16159,0,0,0,0,0,0,0,0
16162,1,1,0,0,1,0,0,0
16167,1,1,1,0,1,0,0,0
16168,1,1,0,0,0,0,1,1
16171,0,0,0,0,0,0,0,0
16174,0,1,1,0,0,0,1,1
16176,1,1,0,1,1,0,1,0
16178,0,1,0,1,0,0,0,0
16180,0,1,1,0,1,0,0,0
16181,0,1,0,0,0,0,0,0
16183,0,1,0,0,0,0,0,0
16185,1,0,0,0,0,0,0,0
16187,1,1,0,0,1,0,0,0
16188,0,1,1,1,0,0,0,0
16189,1,1,1,0,0,1,0,1
16190,0,1,1,0,0,0,0,0
16193,0,1,0,0,0,0,0,0
16195,0,1,0,0,0,0,0,1
16196,1,1,1,0,1,0,0,1
16200,0,1,1,0,0,0,0,0
16202,1,1,0,0,0,0,0,0
16206,1,1,1,1,0,0,0,1
16208,1,1,1,0,1,1,1,0
16209,1,1,0,0,0,0,0,0
16210,1,1,1,1,0,0,0,0
16214,0,1,1,1,1,0,0,0
16216,1,1,0,0,0,0,0,0
16224,0,0,0,0,0,0,0,0
16226,0,0,1,0,0,0,0,1
16227,1,1,1,0,0,0,0,0
16228,1,1,1,0,0,0,0,0
16229,0,1,1,1,0,0,0,0
16230,1,1,0,0,0,0,0,0
16233,1,1,1,1,0,0,0,1
16234,0,0,1,1,0,0,0,0
16235,1,1,1,0,1,0,0,0
16238,1,1,0,0,0,0,0,0
16241,0,1,1,0,0,0,0,0
16244,1,1,0,0,0,0,0,0
16245,0,0,0,0,0,0,0,1
16246,1,1,1,0,0,0,0,0
16250,1,1,1,0,0,0,0,0
16253,1,1,0,0,0,1,0,0
16254,1,1,0,0,0,0,0,0
16255,0,1,1,0,0,0,0,0
16256,1,1,0,1,0,0,0,0
16261,1,1,0,1,0,0,0,1
16262,1,1,0,0,0,0,0,0
16264,1,1,1,1,1,0,0,1
16266,1,1,1,1,1,0,0,1
16267,1,1,1,1,0,0,0,0
16269,1,1,0,0,0,0,0,0
16271,1,1,1,1,0,0,0,1
16272,0,1,0,0,0,0,0,0
16275,0,1,1,0,0,0,0,0
16276,1,1,0,0,0,0,0,0
16277,0,1,1,1,1,0,0,0
16278,1,1,1,0,0,0,0,0
16279,0,0,0,0,0,0,0,0
16282,1,1,1,1,0,0,0,0
16283,0,0,0,0,0,0,0,1
16284,1,1,1,1,0,0,0,0
16286,1,1,1,1,0,0,0,1
16287,1,1,0,0,0,0,0,0
16288,1,1,1,1,0,0,0,1
16292,1,1,0,0,0,0,0,0
16293,1,1,1,1,0,0,0,0
16303,0,0,0,0,0,0,0,1
16305,0,0,0,0,0,0,0,0
16331,0,0,0,0,0,0,0,0
16335,0,0,0,0,0,0,0,0
16336,0,0,0,0,0,0,0,1
16411,0,0,1,0,0,0,0,0
16414,0,0,0,0,0,0,0,0
16426,0,0,0,0,0,0,0,0
16452,0,0,0,0,0,0,0,1
16492,0,0,0,0,0,0,0,0
16519,0,0,0,0,0,0,0,0
16635,0,1,1,0,0,0,0,1
16294,1,1,1,1,0,0,0,1
16297,1,1,0,0,0,0,0,0
16304,1,1,1,0,0,0,0,0
16306,0,1,0,0,0,0,0,1
16307,1,1,1,0,0,0,0,1
16310,1,1,0,0,0,0,0,0
16314,1,1,1,0,1,0,0,0
16317,1,1,1,1,0,1,0,0
16318,1,1,1,0,0,0,0,1
16319,1,1,1,1,0,0,0,0
16324,0,0,0,0,0,0,0,1
16325,1,1,0,1,0,0,0,1
16326,0,1,1,0,1,0,0,0
16333,0,0,0,0,0,0,0,0
16334,1,1,1,1,0,0,0,0
16338,1,1,1,1,0,0,0,0
16339,1,1,1,1,1,0,0,1
16342,1,1,0,0,1,0,0,1
16350,1,1,0,0,0,0,0,0
16351,0,1,0,1,0,0,0,1
16353,0,1,1,1,1,1,0,1
16354,1,1,1,0,0,0,0,0
16355,1,1,1,1,0,0,0,0
16356,0,1,1,0,0,0,0,0
16359,0,1,0,1,0,0,0,1
16361,0,1,1,1,0,0,0,0
16362,0,0,0,0,0,0,0,0
16363,0,0,0,0,0,0,0,0
16364,0,0,0,0,0,0,0,1
16369,0,0,1,0,0,0,0,1
16371,1,1,1,1,0,0,0,1
16372,1,1,1,1,1,0,0,1
16374,0,0,0,0,0,0,0,1
16375,1,1,1,1,0,0,0,0
16377,1,1,0,0,0,0,0,1
16380,1,1,1,1,0,0,0,1
16388,1,1,0,0,0,0,0,0
16390,0,0,0,0,0,0,0,0
16394,1,1,0,1,0,0,0,0
16395,0,1,0,0,0,0,0,0
16396,0,1,0,0,0,0,0,0
16398,0,0,1,0,0,0,0,1
16401,1,1,0,0,0,0,0,0
16408,0,1,1,1,0,0,0,1
16410,1,1,1,1,0,0,0,1
16412,0,0,0,0,0,0,0,0
16413,0,1,0,0,0,0,0,1
16417,0,1,1,0,0,0,0,0
16418,1,1,0,0,0,0,0,0
16420,0,1,0,1,0,0,0,0
16424,1,1,0,0,0,0,0,0
16428,1,1,1,1,0,0,0,1
16429,1,1,0,0,0,0,0,1
16434,1,1,1,1,0,0,0,0
16436,1,1,1,0,1,0,0,0
16440,0,1,1,1,0,0,0,0
16441,0,1,0,0,0,0,0,0
16443,1,1,0,0,0,0,0,0
16446,1,1,1,1,0,0,0,1
16448,0,1,0,0,0,0,0,0
16451,1,1,1,1,0,0,0,0
16453,0,0,0,0,0,0,0,0
16455,1,1,0,0,0,0,0,0
16456,1,1,0,0,0,0,0,0
16458,1,1,1,1,1,0,0,1
16460,1,1,0,0,0,0,0,1
16461,0,1,0,0,0,0,0,0
16462,0,0,0,0,0,0,0,1
16463,1,1,1,1,0,0,0,1
16475,0,0,0,0,0,0,0,1
16466,1,1,1,1,0,0,0,1
16467,1,1,1,0,0,0,0,0
16468,0,1,1,1,0,1,0,1
16470,1,1,1,0,0,0,0,0
16476,0,1,0,0,0,0,0,1
16478,1,1,0,0,0,0,0,0
16479,1,1,0,1,1,0,0,1
16481,1,1,1,1,1,0,0,0
16482,1,1,1,0,1,0,0,1
16483,1,0,0,0,0,0,0,1
16485,0,1,0,0,0,0,0,1
16488,1,1,1,1,1,0,1,1
16491,1,1,1,0,0,0,0,0
16493,1,1,0,0,0,0,0,0
16494,0,1,0,0,1,0,0,0
16497,1,1,0,0,0,0,0,0
16499,1,1,1,1,1,0,1,0
16500,1,1,1,0,0,0,0,0
16502,0,1,1,0,0,0,0,0
16503,1,1,0,0,0,0,0,0
16504,1,1,1,1,0,0,0,0
16506,0,0,1,0,0,0,0,0
16508,0,1,0,1,0,0,0,0
16509,1,1,0,0,0,0,0,0
16510,1,1,0,0,0,0,0,0
16512,0,1,0,0,1,0,0,0
16514,1,1,1,0,0,0,0,0
16517,0,1,0,0,0,0,0,0
16521,1,1,1,0,1,0,0,0
16524,0,1,0,0,0,0,0,0
16525,0,1,1,0,0,0,0,0
16526,0,1,1,0,0,0,0,0
16527,0,1,0,1,1,0,0,1
16528,1,1,1,0,0,0,0,0
16539,1,1,1,0,1,0,0,0
16544,0,1,0,0,0,0,0,1
16545,1,1,0,0,0,0,0,0
16546,1,1,1,1,0,0,0,0
16547,1,1,1,0,0,0,0,1
16549,1,1,1,1,0,0,0,0
16551,1,1,0,1,0,0,0,1
16555,1,1,1,1,0,0,0,1
16556,0,1,1,1,0,0,0,0
16557,1,1,0,0,0,0,0,0
16560,0,1,0,0,0,0,0,0
16563,1,1,0,0,1,0,1,0
16564,1,1,1,1,1,0,0,1
16565,1,1,1,1,1,0,0,1
16566,1,1,1,1,0,0,0,1
16567,1,1,1,1,1,0,0,0
16568,1,1,1,0,0,0,0,0
16569,1,1,0,0,0,0,0,0
16571,1,1,0,0,0,0,0,0
16572,1,1,0,0,0,1,0,1
16575,0,1,0,0,1,0,0,0
16576,1,1,1,1,0,0,0,0
16578,0,1,0,0,0,0,0,0
16579,1,1,1,0,0,1,0,1
16580,1,1,1,1,0,0,0,0
16582,1,1,1,0,0,0,0,0
16583,0,0,1,0,0,0,0,0
16584,1,1,1,0,0,0,0,0
16587,0,1,1,0,0,0,0,1
16588,0,1,1,0,0,0,0,0
16589,0,1,0,1,1,0,0,0
16591,1,1,0,0,0,0,0,0
16595,1,1,0,0,0,0,0,1
16596,0,1,1,1,0,0,0,0
16598,0,1,0,0,0,0,0,0
16601,1,0,1,0,0,1,0,0
16602,1,1,0,0,0,0,0,0
16607,1,1,0,0,1,0,0,0
16609,1,1,0,1,0,1,0,0
16610,1,1,0,0,0,0,0,0
16614,0,1,0,0,0,0,0,0
16616,1,1,1,1,0,0,0,1
16617,1,1,0,0,1,1,1,0
16618,0,1,1,0,1,0,0,1
16621,1,1,1,0,0,0,0,0
16623,1,1,1,1,0,0,0,0
16625,0,1,0,0,0,0,1,0
16626,0,1,0,0,0,0,1,0
16627,1,1,1,1,0,0,0,0
16632,1,1,1,0,1,0,0,0
16634,0,1,1,0,1,0,0,0
16637,1,1,0,0,0,0,0,0
16645,1,1,1,1,0,0,0,1
16649,0,1,0,0,0,0,0,0
16653,0,1,0,0,0,0,0,1
16654,0,1,0,0,0,1,0,0
16655,1,1,1,0,0,0,0,0
16656,1,1,0,0,0,0,0,0
16659,0,1,1,0,0,0,0,0
16663,1,1,1,0,0,0,0,1
16666,0,0,0,1,1,0,0,0
16668,1,1,1,0,0,0,0,1
16670,1,0,1,1,0,0,0,1
16672,0,1,0,0,0,0,0,0
16673,0,1,1,1,0,0,0,0
16674,1,1,0,1,0,0,0,0
16676,1,1,0,0,0,0,0,0
16678,0,1,0,0,0,0,0,0
16679,1,1,1,0,0,0,0,0
16680,1,1,1,0,1,0,0,0
16683,1,1,0,1,0,0,0,1
16684,1,1,1,1,0,0,0,1
16685,1,1,1,1,0,0,0,0
16687,1,1,0,0,1,0,0,0
16688,1,1,1,0,0,0,0,0
16690,0,1,0,0,1,0,0,1
16692,0,1,0,0,0,0,0,1
16695,1,0,0,0,0,0,0,0
16696,1,1,1,1,0,0,0,0
16697,0,0,0,0,0,0,0,1
16698,0,0,0,0,0,0,0,0
16699,1,1,1,0,0,0,0,1
16702,1,1,0,0,0,0,0,0
16705,1,1,0,0,0,0,0,0
16709,1,1,0,1,0,0,0,0
16711,0,1,0,0,0,0,0,0
16717,0,0,1,0,0,0,0,0
16720,0,0,0,0,0,0,0,1
16723,1,1,0,0,0,0,0,0
16724,1,1,1,1,0,0,0,0
16726,1,1,1,1,0,0,0,1
16727,1,1,0,0,0,0,0,0
16728,1,1,1,1,0,0,0,0
16731,0,1,0,0,0,0,1,1
16733,1,1,1,0,0,0,0,0
16734,1,1,0,0,0,0,0,0
16737,1,1,0,1,0,0,0,0
16738,1,1,1,0,0,0,0,0
16740,1,0,1,0,0,0,0,0
16744,1,1,1,1,1,0,0,0
16745,1,1,1,0,0,0,0,0
16748,1,1,0,0,0,1,0,0
16749,1,1,0,0,0,0,0,0
16750,1,1,0,1,0,0,0,0
16751,1,1,0,0,0,0,0,0
16752,0,1,1,1,0,0,0,0
16753,1,1,1,0,0,0,0,0
16754,0,1,1,1,0,0,0,0
16755,1,1,0,0,0,1,0,0
16756,0,1,1,0,0,1,0,0
16758,1,1,0,1,0,0,0,0
16759,0,0,0,0,0,0,0,1
16762,0,1,1,0,1,0,0,0
16765,1,1,0,0,0,0,1,1
16766,1,1,0,0,0,0,0,0
16767,1,1,0,1,1,0,0,0
16770,0,1,1,1,0,0,0,1
16774,0,1,1,0,0,0,0,1
16777,1,1,1,0,0,0,0,1
16779,0,1,0,0,0,0,0,0
16782,0,1,0,1,0,0,0,1
16784,1,1,1,0,1,0,0,0
16785,1,1,0,0,0,0,0,0
16791,0,1,1,1,1,0,0,0
16795,1,1,1,1,1,0,0,1
16796,1,1,0,1,1,0,0,0
16798,0,1,0,0,0,0,0,0
16799,1,1,0,0,0,0,0,0
16800,1,1,0,0,0,0,0,1
16802,0,1,0,0,0,1,0,0
16803,1,1,1,0,0,1,0,0
16806,0,1,0,0,1,0,0,1
16808,1,1,1,0,0,0,0,0
16817,1,1,1,1,0,0,0,1
16821,0,0,0,0,0,0,0,0
16827,1,1,1,0,0,0,0,1
16832,1,1,1,1,1,0,0,1
16833,1,1,1,0,0,0,0,1
16834,0,1,0,0,0,0,0,1
16835,1,1,0,0,0,0,0,1
16836,1,1,1,0,1,0,0,0
16837,0,1,0,0,0,0,0,1
16839,1,1,1,1,0,1,0,0
16841,1,1,1,1,0,0,0,1
16844,0,0,0,0,0,0,0,0
16846,0,0,1,0,0,0,0,1
16851,0,0,0,0,0,0,0,0
16852,1,1,0,0,0,0,0,0
16855,0,1,0,0,1,0,0,0
16858,1,1,1,1,0,0,0,0
16860,0,1,1,0,0,0,0,1
16861,0,1,1,0,0,0,0,0
16863,0,1,1,0,0,0,0,0
16865,1,1,1,1,1,0,0,1
16867,1,1,0,0,0,0,0,1
16869,0,1,1,1,0,1,0,0
16870,1,1,0,0,0,0,0,1
16873,0,1,0,0,0,0,0,1
16874,1,1,0,1,1,0,0,1
16875,1,1,1,0,0,0,0,0
16876,1,1,1,0,0,0,0,0
16877,1,1,0,0,1,0,1,1
16879,1,1,0,0,0,0,0,0
16881,1,1,0,1,1,0,0,0
16886,0,1,0,1,0,0,0,0
16889,1,1,1,0,1,0,0,0
16890,0,0,0,0,0,0,0,1
16893,1,1,0,0,0,0,0,0
16894,0,0,0,0,0,0,0,0
16895,1,1,1,1,0,0,0,1
16896,1,1,1,0,0,0,0,0
16897,0,1,1,1,1,0,0,1
16898,0,1,1,0,0,0,0,0
16899,0,0,0,0,0,0,0,0
16900,1,0,0,0,1,0,0,0
16902,1,1,1,0,0,0,0,0
16903,0,0,1,0,0,0,0,0
16904,1,1,0,1,0,0,0,0
16905,1,1,0,1,1,0,1,0
16906,0,0,0,0,0,0,0,0
16909,1,1,1,1,0,0,0,0
16910,1,1,0,0,0,0,0,0
16911,0,1,0,0,1,0,0,0
16912,1,1,0,0,1,0,1,0
16914,1,1,0,0,0,0,0,0
16916,0,0,1,0,0,0,0,0
16917,1,1,1,1,0,0,0,1
16924,1,0,0,0,0,0,0,1
16925,0,1,1,1,1,0,0,0
16926,0,1,0,1,0,0,0,1
16927,0,0,0,0,0,0,0,0
16931,1,1,1,0,0,0,0,0
16932,1,1,0,1,0,0,0,0
16933,1,1,1,1,0,0,0,1
16937,1,1,0,0,1,0,0,0
16941,0,1,0,0,0,0,0,1
16951,0,0,0,0,0,0,0,1
16967,0,0,0,0,0,0,0,1
16942,1,1,0,0,0,0,0,0
16944,1,1,0,1,1,0,1,0
16947,0,1,1,1,0,0,0,1
16949,1,1,0,0,0,0,0,1
16950,0,1,0,0,0,0,0,0
16958,0,1,0,0,0,0,0,0
16959,1,1,0,0,0,0,0,0
16961,0,1,1,0,0,0,0,0
16964,0,0,0,0,0,0,0,1
16965,0,1,0,0,0,0,0,0
16969,1,1,1,0,0,0,1,0
16972,0,1,1,1,1,0,0,1
16976,1,1,1,1,0,0,0,1
16977,0,0,0,0,0,0,0,0
16979,0,1,0,1,0,0,0,1
16984,1,1,1,0,1,0,0,1
16987,1,1,1,1,1,0,0,1
16988,1,1,1,0,0,0,0,0
16989,0,1,0,0,0,0,0,0
16990,1,1,1,0,0,1,0,1
16992,0,1,0,0,0,0,0,0
16993,0,1,0,0,0,0,0,0
16994,1,1,1,0,0,0,0,0
16995,0,0,0,0,0,0,0,0
16996,1,0,0,0,1,0,0,0
16999,1,1,1,0,0,0,0,0
17000,0,0,0,0,0,0,0,0
17003,1,1,0,0,0,0,0,1
17004,1,1,1,1,0,0,0,1
17007,1,1,0,0,0,0,0,1
17008,0,1,1,0,1,0,0,1
17009,0,0,0,0,0,0,0,1
17012,1,1,1,0,1,0,0,1
17014,1,1,0,0,1,0,0,1
17015,1,1,1,1,1,1,0,1
17016,1,1,1,1,1,0,0,0
17017,0,1,0,0,0,0,0,0
17020,0,1,0,1,0,0,0,0
17022,1,1,0,0,0,0,0,1
17024,0,0,0,0,0,0,0,0
17028,0,0,0,0,0,0,0,0
17032,0,0,0,0,0,0,0,1
17045,0,0,0,0,0,0,0,1
17025,0,1,0,0,0,0,0,0
17026,0,1,0,0,0,0,0,0
17027,0,1,1,0,0,0,0,0
17031,0,0,0,0,0,0,0,0
17033,0,1,1,0,0,0,0,0
17036,1,1,0,1,1,1,0,0
17037,0,0,0,1,1,0,0,0
17041,0,0,0,0,0,0,0,0
17043,1,1,0,0,0,0,0,1
17044,1,1,0,0,1,0,1,0
17049,0,0,1,0,0,0,0,0
17050,0,1,1,0,0,0,1,0
17052,1,1,1,1,0,0,0,0
17053,0,0,0,0,0,0,0,1
17054,0,0,0,0,0,0,0,0
17058,1,1,1,1,1,0,0,1
17059,0,1,0,1,1,0,0,0
17060,1,1,1,1,0,0,0,0
17064,0,1,1,1,0,0,0,1
17066,1,1,1,1,0,0,0,1
17068,0,1,0,1,1,0,1,0
17071,0,1,1,1,1,0,0,0
17072,1,1,1,1,0,0,0,1
17073,1,1,0,0,0,0,0,0
17074,1,1,1,0,0,0,0,0
17075,1,1,1,0,1,0,0,0
17076,0,0,0,0,0,0,0,0
17078,1,1,1,0,0,0,0,0
17079,0,1,1,0,0,0,0,1
17081,1,1,0,0,1,0,0,1
17082,0,1,0,0,0,0,0,0
17083,1,1,1,1,1,0,0,0
17084,0,0,0,0,0,0,0,0
17086,0,0,0,0,0,0,0,0
17088,1,1,0,1,0,0,0,0
17089,1,1,1,1,0,0,0,1
17090,1,1,0,0,0,0,0,0
17092,0,1,1,0,0,0,0,0
17094,0,1,1,0,0,0,0,1
17096,0,1,1,1,1,0,0,0
17098,0,1,1,0,1,0,0,0
17099,1,1,1,1,0,0,0,0
17100,0,1,1,0,1,0,0,0
17101,1,1,1,1,0,0,0,1
17103,0,0,0,0,1,0,0,0
17106,0,1,0,0,0,0,0,0
17107,0,0,0,0,0,0,0,1
17108,0,0,0,0,0,0,0,0
17109,1,1,1,0,1,1,1,0
17110,0,0,0,0,1,0,0,0
17111,0,1,0,0,1,0,0,0
17113,1,1,1,1,0,0,0,0
17114,0,0,1,0,0,0,0,1
17115,0,0,0,0,0,0,0,1
17116,1,1,1,0,0,0,0,0
17117,0,0,0,0,0,0,0,1
17118,0,1,0,1,0,0,0,0
17120,1,1,0,1,1,0,0,0
17123,1,1,1,0,0,0,0,0
17125,1,1,0,0,1,0,0,0
17126,0,1,0,0,0,0,0,1
17127,1,1,0,0,0,0,0,0
17128,1,1,0,0,1,0,0,0
17129,1,1,1,1,0,0,0,1
17132,0,1,0,0,0,0,0,0
17133,1,1,0,0,1,0,0,1
17136,1,1,1,1,0,0,0,0
17137,1,1,1,0,0,0,0,0
17138,1,1,0,0,0,0,0,1
17139,0,1,0,0,0,1,0,0
17140,1,1,1,0,0,0,1,1
17143,0,1,1,0,1,0,0,0
17144,1,1,1,0,0,0,0,0
17145,1,1,0,0,0,0,0,0
17146,1,1,0,0,0,0,0,0
17147,0,1,1,0,1,0,0,0
17149,0,1,0,0,0,0,0,0
17158,0,1,0,0,0,0,0,0
17159,0,1,1,0,0,0,0,0
17161,1,1,0,0,0,0,0,0
17165,1,1,1,1,0,0,0,1
17166,0,1,0,0,0,0,0,1
17167,1,1,1,0,0,0,0,0
17168,1,1,1,0,0,0,0,0
17173,1,1,1,0,0,0,0,0
17174,0,1,1,0,0,0,0,0
17175,1,1,0,0,0,0,0,0
17176,1,1,1,0,1,0,0,0
17180,0,0,0,0,0,0,0,1
17186,0,1,0,0,1,0,0,0
17187,1,1,1,1,0,0,0,0
17188,0,1,1,0,0,0,1,1
17190,0,0,1,1,1,0,0,1
17191,1,1,1,1,0,0,0,1
17192,1,1,1,1,0,0,0,1
17195,1,1,0,0,0,0,0,1
17196,1,1,0,0,0,0,1,1
17199,1,1,1,1,1,0,0,0
17201,1,1,1,0,0,0,0,0
17203,1,1,0,0,0,0,0,0
17204,1,1,1,0,1,0,0,0
17207,0,1,0,0,0,0,0,0
17208,1,1,1,1,1,0,0,1
17209,0,1,1,1,1,0,0,0
17212,1,1,1,0,0,0,0,1
17213,0,1,0,0,0,0,1,0
17214,1,1,0,1,0,0,0,0
17215,1,1,0,0,0,0,0,0
17217,1,1,0,0,0,0,0,0
17218,1,1,1,1,0,0,0,1
17219,1,1,1,1,0,1,0,1
17220,1,1,1,0,1,0,0,0
17223,0,1,1,1,1,0,0,1
17224,0,1,0,0,0,0,0,0
17228,0,1,0,0,1,0,0,0
17229,1,1,0,0,0,0,0,0
17230,1,1,0,1,1,0,0,0
17231,0,0,0,0,1,0,0,0
17232,1,1,0,1,0,0,0,0
17233,0,1,0,0,0,0,0,0
17234,0,0,0,0,0,0,0,1
17237,0,1,0,0,0,0,0,0
17240,0,0,0,0,0,0,0,0
17252,0,0,0,0,0,0,0,0
17241,0,0,0,0,0,0,0,0
17242,1,1,0,0,0,0,0,1
17244,1,1,0,0,0,0,0,0
17247,0,1,0,0,0,0,0,0
17249,0,1,1,0,0,0,0,0
17251,1,1,0,1,0,0,0,0
17253,0,1,1,0,0,0,0,0
17254,1,1,0,0,1,0,1,1
17255,1,1,0,0,0,0,0,1
17256,1,1,1,1,0,0,0,0
17257,1,1,0,0,0,0,0,0
17261,1,0,1,1,0,0,0,1
17262,0,1,0,0,0,0,0,0
17268,0,0,0,0,0,0,0,1
17271,1,1,1,0,0,0,0,0
17272,0,1,1,0,0,0,0,0
17275,1,1,0,0,0,0,0,1
17276,0,1,0,0,0,0,0,0
17277,1,1,0,0,0,1,0,0
17279,1,1,1,1,0,0,0,1
17281,0,1,0,1,0,0,0,0
17282,0,1,0,0,0,0,0,0
17284,1,1,1,1,0,0,0,1
17285,0,1,0,0,0,0,0,0
17288,0,1,0,1,0,0,0,0
17290,0,1,0,0,0,0,0,1
17291,0,1,0,1,0,0,0,0
17293,1,1,1,0,0,0,0,0
17295,1,1,1,0,0,0,0,1
17297,0,0,0,0,0,0,0,0
17303,1,1,1,1,0,0,0,1
17305,1,1,0,0,0,0,1,1
17307,0,1,1,0,0,0,0,0
17308,1,1,1,0,0,0,0,0
17309,1,1,0,0,1,0,0,0
17310,0,1,1,0,0,0,0,0
17320,0,0,0,0,0,0,0,0
17313,1,1,1,0,0,0,0,1
17317,0,1,1,0,0,0,0,0
17321,1,1,1,0,0,0,0,0
17325,1,1,1,1,0,0,0,0
17326,0,1,1,0,1,0,1,1
17327,1,1,1,1,0,0,0,1
17328,1,1,0,1,1,0,0,0
17329,0,1,0,0,0,0,0,0
17330,0,1,1,0,0,0,1,0
17335,1,1,1,1,0,0,0,0
17336,0,1,0,0,0,0,0,0
17339,0,1,0,0,0,0,0,1
17340,0,1,0,0,0,0,0,0
17342,0,1,0,0,0,0,0,0
17345,1,1,1,1,0,0,0,0
17347,0,0,0,0,0,0,0,0
17348,1,1,1,1,0,0,0,0
17349,1,1,1,1,1,1,0,1
17353,0,0,0,0,0,0,0,1
17357,1,1,0,1,1,0,0,0
17358,1,1,0,0,1,0,0,0
17359,0,1,0,0,0,0,0,1
17360,0,1,0,0,0,0,0,0
17361,1,1,0,0,0,0,1,1
17363,1,1,1,0,0,0,0,1
17368,1,1,0,0,0,0,0,0
17372,0,1,1,0,0,1,0,1
17374,1,1,0,0,0,0,0,1
17376,1,1,0,0,0,0,0,1
17377,0,1,0,0,0,0,0,0
17378,0,1,0,0,0,0,0,1
17379,1,1,0,0,1,0,0,1
17380,1,1,1,1,0,0,0,0
17381,0,1,0,0,0,0,0,0
17382,0,1,0,0,1,0,0,0
17385,1,0,0,0,0,0,0,0
17387,0,1,1,0,1,0,0,0
17390,0,0,0,0,0,0,0,1
17391,1,1,0,0,0,0,0,0
17393,1,1,0,0,1,0,0,0
17398,0,1,1,0,0,0,0,1
17399,1,1,1,1,0,0,0,1
17400,1,1,1,1,0,0,0,0
17401,1,1,1,1,0,0,0,0
17402,0,0,0,0,0,0,0,1
17403,0,0,0,0,0,0,0,1
17404,0,0,0,0,0,0,0,0
17406,0,0,0,0,0,0,0,0
17409,1,1,1,1,0,0,0,0
17413,1,1,1,1,0,0,0,1
17414,0,1,0,0,0,0,0,0
17416,1,1,0,1,0,0,0,0
17418,1,1,1,0,0,0,0,0
17419,0,0,0,0,0,0,0,0
17420,1,1,1,0,0,0,0,0
17421,1,0,0,0,0,0,0,0
17422,1,1,1,1,1,0,0,0
17423,1,1,1,1,0,0,0,1
17425,1,1,1,0,0,0,0,0
17426,0,1,0,0,1,0,0,1
17427,1,1,0,0,0,0,0,0
17428,0,1,0,0,0,0,0,0
17429,0,1,1,1,1,0,0,0
17433,1,1,0,1,1,0,1,1
17434,1,0,0,0,0,0,0,1
17435,1,1,1,1,0,0,1,1
17437,1,0,0,0,0,0,0,1
17438,0,1,0,0,0,0,0,0
17440,0,1,0,0,0,0,0,0
17441,1,1,1,0,0,0,0,0
17443,0,0,0,0,0,0,0,1
17444,0,1,0,0,0,0,0,0
17446,0,1,0,0,0,0,0,0
17447,1,1,1,0,0,0,0,0
17449,1,1,1,0,0,0,0,0
17450,1,1,1,0,0,1,0,0
17451,1,1,0,1,1,0,0,1
17550,0,0,0,0,0,0,0,1
17721,0,0,0,0,0,0,0,0
17737,0,0,1,0,0,0,0,1
17750,0,0,0,0,0,0,0,0
17792,0,0,0,0,0,0,0,1
17866,0,0,1,0,0,0,0,1
17456,0,1,0,0,1,1,1,0
17457,1,1,1,1,0,0,0,1
17460,0,1,0,1,0,0,0,0
17461,1,1,1,0,0,0,0,0
17462,1,1,1,0,0,0,0,0
17463,0,1,1,0,0,0,0,0
17465,0,0,1,1,1,0,0,0
17469,1,1,1,1,0,0,0,1
17473,0,0,1,0,0,0,0,0
17475,0,1,0,0,1,0,0,0
17477,1,1,1,1,0,0,0,0
17479,0,1,0,0,0,0,0,0
17485,1,0,1,0,0,0,0,0
17486,0,1,1,1,0,0,0,0
17490,1,0,0,0,0,0,0,0
17491,0,1,0,0,0,0,0,0
17492,0,1,1,1,0,0,0,1
17494,1,0,0,0,1,1,0,0
17497,1,1,0,0,0,0,0,0
17498,1,1,0,1,1,0,0,1
17500,1,1,0,0,0,0,0,0
17501,1,1,0,0,0,0,0,0
17503,1,1,1,1,0,0,0,1
17504,1,1,1,1,0,0,0,0
17505,1,1,1,0,0,0,0,0
17506,1,1,1,0,0,0,0,0
17508,1,1,1,0,1,0,0,0
17511,1,1,1,0,1,0,0,1
17515,1,1,0,1,1,0,0,1
17517,0,1,1,0,0,0,0,0
17519,1,1,0,0,0,0,0,0
17520,1,1,0,1,1,0,1,0
17522,1,1,1,1,0,0,0,1
17523,1,1,0,1,0,0,0,1
17525,1,1,0,0,1,0,0,0
17529,1,1,0,0,1,0,0,0
17530,1,1,0,0,0,0,0,1
17532,0,1,0,0,0,0,0,0
17534,0,1,0,0,0,0,0,1
17536,0,1,0,0,0,0,0,0
17537,1,1,1,0,0,0,0,1
17540,1,1,1,0,1,0,0,0
17543,1,1,0,1,1,0,1,0
17548,0,0,0,0,0,0,0,1
17549,0,0,1,0,0,0,0,0
17551,0,0,0,0,0,0,0,0
17552,0,1,0,0,1,0,0,0
17554,0,1,0,0,0,0,0,1
17561,1,1,0,1,0,0,0,0
17563,1,1,1,1,0,0,0,0
17564,0,1,0,0,1,0,0,0
17565,1,1,1,0,1,0,0,0
17566,1,1,0,0,0,0,0,0
17568,0,1,1,1,0,0,0,0
17569,1,1,0,0,0,0,0,1
17570,0,1,0,0,0,0,0,0
17573,0,1,1,0,0,0,0,0
17574,0,0,1,0,0,0,0,0
17579,0,0,0,0,0,0,0,1
17580,0,1,0,1,0,0,0,0
17582,0,0,0,0,1,0,0,1
17588,0,1,1,0,0,0,0,1
17589,0,1,0,0,0,0,0,0
17592,1,1,1,0,0,0,0,1
17594,0,0,0,0,0,0,0,0
17604,0,0,0,0,0,0,0,0
17597,1,1,0,0,0,0,0,1
17598,0,1,1,0,0,0,0,0
17599,0,1,0,0,0,0,0,0
17601,1,1,1,1,1,0,0,1
17602,1,0,0,0,0,1,0,0
17610,1,0,1,0,0,0,0,0
17612,0,1,1,0,0,0,0,0
17613,0,1,1,0,0,0,0,1
17617,1,1,1,1,1,0,0,1
17618,1,1,0,0,1,0,0,0
17619,0,1,0,0,0,0,0,0
17620,1,1,0,1,0,0,0,0
17621,0,1,0,0,0,0,0,1
17623,1,1,0,1,1,0,0,1
17625,1,1,1,0,0,0,0,0
17626,0,1,0,0,0,0,0,0
17630,1,1,1,0,0,0,0,0
17631,0,1,0,0,0,0,0,0
17632,1,1,0,1,1,0,0,1
17633,1,1,1,0,1,0,0,1
17635,1,1,1,0,0,0,0,0
17636,1,1,1,1,0,0,0,0
17637,1,1,1,1,0,0,0,1
17638,1,0,1,0,0,0,0,0
17639,0,0,0,0,0,0,0,1
17641,1,1,0,1,1,0,0,1
17642,1,1,1,1,1,0,0,0
17643,0,0,0,0,0,0,0,0
17644,1,0,1,0,1,0,0,1
17648,1,1,1,0,1,0,0,0
17649,0,1,0,0,0,0,0,1
17652,0,1,1,0,0,0,0,1
17653,1,1,0,0,0,0,0,0
17657,0,0,0,0,0,0,0,0
17659,0,1,1,0,0,0,0,0
17661,0,0,1,1,1,0,0,1
17663,0,0,1,0,1,0,0,1
17666,0,0,0,0,0,0,0,0
17670,0,1,0,0,0,0,0,1
17673,0,1,1,0,0,0,0,0
17676,1,1,0,0,0,0,0,0
17678,1,1,1,0,0,0,0,0
17679,1,1,0,0,0,0,0,1
17687,1,1,0,0,1,0,0,0
17688,1,1,0,0,0,1,0,1
17689,1,1,0,1,0,0,0,0
17691,1,1,0,0,0,0,1,0
17693,1,1,1,1,1,0,0,1
17694,0,1,0,0,0,0,0,0
17697,0,1,0,0,1,0,0,0
17698,0,1,0,0,0,0,0,0
17700,0,1,0,0,0,0,0,1
17701,1,1,1,0,0,0,0,0
17702,0,1,0,0,1,0,0,0
17703,0,1,1,0,0,0,0,0
17705,0,1,0,0,0,0,0,1
17706,1,1,1,0,0,0,0,1
17707,1,1,0,0,0,0,0,0
17713,0,1,0,0,0,0,0,1
17718,1,1,1,0,0,0,0,0
17719,1,1,0,1,0,0,0,1
17722,1,1,1,1,0,0,0,0
17723,1,1,0,0,0,0,0,0
17729,1,1,0,0,0,0,0,0
17731,1,1,1,0,0,0,0,0
17734,1,1,1,1,1,0,0,0
17735,1,1,0,1,0,0,0,0
17739,1,1,1,1,0,0,0,1
17740,0,1,1,0,0,0,0,0
17742,1,1,1,0,0,0,0,0
17743,1,1,1,1,0,0,0,1
17744,1,1,1,1,1,0,0,1
17745,1,1,0,1,0,0,0,1
17747,0,1,0,0,0,0,0,0
17748,1,1,0,0,0,0,0,0
17754,1,1,0,1,0,0,0,1
17755,0,1,0,0,0,0,0,0
17756,0,1,1,0,1,0,0,0
17757,0,1,0,1,0,0,0,1
17758,0,1,0,0,1,0,0,0
17760,0,1,0,0,0,0,0,0
17763,1,1,1,0,1,1,1,0
17769,0,1,1,1,0,1,0,1
17770,1,1,1,0,1,1,0,0
17771,1,1,1,0,0,0,0,0
17774,1,1,1,0,1,0,0,1
17775,1,0,0,0,1,0,0,1
17776,1,1,1,0,0,0,0,0
17782,0,1,1,0,0,0,0,0
17783,1,1,1,1,1,0,0,0
17785,0,1,0,0,0,0,0,0
17791,1,1,1,1,0,0,0,1
17794,0,1,1,0,0,0,0,0
17795,0,1,0,0,0,0,0,0
17796,1,1,0,1,1,0,0,0
17798,1,1,1,1,0,0,0,0
17800,1,1,0,1,1,0,0,1
17804,1,1,1,1,0,0,0,0
17811,0,0,0,1,1,0,0,0
17812,1,1,0,0,1,0,0,0
17814,1,1,0,0,1,0,0,1
17815,1,1,0,0,0,0,0,0
17816,1,1,1,0,0,0,0,0
17818,0,1,1,0,0,0,0,0
17822,1,1,1,1,0,0,0,1
17823,1,1,0,0,0,0,0,0
17824,1,1,1,0,0,0,0,0
17827,0,0,0,0,0,0,0,0
17828,0,1,0,0,1,0,0,0
17829,1,1,1,0,0,0,0,0
17831,1,1,0,0,0,0,0,0
17832,1,1,0,0,0,0,0,0
17833,0,1,1,1,0,0,0,0
17835,1,1,0,0,0,0,0,1
17836,1,1,1,1,0,0,0,1
17837,1,1,0,1,1,0,0,1
17841,1,1,0,0,0,0,0,1
17847,1,1,0,1,1,0,0,0
17849,1,1,1,0,0,0,0,0
17850,1,1,0,0,0,0,0,0
17851,1,1,1,1,1,0,0,0
17853,1,1,0,0,0,0,0,0
17855,1,1,1,1,1,0,0,1
17858,1,1,1,0,0,0,0,0
17859,1,0,0,0,0,0,0,0
17862,0,1,0,0,0,0,0,0
17863,0,1,0,0,0,0,0,0
17864,1,1,1,1,0,0,0,0
17869,0,1,0,0,0,0,0,0
17870,1,1,0,0,0,0,0,0
17872,0,1,1,0,1,0,0,0
17875,0,1,0,0,0,0,0,0
17876,0,1,0,0,0,0,0,1
17877,1,1,1,0,0,0,0,0
17879,1,1,0,0,1,0,0,1
17880,1,1,0,1,0,0,0,0
17881,1,1,0,0,0,0,0,0
17883,0,0,0,0,0,0,0,0
17885,1,0,0,0,1,0,0,1
17886,1,1,0,0,0,0,0,0
17888,1,1,1,0,0,0,0,1
17892,0,0,1,0,0,0,0,0
17897,0,0,0,0,0,0,0,1
17898,1,1,0,0,0,0,0,0
17899,1,1,1,0,0,0,0,1
17900,0,0,1,0,0,0,0,0
17903,1,1,0,0,0,0,0,0
17904,1,1,0,0,0,0,0,1
17905,0,0,0,0,0,0,0,0
17907,1,1,1,0,0,0,0,0
17910,1,1,0,0,0,0,0,0
17911,1,1,0,1,0,0,0,0
17912,0,1,0,0,0,0,0,0
17915,0,1,0,0,0,0,0,1
17917,1,1,0,1,1,0,0,1
17918,1,0,0,0,0,0,0,0
17919,0,0,0,0,0,0,0,0
17920,1,1,1,1,0,0,0,1
17922,1,1,0,0,0,0,0,0
17924,0,0,1,0,0,0,0,1
17925,0,1,1,0,0,0,0,0
17927,0,1,0,0,0,0,0,0
17930,1,1,0,0,0,0,0,0
17931,0,1,0,0,1,0,0,1
17932,1,1,0,0,0,0,0,1
17933,1,1,1,0,0,0,0,0
17935,0,1,1,0,0,0,0,0
17936,0,1,1,0,1,0,0,1
17937,0,1,1,1,1,0,0,0
17938,1,1,0,0,0,0,0,0
17940,1,1,1,1,1,0,0,0
17941,1,1,1,1,0,0,0,1
17944,1,1,1,0,1,0,0,1
17950,1,1,1,0,1,0,0,0
17951,1,1,1,0,1,0,0,1
17956,1,1,1,1,1,0,0,0
17957,1,1,1,0,0,0,0,0
17960,1,1,0,1,0,0,0,1
17962,1,1,0,0,0,1,0,0
17963,1,1,1,0,1,0,1,1
17965,1,1,0,0,1,0,0,1
17967,1,1,1,1,0,0,0,0
17970,1,1,1,1,1,0,0,1
17971,1,1,0,0,0,0,0,0
17972,1,1,1,0,0,0,0,0
17973,0,1,1,0,0,0,0,0
17974,1,1,1,1,0,0,0,1
17977,1,1,0,1,0,0,0,0
17978,1,1,0,0,0,0,1,0
17979,0,1,1,0,1,0,0,0
17984,0,1,1,1,0,0,0,0
17986,0,1,1,1,0,0,0,1
17988,0,1,0,0,0,0,0,0
17989,1,1,1,1,0,0,0,1
17991,1,1,1,1,0,0,0,0
17994,1,1,0,0,0,0,0,0
17995,1,1,1,0,0,0,0,0
17997,0,1,1,0,0,0,0,0
17998,0,1,1,0,0,0,0,0
18000,1,1,0,0,0,0,0,0
18002,0,0,0,0,0,0,0,0
18003,1,1,0,0,0,0,0,0
18005,1,1,1,0,0,0,0,0
18008,1,1,0,0,0,0,0,0
18013,1,1,0,0,0,0,0,0
18014,1,1,1,1,0,0,0,0
18015,1,1,1,0,1,0,0,1
18016,1,1,1,0,1,0,0,0
18018,0,1,1,1,0,0,0,1
18019,0,1,0,0,0,0,0,0
18022,0,0,1,0,0,0,0,0
18024,0,0,1,1,0,0,0,0
18025,1,1,0,0,0,0,0,0
18026,0,0,0,0,0,0,0,1
18028,1,1,0,0,1,0,0,0
18029,0,1,1,0,0,0,0,1
18030,0,1,1,0,0,1,0,1
18032,1,1,1,1,0,0,0,0
18038,1,1,0,0,0,0,0,0
18039,1,1,1,0,0,0,0,1
18040,1,1,1,0,0,0,0,0
18042,1,1,1,1,0,0,0,1
18045,0,1,0,0,0,0,0,0
18046,1,1,1,0,0,0,0,0
18049,0,1,1,0,0,0,0,1
18050,0,1,0,0,1,0,0,1
18051,1,1,0,0,0,0,0,1
18054,1,1,1,0,0,0,0,0
18057,0,0,0,0,0,0,0,0
18060,0,1,0,0,0,0,0,0
18062,0,1,0,0,0,0,0,0
18064,1,0,1,1,1,0,0,1
18067,1,0,0,0,0,0,0,0
18070,1,1,0,0,0,0,0,0
18071,0,0,0,0,0,0,0,0
18072,0,1,0,1,0,0,0,1
18073,1,1,0,0,0,0,1,1
18076,0,0,0,0,0,0,0,0
18077,1,1,1,1,0,0,0,1
18078,1,1,1,0,0,0,0,0
18082,0,1,0,0,0,0,0,0
18083,1,1,0,0,0,0,0,0
18087,0,1,0,0,0,0,0,0
18090,1,1,0,1,1,0,0,0
18091,1,1,0,0,0,0,0,1
18093,1,1,0,0,0,0,0,0
18094,1,1,0,0,0,0,0,1
18097,1,1,1,1,1,0,0,1
18099,1,1,1,0,0,1,0,1
18100,1,1,0,0,0,0,0,0
18103,1,1,1,1,1,0,0,0
18104,0,1,1,0,0,0,0,0
18107,1,1,1,1,0,0,0,0
18111,0,1,1,0,0,1,0,1
18112,1,1,0,0,0,0,0,0
18116,1,1,0,0,0,0,0,0
18117,1,1,0,0,0,0,0,0
18120,0,0,0,0,0,0,0,1
18121,0,0,0,0,0,0,0,1
18122,1,1,0,0,0,0,0,0
18127,0,1,1,0,0,0,0,0
18134,1,1,1,0,0,0,0,0
18138,0,0,0,0,0,0,0,1
18135,1,1,1,1,0,0,0,1
18136,0,0,0,0,0,0,0,1
18137,0,1,1,0,1,0,0,0
18140,1,1,0,0,0,0,0,0
18141,1,1,1,0,0,0,0,0
18142,1,1,1,0,0,0,0,0
18144,0,1,1,1,0,0,0,1
18148,1,1,0,1,1,0,0,1
18149,1,1,1,1,0,0,0,0
18150,1,1,1,1,0,0,0,1
18153,1,1,1,1,0,0,0,1
18154,1,1,0,1,1,0,0,1
18155,0,1,0,0,0,0,0,0
18156,0,1,0,0,0,0,0,0
18157,0,1,0,0,1,0,0,0
18159,1,1,0,1,0,0,0,1
18163,1,0,1,0,0,0,0,0
18168,1,1,1,0,1,0,0,0
18170,1,1,0,0,0,0,0,0
18171,1,1,0,0,0,0,0,0
18175,1,0,0,0,1,0,0,0
18176,0,0,0,0,0,0,0,1
18177,1,1,0,0,0,0,0,0
18178,1,1,0,0,0,0,0,0
18179,1,1,1,0,1,0,1,1
18180,0,0,0,0,0,0,0,0
18182,1,1,0,0,1,0,0,1
18183,0,1,0,0,1,0,0,0
18185,1,1,1,1,0,0,0,1
18187,0,1,0,0,1,0,0,0
18189,1,1,1,1,0,0,0,1
18192,1,1,1,0,0,0,0,0
18194,1,1,1,0,1,1,0,1
18196,0,1,1,0,0,0,0,1
18197,1,1,1,1,0,0,0,0
18198,1,1,1,1,1,0,0,1
18199,1,1,1,0,0,0,0,0
18202,0,0,0,0,0,0,0,1
18203,0,0,0,0,0,0,0,0
18204,1,1,0,0,0,0,0,0
18206,1,1,1,0,0,0,0,1
18209,0,1,0,1,0,0,0,0
18211,1,1,0,0,0,0,0,0
18215,1,1,0,0,0,0,0,0
18216,1,1,1,0,0,0,0,0
18221,0,0,0,0,0,0,0,1
18227,1,1,1,0,0,0,0,0
18231,0,0,1,0,0,0,0,0
18232,1,1,1,0,0,0,0,0
18233,1,1,0,0,0,0,0,0
18234,0,1,1,0,0,0,0,0
18235,1,1,1,1,0,0,0,0
18237,1,1,0,0,0,0,0,0
18238,0,1,0,1,1,0,0,0
18239,1,1,1,1,0,0,0,1
18243,0,0,1,1,0,0,0,0
18246,1,1,0,0,0,0,0,0
18248,0,0,1,0,1,0,0,0
18250,1,1,0,0,0,0,0,0
18251,0,0,0,0,0,0,0,0
18255,1,1,0,0,0,1,0,1
18256,1,1,0,0,0,0,0,1
18257,1,1,1,1,1,0,0,1
18259,0,0,0,0,0,0,0,0
18261,0,1,1,0,0,0,0,0
18262,1,1,1,0,1,0,0,0
18263,1,1,1,1,0,0,0,0
18266,1,1,1,0,0,0,0,0
18267,1,1,1,0,0,0,0,0
18270,1,1,1,0,0,0,0,0
18273,1,1,1,1,0,0,0,1
18274,1,1,1,0,0,0,0,0
18279,1,1,1,0,0,0,0,0
18280,1,1,0,1,0,0,0,0
18283,0,1,0,0,0,0,0,0
18284,1,1,0,0,0,0,0,0
18287,1,1,0,0,0,0,0,0
18288,1,1,0,0,0,0,0,1
18291,1,1,0,0,0,0,0,0
18296,0,0,1,0,0,0,0,1
18298,0,1,1,1,1,0,0,1
18300,0,1,1,0,0,0,0,0
18301,1,1,0,0,0,0,0,0
18302,1,1,0,0,0,0,0,1
18314,0,0,0,0,0,0,0,1
18304,1,1,1,1,0,0,0,0
18305,1,1,1,0,0,0,0,0
18306,1,1,0,0,0,0,0,1
18308,1,1,1,1,0,0,0,0
18311,1,1,1,1,0,0,0,1
18312,1,1,0,0,0,0,0,0
18313,1,1,1,1,0,0,0,0
18316,1,1,1,1,0,0,0,0
18317,1,1,1,1,0,0,0,0
18318,1,1,1,1,0,0,0,1
18319,1,1,1,1,0,0,0,1
18320,1,1,1,1,0,0,0,0
18321,1,1,1,0,0,0,0,0
18325,0,1,0,1,0,0,0,1
18327,0,1,1,0,0,0,0,0
18328,0,1,1,1,1,0,0,0
18334,1,1,0,0,0,0,0,0
18336,1,1,1,1,0,0,0,1
18337,0,1,1,1,0,0,0,0
18339,1,1,1,0,0,0,0,0
18343,1,1,1,0,0,0,0,1
18344,1,1,0,0,0,0,0,0
18345,1,1,1,0,0,0,0,1
18351,1,1,0,0,0,0,0,1
18358,0,0,0,0,0,0,0,1
18371,0,0,0,0,0,0,0,1
18357,1,1,1,1,1,0,0,1
18359,1,1,1,1,0,0,0,1
18360,0,0,0,0,0,0,0,0
18361,1,1,1,0,0,0,0,0
18362,0,0,0,0,0,0,0,1
18365,0,0,0,0,0,0,0,0
18368,0,1,1,0,0,0,0,0
18372,1,1,1,0,0,0,0,0
18373,1,1,1,0,0,0,0,0
18375,1,1,1,1,0,0,0,0
18376,1,1,1,1,1,0,0,1
18378,0,0,0,0,0,0,0,0
18382,1,1,1,1,0,0,0,0
18383,0,0,0,0,0,0,0,1
18384,1,1,0,0,0,0,0,1
18385,1,1,1,0,1,0,0,0
18386,1,1,0,0,0,0,0,0
18387,1,1,0,0,0,0,0,0
18389,0,0,0,0,0,0,0,0
18390,1,1,1,0,0,0,0,0
18392,1,1,0,1,0,0,0,0
18393,1,1,1,1,0,0,0,0
18394,0,0,0,0,0,0,0,0
18395,0,1,0,1,0,0,0,0
18396,1,1,1,1,1,0,0,1
18397,1,1,0,0,0,1,0,0
18398,1,1,0,0,0,0,0,0
18399,0,1,1,0,0,0,0,1
18401,0,0,0,0,0,0,0,0
18403,1,1,1,1,0,0,0,1
18408,0,1,1,1,0,0,0,0
18410,1,1,0,1,0,0,0,1
18411,1,1,0,1,0,0,0,1
18413,1,1,0,0,0,1,0,0
18416,0,1,1,1,0,0,0,0
18418,1,1,1,0,0,0,0,0
18420,1,1,0,0,0,0,0,0
18421,1,1,0,0,0,0,0,0
18423,1,1,0,0,0,0,0,1
18427,1,1,1,1,0,0,0,1
18428,1,1,1,1,1,0,0,1
18429,1,1,0,0,0,0,0,0
18432,0,1,0,1,0,0,0,0
18433,1,1,0,0,0,0,0,0
18436,1,1,1,0,0,0,0,0
18438,1,1,1,0,0,0,0,0
18440,1,1,1,1,0,0,0,0
18441,1,1,1,1,0,0,0,0
18444,1,1,1,1,0,0,0,0
18447,0,0,1,0,0,0,0,0
18448,0,1,0,1,0,0,0,0
18449,0,1,1,1,1,0,0,1
18450,0,0,1,0,0,0,0,1
18451,1,1,1,1,0,0,0,0
18453,1,1,1,1,0,0,0,1
18458,1,1,1,0,0,0,0,1
18474,0,0,0,0,0,0,0,1
18482,0,0,0,0,0,0,0,0
18462,1,1,0,1,0,1,0,0
18463,0,0,0,0,0,0,0,0
18466,0,0,0,0,0,0,0,0
18467,1,1,0,0,0,0,0,1
18470,1,1,1,1,0,0,0,1
18471,1,1,1,1,0,0,0,0
18472,1,1,0,0,0,0,0,0
18475,1,1,1,0,1,1,0,1
18479,1,1,0,0,0,0,0,0
18481,1,1,0,0,0,0,0,0
18483,1,1,1,0,0,0,0,0
18488,1,1,0,0,0,0,0,0
18490,1,1,1,0,0,0,0,0
18491,1,1,1,1,0,0,0,1
18492,1,1,1,1,1,0,0,0
18493,1,1,0,0,0,0,0,0
18494,1,1,1,1,0,0,0,1
18496,1,1,0,1,1,0,0,0
18497,0,1,1,0,0,0,0,0
18498,0,1,1,0,0,0,0,0
18499,1,1,1,1,0,0,0,0
18501,0,1,1,0,0,0,0,0
18502,0,0,0,0,0,0,0,0
18507,0,1,0,1,0,0,0,0
18509,1,1,1,0,0,0,0,0
18510,1,1,1,1,1,0,0,1
18512,0,0,0,0,0,0,0,1
18513,1,1,1,1,0,0,0,0
18515,1,1,1,1,0,0,0,0
18516,0,1,1,1,1,0,0,0
18517,1,1,1,1,1,0,0,0
18519,1,1,0,0,0,0,0,0
18521,1,1,1,0,0,0,0,0
18531,0,0,0,0,0,0,0,0
18533,0,0,1,0,0,0,0,1
18546,0,0,1,0,0,0,0,0
18523,1,1,1,0,0,0,0,0
18524,0,1,1,1,0,0,0,1
18526,1,1,1,1,0,0,0,1
18530,0,1,1,0,0,0,0,0
18534,1,1,0,0,0,0,0,0
18535,1,1,0,0,0,0,0,0
18536,1,1,1,1,1,0,0,0
18540,0,1,0,0,0,0,0,0
18542,1,1,1,1,1,0,0,0
18544,1,1,1,0,0,0,0,1
18548,1,1,0,0,0,0,0,0
18589,0,0,0,0,0,0,0,0
18629,0,0,0,0,0,0,0,0
18632,0,0,0,0,0,0,0,1
18690,0,0,0,0,0,0,0,1
18739,0,0,0,0,0,0,0,0
18749,0,0,1,0,0,0,0,0
18816,0,0,1,0,0,0,0,1
18832,0,0,0,0,0,0,0,1
18889,0,0,0,0,0,0,0,1
18904,0,0,0,0,0,0,0,0
18924,0,0,0,0,0,0,0,0
18945,0,0,0,0,0,0,0,1
19000,0,0,0,0,0,0,0,0
19103,0,0,0,0,0,0,0,1
19104,0,0,0,0,0,0,0,1
19094,0,0,0,0,0,0,0,0
19116,0,0,0,0,0,0,0,1
19173,0,0,0,0,0,0,0,1
19183,0,0,0,0,0,0,0,1
19232,0,0,0,0,0,0,0,0
19267,0,0,0,0,0,0,0,1
18549,0,1,0,1,0,0,0,0
18551,1,1,0,0,0,1,0,0
18555,0,1,1,1,1,0,0,0
18556,1,1,0,0,0,1,0,0
18557,1,1,0,0,0,0,0,0
18561,1,1,0,1,0,0,0,1
18563,0,0,0,0,0,0,0,0
18566,0,1,1,1,0,0,0,0
18568,1,1,1,1,0,0,0,0
18569,0,1,0,0,1,0,0,0
18570,1,1,1,1,1,0,0,1
18573,0,1,0,0,0,1,0,1
18574,1,1,0,0,0,0,0,0
18575,1,1,0,0,0,0,0,0
18584,0,0,1,0,0,0,0,0
18592,0,0,1,0,0,0,0,1
18578,0,0,0,0,0,0,0,0
18580,0,1,0,0,0,0,0,0
18582,0,0,0,0,1,0,0,0
18583,1,1,1,0,0,0,0,0
18590,0,1,1,0,0,0,0,0
18591,0,1,0,1,0,0,0,1
18597,1,1,1,0,0,0,0,1
18600,1,1,0,1,0,0,0,1
18601,0,1,0,0,0,0,0,0
18604,1,1,0,1,0,0,0,0
18605,0,1,0,0,0,0,0,0
18607,0,0,0,0,0,0,0,0
18609,1,0,1,0,0,0,0,0
18611,1,1,1,0,0,0,0,1
18612,0,1,1,0,0,0,0,0
18613,0,1,0,1,0,0,0,0
18614,1,1,0,0,1,0,1,1
18615,0,1,1,0,1,0,0,0
18617,0,1,0,1,0,0,0,0
18619,1,1,0,0,0,0,0,0
18622,0,1,0,0,1,0,0,0
18624,1,1,0,0,1,0,0,0
18626,0,1,1,0,1,0,0,1
18631,0,1,0,0,0,0,0,0
18633,1,1,0,1,0,0,0,1
18634,0,1,0,0,0,0,0,0
18635,1,1,1,1,0,0,0,1
18636,0,1,1,1,0,0,0,1
18637,1,1,0,0,0,0,0,1
18638,1,1,1,1,0,1,0,0
18643,0,1,1,1,0,0,0,0
18650,0,1,0,0,0,0,0,1
18656,0,0,0,0,0,0,0,1
18657,0,0,0,0,0,0,0,1
18658,1,1,0,0,0,0,0,0
18659,0,1,0,0,0,0,0,0
18664,0,0,0,0,1,0,0,0
18665,1,1,1,1,0,0,0,1
18666,0,1,1,0,0,0,0,0
18667,0,1,0,0,0,0,0,1
18668,1,1,1,1,0,1,0,0
18671,0,1,1,0,0,0,0,1
18673,1,1,0,1,0,0,0,0
18674,1,0,1,1,0,0,0,1
18675,0,1,1,0,0,0,0,1
18677,0,1,0,0,0,0,1,0
18678,0,1,0,0,0,0,0,0
18680,0,1,1,0,1,0,0,1
18681,1,1,1,0,1,0,0,0
18682,1,1,1,0,0,0,0,1
18683,1,1,1,1,0,0,0,0
18684,1,1,0,1,0,1,0,0
18688,0,1,1,0,0,0,0,0
18689,0,1,0,0,0,0,0,0
18691,0,1,0,0,0,0,0,0
18692,0,1,1,0,0,0,0,0
18695,1,1,1,0,0,0,0,0
18696,1,1,0,1,0,0,1,1
18697,1,1,0,0,0,0,0,0
18699,1,1,0,1,0,0,0,0
18700,0,1,0,0,0,0,0,0
18701,0,1,1,0,0,1,0,1
18703,0,1,1,1,1,0,0,0
18705,1,1,0,1,0,0,0,1
18707,1,1,0,0,0,0,0,0
18708,0,1,1,1,1,0,0,0
18709,1,1,0,0,1,0,0,1
18710,1,1,0,0,1,0,0,0
18711,1,1,0,0,0,0,0,1
18712,1,1,1,1,0,0,0,1
18713,0,1,1,0,0,0,0,0
18714,1,1,0,0,1,0,0,0
18715,1,1,0,1,0,0,0,0
18717,0,1,0,0,0,0,0,0
18719,1,1,0,0,0,0,0,1
18720,0,1,1,1,1,0,1,0
18721,1,1,0,0,0,1,0,0
18722,1,1,1,1,0,0,0,1
18723,0,1,0,0,0,0,0,0
18724,0,1,0,0,0,0,0,0
18727,0,1,0,0,0,0,0,1
18728,0,1,1,0,0,0,0,1
18730,0,1,0,0,0,0,1,0
18731,1,1,1,1,1,0,0,0
18732,1,1,1,0,0,0,0,0
18733,1,0,1,0,0,0,0,0
18734,0,1,1,1,0,1,0,1
18735,0,1,0,0,0,0,0,1
18744,1,1,1,0,0,0,0,1
18745,1,1,1,1,0,0,0,1
18747,0,1,0,0,0,0,0,1
18748,1,1,0,0,0,0,0,1
18751,0,1,0,1,0,0,0,0
18752,1,0,1,1,1,0,0,1
18753,1,1,1,0,0,0,0,0
18756,1,1,1,1,1,1,0,1
18757,1,1,0,1,1,0,0,0
18758,0,1,0,0,0,0,0,0
18759,0,1,1,0,0,0,0,1
18760,1,1,0,0,0,0,0,0
18761,0,1,1,1,1,0,0,1
18762,1,1,0,0,0,0,0,1
18763,1,1,1,0,0,1,0,1
18765,0,0,0,0,0,0,0,1
18766,1,1,0,0,0,0,0,0
18767,1,1,1,0,0,0,0,0
18768,1,1,0,0,1,0,0,0
18769,1,1,1,0,0,0,0,0
18772,1,1,0,0,0,0,0,0
18773,0,1,0,0,0,0,0,0
18774,1,1,0,0,0,0,0,0
18776,1,1,0,1,0,0,0,1
18777,1,1,0,0,1,0,0,0
18778,0,1,0,0,0,0,0,0
18779,0,1,1,0,0,0,0,1
18781,1,1,0,0,0,0,0,1
18782,1,1,1,0,0,0,0,0
18783,1,1,1,1,0,0,0,0
18784,0,0,0,0,0,0,0,0
18785,1,1,0,1,1,0,1,0
18786,1,1,0,0,0,0,0,0
18789,0,1,0,1,0,0,0,0
18817,0,0,0,0,0,0,0,0
18791,1,1,0,0,0,0,1,0
18792,1,1,1,0,1,1,0,0
18800,0,1,0,0,0,0,0,0
18805,0,0,0,0,0,0,0,1
18807,1,1,1,0,1,0,1,1
18808,1,1,0,1,0,0,0,0
18809,1,1,1,1,1,0,1,0
18811,0,1,0,0,1,0,0,0
18813,0,0,0,0,0,0,0,1
18819,0,1,0,0,0,0,0,1
18823,0,1,0,0,0,0,0,0
18824,1,1,0,1,1,0,0,0
18825,1,1,1,1,0,0,0,1
18826,1,1,0,1,1,0,0,0
18828,0,1,0,0,0,0,1,0
18829,1,1,1,0,1,1,1,0
18830,0,1,0,0,0,0,0,0
18831,0,1,0,0,0,0,0,0
18833,1,1,1,1,0,0,0,1
18834,1,1,0,1,0,0,0,0
18837,0,1,1,0,0,0,0,0
18843,0,0,0,0,0,0,0,1
18844,0,0,1,0,0,0,0,0
18845,0,1,0,1,0,0,0,0
18846,1,1,1,1,1,0,0,1
18847,1,1,0,0,1,0,1,1
18848,0,1,0,1,1,0,0,0
18849,1,1,1,1,1,0,1,0
18851,1,0,1,1,1,0,0,1
18852,1,1,0,0,0,1,0,0
18853,0,1,0,0,0,0,0,0
18855,0,1,0,0,0,0,1,0
18856,1,1,0,0,0,0,0,1
18857,0,0,0,0,0,0,0,0
18861,1,1,1,1,1,0,0,1
18865,1,1,0,0,0,0,0,0
18871,1,1,0,0,1,0,0,0
18872,0,1,0,0,0,0,0,0
18873,0,0,0,0,0,0,0,0
18876,0,1,0,0,0,0,1,0
18877,0,0,0,0,0,0,0,0
18879,1,1,0,0,0,0,0,1
18881,0,1,1,0,1,1,1,0
18882,0,1,0,0,0,0,0,1
18883,0,1,0,0,1,0,0,0
18886,1,1,0,0,0,0,0,0
18890,1,1,0,1,0,0,0,1
18893,1,1,0,0,0,0,0,0
18896,1,1,1,1,1,0,0,0
18897,1,1,0,1,0,0,0,0
18898,1,1,0,0,0,0,0,1
18901,0,0,0,1,0,0,0,0
18905,0,1,0,0,0,0,0,0
18908,0,1,0,0,0,0,0,0
18911,0,1,0,0,0,0,0,1
18912,1,1,0,1,0,0,0,0
18913,1,1,1,1,0,0,0,1
18915,1,1,1,0,1,0,0,0
18916,0,0,0,0,0,0,0,0
18918,1,1,0,0,0,0,0,0
18919,1,1,0,0,0,0,0,1
18920,1,0,0,0,0,0,0,0
18921,1,1,0,0,1,0,0,0
18925,1,1,1,1,0,0,0,0
18928,1,1,1,1,0,0,0,0
18930,0,1,0,0,0,0,0,0
18931,1,1,1,0,0,0,1,0
18932,1,1,0,0,0,0,0,0
18958,0,0,1,0,0,0,0,1
18934,1,1,1,1,0,0,0,1
18935,1,1,0,1,1,0,0,0
18937,1,1,0,0,0,0,0,1
18938,1,1,0,1,1,0,0,1
18941,0,1,1,0,0,0,0,0
18942,1,1,0,0,1,0,0,1
18948,1,1,1,1,0,0,0,1
18949,0,0,1,0,0,0,0,1
18950,1,1,0,0,0,0,0,0
18953,1,1,1,0,0,1,0,1
18956,1,1,1,1,1,0,0,1
18959,1,1,0,0,0,0,0,1
18960,0,1,1,1,0,0,0,1
18961,1,1,1,0,0,0,0,0
18962,1,1,1,1,1,0,0,1
18967,1,1,0,0,1,0,0,0
18968,0,0,0,0,0,0,0,0
18969,1,1,1,1,0,0,0,1
18970,0,1,1,0,0,1,0,1
18971,0,1,1,0,0,0,0,0
18972,1,0,0,0,1,0,0,0
18977,0,1,1,0,0,0,0,0
18986,1,1,1,1,1,0,0,1
18987,1,1,1,0,0,0,0,0
18990,0,1,0,0,0,0,0,1
18991,1,1,0,0,0,0,0,0
18992,1,1,1,0,0,0,0,1
18994,0,1,0,0,0,0,0,0
18997,0,0,0,0,0,0,0,0
18998,1,1,0,0,0,1,0,0
18999,1,0,1,0,0,0,0,0
19001,1,1,0,1,1,0,0,1
19003,1,1,0,0,0,0,0,0
19005,0,1,0,0,0,0,0,0
19009,0,1,0,0,1,0,0,1
19013,1,1,0,0,0,0,0,1
19016,0,1,0,0,0,0,0,0
19026,0,1,0,0,0,0,0,0
19027,1,1,1,1,0,0,0,1
19030,0,1,0,0,0,1,0,1
19032,1,1,0,0,1,0,0,0
19036,1,1,1,0,1,0,0,1
19038,0,1,1,0,0,0,0,1
19039,0,1,1,0,0,1,0,1
19040,0,1,0,0,0,0,0,0
19041,0,1,0,0,0,0,0,0
19042,0,1,1,0,0,0,0,0
19045,0,1,1,0,0,0,1,0
19047,0,1,0,0,0,0,0,0
19049,0,1,0,1,0,0,0,0
19051,0,1,0,0,0,0,0,0
19052,1,1,0,0,0,0,0,0
19056,1,1,0,1,1,1,1,0
19058,1,1,1,0,1,0,0,1
19059,0,1,0,0,0,0,0,0
19063,1,1,1,0,1,0,0,0
19064,0,1,0,0,0,0,1,1
19065,0,1,0,0,1,0,0,0
19070,0,1,0,0,1,0,0,0
19071,0,0,0,0,0,0,0,0
19072,0,0,0,0,0,0,0,0
19073,1,1,1,0,0,0,0,0
19074,1,1,1,0,0,0,0,1
19075,1,1,1,0,0,0,0,0
19079,0,1,0,0,0,0,0,0
19084,1,1,0,0,0,0,0,0
19086,0,1,0,0,0,0,0,1
19087,1,1,0,0,0,0,0,1
19088,1,1,1,1,0,0,0,0
19089,1,1,0,1,1,0,0,0
19110,0,0,0,0,0,0,0,0
19095,1,1,1,1,1,0,0,0
19097,0,1,0,0,0,0,0,1
19098,1,1,0,0,0,0,0,0
19102,1,1,1,1,1,0,0,0
19105,1,1,1,0,1,1,1,1
19108,1,1,0,0,1,0,0,1
19109,0,1,0,1,0,0,0,0
19111,1,1,1,0,0,0,0,0
19112,0,1,1,0,0,0,1,1
19113,0,1,0,0,0,0,0,1
19117,1,1,1,0,1,0,0,0
19119,1,1,0,0,0,0,0,0
19120,0,0,0,0,0,0,0,0
19125,0,1,0,0,0,0,0,0
19126,1,0,1,0,1,0,0,0
19127,0,0,0,0,0,0,0,1
19128,1,1,0,0,0,0,0,0
19129,0,1,0,0,0,0,0,0
19132,0,1,0,0,0,0,0,1
19136,0,1,0,0,0,0,0,0
19137,1,1,1,0,1,0,1,1
19140,0,1,1,0,1,1,0,1
19141,0,1,0,0,0,0,0,0
19143,1,1,1,0,1,0,0,1
19144,1,0,0,0,0,0,0,0
19145,0,0,0,0,0,0,0,0
19149,0,1,0,0,1,0,1,1
19152,0,0,1,0,0,0,0,0
19153,0,1,1,0,0,0,0,0
19155,0,1,0,0,0,0,1,0
19159,1,1,1,0,0,0,0,0
19160,1,0,0,0,0,0,0,0
19161,0,1,0,0,0,0,0,0
19165,0,1,1,0,0,0,0,0
19167,0,1,0,0,0,0,0,0
19168,0,1,0,0,0,0,0,0
19170,1,1,0,0,0,0,0,1
19172,0,1,0,0,0,0,0,0
19175,1,0,1,0,0,0,0,1
19176,0,1,1,0,0,0,0,0
19177,1,0,0,0,0,0,0,0
19179,1,1,1,1,0,0,0,1
19180,0,1,0,0,0,0,0,0
19181,0,0,0,0,0,0,0,0
19184,0,0,1,0,0,0,0,1
19187,0,1,0,1,0,0,0,0
19189,1,0,1,0,0,0,0,1
19190,0,1,0,0,0,0,0,0
19191,0,1,0,0,0,0,0,0
19192,0,1,0,0,0,0,0,0
19194,0,1,1,0,1,0,0,1
19196,0,1,0,0,0,0,0,0
19198,1,1,1,1,1,0,0,1
19201,1,1,0,0,1,0,0,1
19202,0,1,0,1,1,0,0,0
19203,0,1,0,0,0,0,0,0
19206,1,0,0,0,1,0,0,1
19209,1,1,1,0,0,0,0,0
19210,1,1,0,0,0,1,0,1
19211,0,1,1,0,0,0,0,1
19213,0,1,1,0,0,0,0,1
19217,1,1,0,0,0,0,0,0
19220,1,1,1,1,1,0,0,0
19223,1,1,1,0,0,0,0,0
19227,1,1,0,0,0,0,0,1
19228,1,1,1,1,0,0,0,1
19229,0,0,0,0,1,0,0,0
19231,0,1,1,0,0,0,1,0
19236,0,1,1,0,0,0,0,0
19237,1,1,0,0,0,0,0,0
19239,0,0,0,0,0,0,0,0
19244,1,1,0,0,0,0,0,0
19246,1,1,1,1,0,0,0,0
19247,0,0,0,0,0,0,0,0
19248,0,0,0,0,0,0,0,0
19249,1,1,1,1,0,0,0,1
19250,1,0,1,1,1,0,0,0
19252,0,0,1,0,0,0,0,1
19253,0,1,1,0,0,0,0,0
19258,1,1,1,0,0,0,0,0
19266,1,1,0,0,0,0,0,0
19269,0,0,0,0,0,0,0,0
19270,0,1,0,1,0,0,0,0
19272,1,1,1,1,0,0,0,1
19274,0,0,1,0,0,1,0,0
19275,1,1,1,1,0,0,0,1
19277,0,0,0,0,0,0,0,0
19276,1,1,0,0,0,0,0,0
19278,1,1,1,0,0,0,0,1
19280,1,1,1,1,0,0,0,1
19281,0,0,0,0,0,0,0,0
19282,1,1,1,1,0,0,0,1
19283,1,1,0,1,0,0,0,0
19287,1,1,0,0,0,0,0,1
19290,0,0,0,0,0,0,0,0
19292,0,1,0,0,0,0,0,0
19296,1,1,0,0,0,0,0,0
19297,0,1,0,0,0,0,0,0
19298,0,1,0,0,0,0,0,1
19299,0,1,1,0,0,0,0,1
19300,0,1,1,0,0,0,0,0
19301,1,1,1,1,0,0,0,0
19303,1,1,0,1,0,0,0,1
19306,1,1,0,1,1,1,0,1
19308,1,1,1,1,0,0,0,0
19309,0,1,0,1,0,0,0,0
19312,0,0,1,1,0,0,0,0
19313,0,1,0,0,0,0,0,0
19318,0,1,0,0,0,0,0,1
19319,0,1,0,0,1,0,0,0
19322,1,1,0,0,0,0,0,1
19324,1,1,1,1,0,0,0,0
19325,1,1,1,0,0,0,0,0
19326,1,1,1,1,0,0,0,0
19327,1,1,1,0,1,0,0,1
19328,1,1,1,1,0,0,0,0
19331,0,1,0,0,0,0,0,0
19334,1,1,1,1,1,0,0,1
19337,0,1,0,0,0,0,0,0
19338,0,1,0,0,1,0,0,1
19341,1,1,0,0,1,0,0,0
19342,0,1,1,0,1,0,0,1
19343,1,1,1,1,1,0,0,0
19344,1,1,0,0,0,0,0,1
19345,0,0,0,0,0,0,0,0
19350,1,1,0,0,1,0,0,1
19353,0,1,0,0,0,0,0,1
19354,1,1,0,0,0,0,0,0
19355,0,0,0,0,0,0,0,0
19356,1,1,1,0,1,0,0,0
19357,1,1,1,0,1,1,1,0
19359,1,1,0,1,0,0,0,1
19360,0,1,0,1,0,0,0,0
19361,0,1,1,0,0,0,0,0
19362,1,1,0,0,0,0,0,0
19366,0,1,1,1,0,0,0,0
19368,0,1,0,0,0,0,0,0
19369,0,1,0,0,0,0,1,0
19371,0,1,0,0,0,0,0,0
19372,1,1,0,0,1,0,0,0
19373,1,1,1,1,1,0,0,1
19417,0,0,0,0,0,0,0,1
19374,1,0,0,1,1,0,0,0
19375,0,0,0,0,0,0,0,0
19376,1,1,1,1,1,0,0,1
19377,1,1,0,0,1,0,0,1
19379,1,1,1,0,1,0,1,1
19380,1,1,1,1,0,0,0,1
19381,0,0,1,0,0,0,0,0
19382,0,1,0,0,0,0,0,0
19383,1,1,0,0,0,0,0,1
19384,1,1,0,0,0,0,0,0
19385,1,1,1,0,0,0,0,0
19387,0,1,0,0,0,0,0,1
19388,0,0,0,0,0,0,0,0
19392,1,1,0,0,0,1,0,0
19393,1,1,0,0,1,0,0,1
19398,1,1,1,0,0,0,0,1
19399,1,1,1,0,1,0,0,1
19401,0,1,1,0,0,0,0,0
19402,1,1,0,0,1,0,0,1
19404,1,1,0,0,0,0,0,0
19405,0,1,1,0,0,0,0,0
19406,0,0,0,0,1,0,0,1
19407,1,1,1,1,0,0,0,1
19409,1,1,0,0,0,0,0,1
19410,0,1,0,0,0,0,0,0
19420,1,1,1,0,0,0,0,1
19422,0,1,0,0,1,0,0,0
19426,1,1,0,0,0,0,0,1
19428,1,1,0,0,1,0,1,0
19430,0,1,1,0,1,0,0,1
19432,1,1,0,0,0,0,0,0
19433,1,1,0,0,0,0,0,0
19435,0,0,0,0,0,0,0,0
19438,0,0,0,0,0,0,0,0
19442,0,0,0,0,0,0,0,0
19443,0,1,0,0,0,0,0,0
19446,0,1,0,0,0,0,0,0
19447,0,0,0,0,1,0,0,0
19451,1,1,0,0,0,0,0,0
19452,0,0,0,0,0,0,0,1
19456,1,1,0,1,1,0,0,1
19459,0,0,0,0,1,0,0,0
19460,0,1,1,0,0,0,0,0
19461,1,1,0,1,0,0,0,1
19463,1,1,1,1,0,0,0,0
19465,0,1,0,0,0,0,0,1
19466,1,1,1,1,0,0,0,0
19468,0,0,0,1,0,0,0,1
19470,1,1,1,0,0,0,0,1
19471,1,1,0,0,1,0,0,0
19473,0,1,0,0,0,0,0,1
19476,0,1,1,0,1,0,0,1
19478,1,1,1,0,0,0,0,1
19479,1,1,0,0,0,0,0,0
19480,0,1,0,0,0,0,0,0
19483,0,1,0,0,0,0,0,0
19484,0,1,1,1,1,0,0,0
19485,0,0,0,0,0,0,0,1
19488,0,1,0,0,0,0,0,0
19490,1,1,0,0,1,0,0,1
19508,0,1,1,0,0,0,0,1
19494,1,1,0,1,1,0,0,1
19496,1,1,0,1,0,0,0,1
19499,1,1,0,1,0,0,0,1
19500,1,1,0,0,1,0,0,1
19502,1,1,1,0,1,1,0,1
19503,1,1,1,0,0,0,0,0
19507,0,0,0,0,1,0,0,0
19510,1,1,0,0,1,0,0,0
19513,0,1,1,0,0,0,0,0
19514,1,1,0,0,0,0,0,0
19515,0,1,0,0,0,0,0,0
19519,0,1,0,0,0,0,0,0
19520,1,1,1,1,1,1,0,1
19521,1,1,0,0,0,0,0,0
19524,1,1,1,0,0,0,0,0
19525,0,0,0,0,0,0,0,0
19526,0,1,1,0,0,0,0,0
19530,1,1,1,1,0,0,0,1
19531,0,1,1,1,0,0,0,0
19532,1,1,1,1,0,0,0,1
19533,0,1,0,0,0,0,0,0
19534,0,1,0,0,0,0,0,0
19537,1,1,0,0,0,0,0,0
19538,1,1,1,1,0,0,0,1
19541,1,1,1,0,0,0,0,0
19544,0,1,0,0,0,0,0,0
19545,1,1,1,1,1,0,0,1
19546,1,1,0,0,1,0,0,0
19554,1,1,1,0,0,0,0,0
19558,1,1,1,0,0,0,0,0
19559,0,1,1,0,1,0,1,1
19560,1,1,1,1,0,0,0,1
19561,1,1,1,0,0,0,0,1
19562,1,1,1,0,1,0,0,1
19565,1,1,1,0,1,0,0,0
19566,0,0,0,0,0,0,0,0
19569,0,0,0,0,0,0,0,1
19570,1,1,0,0,0,0,0,0
19571,1,1,1,1,0,0,0,1
19572,0,1,0,0,1,0,0,0
19573,0,1,0,0,0,0,0,0
19575,1,1,1,0,1,0,0,0
19578,1,1,1,1,1,0,0,1
19580,1,1,0,0,0,0,0,1
19581,0,0,0,0,0,0,0,0
19582,1,1,1,1,0,0,0,1
19585,1,1,1,0,1,0,0,1
19586,1,1,0,1,1,0,0,0
19589,1,1,1,0,0,0,0,0
19590,0,1,0,0,0,0,0,0
19591,0,1,0,0,0,0,0,0
19593,1,1,0,0,0,0,0,0
19595,1,1,0,0,0,0,0,1
19596,0,1,0,0,0,0,0,0
19600,1,1,0,0,0,0,0,0
19601,1,0,0,0,0,0,0,1
19603,1,1,0,0,0,0,0,1
19604,1,1,1,0,0,0,0,0
19609,1,0,1,0,0,0,0,0
19610,1,1,1,1,1,1,0,1
19611,1,1,0,0,1,0,0,0
19612,1,0,0,0,0,0,0,0
19613,0,1,0,0,0,0,0,1
19621,0,0,0,0,0,0,0,0
19623,0,1,1,0,0,0,1,0
19624,1,1,0,0,0,0,1,0
19657,0,0,0,0,0,0,0,0
19626,0,1,0,0,0,0,0,0
19628,0,1,0,1,1,0,0,0
19629,0,0,1,0,1,0,0,0
19632,1,1,1,1,1,0,0,0
19635,0,1,1,0,0,0,0,0
19636,1,0,0,0,0,0,0,1
19637,1,1,0,0,0,0,0,0
19640,0,1,1,0,0,0,0,0
19641,1,1,1,1,0,0,0,1
19643,1,1,1,1,0,0,0,1
19644,1,1,1,0,0,0,0,0
19648,1,0,1,0,1,0,0,1
19649,0,1,1,0,0,0,0,0
19650,1,1,1,0,0,0,0,1
19651,0,1,0,0,0,0,0,0
19652,1,1,0,0,0,0,0,0
19654,0,1,0,0,0,0,0,0
19655,0,1,0,0,0,0,0,0
19658,0,0,0,0,0,0,0,1
19659,1,0,0,0,0,0,0,1
19662,0,0,0,0,0,0,0,0
19664,1,0,1,1,1,0,0,1
19665,0,0,0,0,0,0,0,1
19668,0,1,0,0,0,0,0,0
19669,0,1,1,0,0,0,0,1
19670,0,0,0,0,0,0,0,0
19672,1,1,0,1,0,0,0,1
19673,0,1,0,0,0,0,0,0
19678,1,1,0,1,0,0,0,0
19681,1,1,1,0,1,1,1,0
19683,1,1,1,1,0,0,0,0
19687,1,1,0,0,1,0,0,1
19690,0,1,1,0,1,0,0,1
19691,0,1,1,0,0,0,0,0
19693,1,1,1,0,1,0,0,0
19697,1,1,0,0,1,0,0,0
19698,0,1,0,0,0,0,0,0
19699,1,1,1,0,0,0,0,0
19701,1,1,0,0,1,0,0,0
19702,0,1,0,0,0,0,0,0
19703,0,0,0,0,0,0,0,1
19706,1,1,0,1,0,0,0,1
19708,1,1,0,0,0,0,0,0
19711,1,0,0,1,1,0,0,1
19712,0,1,0,0,0,0,0,0
19714,1,1,1,0,1,1,1,0
19716,1,1,1,0,1,0,1,1
19723,0,1,0,0,0,0,0,0
19724,1,1,0,1,1,0,0,1
19725,1,0,0,0,1,0,0,0
19727,1,1,1,1,0,0,0,1
19728,0,1,0,0,0,0,0,0
19730,1,1,1,1,0,0,0,0
19731,0,1,0,0,0,0,0,0
19733,1,0,1,0,0,0,0,0
19738,0,1,0,0,0,0,0,0
19740,1,1,1,0,1,0,0,0
19741,1,1,1,0,1,1,0,1
19742,0,1,0,0,0,0,0,0
19743,1,1,1,0,1,0,0,1
19744,1,1,0,1,0,0,0,0
19745,0,1,0,0,0,0,0,0
19746,1,1,1,0,1,0,0,1
19748,0,1,0,0,0,0,0,0
19750,0,1,0,0,0,0,0,1
19751,0,0,0,0,0,0,0,0
19752,0,1,0,0,0,0,0,0
19753,0,1,0,0,0,0,0,0
19754,0,1,0,0,0,0,0,0
19755,1,1,1,1,0,0,0,1
19756,1,1,0,0,0,0,0,0
19757,1,1,1,0,1,1,0,0
19761,1,1,1,0,0,0,0,0
19762,0,1,0,0,1,0,0,0
19767,0,1,0,0,0,0,0,0
19768,0,1,1,0,0,0,0,1
19769,0,1,0,0,0,0,0,0
19771,0,1,0,0,0,0,0,0
19775,1,1,1,0,0,0,0,1
19777,0,1,0,0,0,0,0,0
19779,1,1,0,0,0,1,0,0
19780,0,1,0,0,1,0,0,0
19781,1,1,0,0,1,0,0,0
19782,1,1,1,0,0,0,0,1
19785,1,0,1,0,0,0,0,1
19789,0,1,0,0,0,0,0,1
19791,0,1,0,0,0,0,0,1
19792,1,1,0,0,1,0,0,1
19794,0,1,1,0,0,0,0,0
19795,0,0,0,0,0,0,0,0
19796,0,1,1,0,0,0,0,1
19800,0,1,0,0,0,0,0,0
19801,0,1,0,0,0,0,0,0
19806,0,1,0,0,0,0,0,0
19811,1,1,1,0,0,0,0,0
19813,1,1,1,0,0,0,0,0
19814,1,1,1,0,0,0,0,0
19815,0,1,0,0,0,0,0,0
19816,0,0,1,0,0,0,0,0
19817,0,1,0,0,0,0,0,0
19818,0,1,0,0,0,0,0,0
19819,0,1,0,0,1,0,0,0
19820,1,1,0,0,1,0,0,1
19821,1,1,1,0,0,0,0,0
19822,0,1,1,0,0,1,0,0
19828,0,1,0,0,0,0,0,0
19829,0,1,0,0,0,0,0,0
19830,1,1,0,0,0,0,0,0
19832,0,0,1,0,0,0,0,0
19834,1,1,1,1,0,0,0,0
19835,1,1,1,0,1,0,0,1
19838,1,1,1,0,0,0,0,1
19839,1,1,1,1,0,0,0,1
19841,1,1,0,0,0,0,0,0
19843,1,1,0,0,0,0,0,0
19846,0,0,0,0,0,0,0,0
19847,0,1,1,0,1,0,0,1
19851,1,1,0,0,0,0,0,0
19853,1,1,1,0,1,0,1,1
19854,1,0,0,0,0,0,0,0
19856,1,1,0,0,0,0,0,0
19857,1,1,1,1,0,0,0,0
19894,0,0,0,0,0,0,0,0
19859,0,1,1,0,1,0,0,0
19861,1,1,0,0,0,0,0,1
19863,0,1,1,0,0,0,0,0
19864,0,1,0,0,0,0,0,0
19865,0,1,1,0,0,0,0,1
19867,0,1,1,0,0,0,0,0
19868,1,0,1,0,0,0,0,1
19871,0,1,1,0,0,0,0,0
19872,1,1,1,1,0,0,0,1
19873,0,1,0,0,0,0,0,0
19875,1,1,0,0,0,0,0,0
19877,0,1,1,1,0,0,0,1
19882,1,1,0,0,0,0,0,1
19885,0,1,0,0,0,0,0,0
19887,1,1,1,0,0,0,0,1
19888,0,1,1,0,0,0,0,1
19891,0,1,1,1,0,0,0,1
19896,1,1,0,0,0,0,0,0
19898,0,1,0,0,0,0,0,0
19900,0,1,0,0,0,0,0,0
19902,0,0,1,0,0,0,0,0
19910,1,1,1,0,1,0,0,0
19911,1,1,1,0,0,0,0,0
19914,1,1,0,1,1,0,0,0
19916,1,1,0,0,0,0,0,0
19917,1,1,0,0,0,0,0,1
19918,1,1,1,0,0,1,1,0
19919,1,1,1,0,0,0,1,0
19920,0,1,1,0,0,0,0,0
19923,0,0,0,0,0,0,0,1
19924,1,1,1,1,0,0,0,0
19925,1,1,0,1,0,0,0,0
19926,0,1,0,0,0,0,0,1
19927,0,1,0,1,0,0,0,0
19928,1,1,1,1,1,0,0,0
19930,1,1,0,0,0,0,0,1
19931,0,1,1,0,0,0,0,0
19933,1,1,0,0,0,0,0,0
19934,1,1,1,0,0,0,0,1
19935,1,1,1,1,1,1,0,0
19937,0,1,0,0,0,0,0,0
19939,1,1,1,0,0,0,0,0
19940,1,1,1,0,0,0,0,1
19941,0,0,0,0,0,0,0,0
19942,0,1,0,0,0,1,0,0
19943,1,1,1,1,0,0,0,1
19945,1,1,0,1,0,0,0,0
19946,1,1,1,1,0,0,0,0
19950,0,1,0,0,0,0,0,0
19952,1,1,1,1,0,0,0,1
19953,1,1,0,0,0,0,0,1
19955,0,1,1,0,0,0,0,0
19958,0,1,1,0,1,0,0,1
19959,0,1,1,0,0,0,0,1
19960,0,1,1,0,0,0,0,1
19961,1,1,1,0,0,0,0,0
19963,1,1,1,0,0,0,0,0
19966,1,1,0,0,0,0,0,1
19967,1,1,0,0,0,0,0,0
19969,1,1,1,1,0,0,0,0
19970,1,1,1,1,0,0,0,0
19972,0,0,0,0,0,0,0,1
19971,1,1,1,0,0,0,0,0
19979,0,0,1,0,0,0,0,1
19973,0,1,1,0,0,0,0,0
19976,1,1,1,1,0,0,0,0
19977,0,0,0,0,0,0,0,1
19978,1,1,1,1,0,0,0,0
19980,1,1,1,1,1,0,0,0
19983,1,1,0,0,0,0,0,0
19986,0,1,1,0,0,0,0,1
19991,0,1,0,0,1,1,0,1
19993,1,1,0,0,0,0,0,0
19994,0,1,0,0,0,1,0,1
19996,0,1,1,0,0,0,0,1
19998,0,1,0,0,0,0,0,0
20000,1,1,1,0,0,0,0,0
20002,0,0,0,0,1,0,0,1
20003,1,1,1,1,0,0,0,1
20005,0,0,0,0,0,0,0,0
20004,1,1,1,1,0,0,0,1
20006,0,1,1,0,0,0,0,0
20009,0,0,0,0,0,0,0,0
20011,1,1,1,0,0,0,0,0
20012,1,1,0,0,0,0,0,0
20013,1,1,1,1,0,0,0,1
20014,1,1,1,0,0,0,0,0
20015,1,1,0,0,0,0,0,0
20016,1,1,1,1,0,0,0,1
20017,1,1,1,1,0,0,0,0
20019,1,1,0,0,0,0,0,1
20022,1,1,1,0,0,0,0,0
20024,1,1,1,1,0,0,0,1
20025,0,1,1,0,0,0,0,0
20029,1,1,0,0,0,0,0,0
20032,1,1,1,1,0,0,0,1
20033,0,1,0,1,0,0,0,0
20037,1,1,0,0,0,0,0,0
20038,0,1,1,0,0,1,0,0
20039,0,1,1,0,0,0,0,0
20042,0,1,1,0,0,1,0,0
20044,1,1,0,0,0,0,0,0
20046,1,1,1,1,0,0,0,1
20048,0,1,1,0,0,0,0,0
20051,0,1,1,0,0,0,0,0
20053,0,0,1,0,0,0,0,1
20058,1,1,1,0,0,0,0,0
20059,0,0,0,0,0,0,0,0
20060,1,1,1,1,0,0,0,1
20062,0,1,1,0,0,0,0,1
20063,1,1,1,1,0,0,0,0
20068,0,0,0,0,0,0,0,0
20071,0,1,1,0,0,0,0,0
20073,1,1,1,0,1,0,0,0
20074,1,1,1,1,0,0,0,1
20076,1,1,1,0,0,0,0,0
20081,1,1,0,0,0,1,0,0
20082,1,1,0,0,0,0,0,0
20083,0,1,1,1,1,0,0,0
20084,1,1,1,0,0,0,0,0
20086,0,0,0,0,0,0,0,0
20090,1,1,1,1,0,0,0,0
20098,1,1,0,0,0,0,0,0
20100,0,0,0,0,0,0,0,0
20101,0,1,1,1,1,0,0,1
20103,1,1,1,1,0,0,0,0
20104,0,0,0,0,0,0,0,1
20106,1,1,1,1,0,0,0,1
20107,1,1,0,1,0,0,0,0
20114,0,0,0,0,0,0,0,1
20109,1,1,1,0,0,0,0,1
20110,1,1,1,0,0,0,0,0
20113,1,1,0,0,0,0,0,0
20115,1,1,0,0,0,0,0,0
20117,1,1,1,0,0,0,0,0
20118,0,1,1,0,0,0,0,0
20119,1,1,1,0,0,0,0,0
20123,0,1,0,1,0,0,0,0
20124,1,1,1,1,0,0,0,1
20126,0,1,1,0,0,0,0,0
20128,1,1,1,0,1,0,0,0
20129,0,1,1,0,0,0,0,0
20131,1,1,1,0,0,0,0,1
20132,1,1,1,1,0,0,0,0
20133,1,1,1,1,0,0,0,0
20134,1,1,0,0,0,0,0,0
20135,1,1,1,1,0,0,0,0
20136,0,1,1,0,0,0,0,0
20137,1,1,1,1,1,0,0,0
20138,1,1,1,0,0,0,0,0
20141,1,1,0,0,0,0,0,0
20142,1,1,0,0,0,0,0,0
20151,0,0,1,1,0,0,0,0
20153,0,1,1,0,0,0,0,0
20158,1,1,1,1,0,0,0,1
20159,1,1,1,1,0,0,0,0
20160,1,1,1,1,0,1,0,0
20161,1,1,1,0,0,0,0,1
20163,1,1,1,0,0,0,0,0
20164,0,1,1,0,0,0,0,0
20165,1,1,1,0,0,0,0,0
20166,1,1,1,0,0,0,0,0
20201,0,0,0,0,0,0,0,1
20205,0,0,0,0,0,0,0,0
20246,0,0,0,0,0,0,0,0
20247,0,0,0,0,0,0,0,0
20298,0,0,0,0,0,0,0,0
20314,0,0,0,0,0,0,0,0
20326,0,1,0,0,0,0,0,1
20355,0,0,0,0,0,0,0,1
20376,0,0,1,0,0,0,0,0
20403,0,0,0,0,0,0,0,0
20437,0,0,0,0,0,0,0,1
20454,0,0,0,0,0,0,0,1
20457,0,0,1,0,0,0,0,1
20171,1,1,1,1,1,0,0,0
20172,0,1,0,0,0,0,0,0
20173,1,1,1,0,0,0,0,0
20174,1,1,1,0,0,0,0,1
20176,0,1,1,0,0,0,0,0
20181,1,1,0,0,0,0,0,1
20182,1,1,1,0,1,0,0,0
20183,1,1,1,1,0,0,0,1
20186,1,1,1,1,0,0,0,1
20192,1,1,1,1,0,0,0,0
20193,1,1,0,1,0,0,0,1
20209,0,0,1,0,0,0,0,1
20196,1,1,1,1,0,0,0,1
20200,1,1,1,0,0,0,0,0
20206,1,1,1,0,1,0,0,0
20213,1,1,0,0,0,0,0,0
20219,1,1,1,0,0,0,0,0
20220,0,1,1,0,0,0,0,0
20221,1,1,0,1,0,0,0,1
20222,1,1,1,0,0,0,0,0
20224,1,1,0,0,0,0,0,1
20225,1,1,0,1,1,0,0,1
20227,1,1,0,0,0,0,0,0
20229,1,1,1,1,0,0,0,1
20230,1,1,1,0,0,0,0,0
20231,1,1,1,0,0,0,0,0
20233,1,1,1,1,0,0,0,1
20234,1,1,1,0,0,0,0,0
20236,1,1,1,0,0,0,0,0
20237,1,1,0,0,0,0,0,0
20238,1,1,1,1,0,0,0,1
20239,1,1,1,1,0,0,0,1
20241,1,1,1,1,0,0,0,0
20242,1,1,1,1,0,0,0,0
20243,1,1,1,1,0,0,0,1
20254,1,1,1,0,0,0,0,0
20255,1,1,1,1,0,0,0,0
20257,0,0,0,0,0,0,0,0
20258,1,1,1,0,0,0,0,0
20261,1,1,1,1,0,0,0,1
20263,1,1,1,1,1,0,0,1
20265,0,1,1,0,1,0,0,0
20267,1,1,1,1,1,0,0,1
20269,0,1,1,1,0,0,0,0
20270,1,1,0,0,0,0,0,0
20271,1,1,1,0,0,0,0,0
20272,1,1,1,1,0,0,0,0
20273,1,1,1,1,0,0,0,0
20274,1,1,0,0,0,0,0,0
20277,0,1,0,0,0,0,0,0
20280,0,1,1,1,0,0,0,1
20283,1,1,1,0,0,0,0,0
20285,0,1,1,1,1,0,0,0
20287,1,1,1,1,0,0,0,1
20288,1,1,0,0,0,0,0,0
20290,1,1,1,1,1,0,0,1
20291,0,0,0,0,0,0,0,0
20293,0,0,1,0,0,0,0,1
20294,1,1,1,1,1,0,0,1
20295,1,1,1,1,0,0,0,0
20296,1,1,1,1,0,0,0,0
20297,1,1,1,1,0,0,0,1
20299,1,1,0,1,0,0,0,1
20301,1,1,1,0,0,0,0,0
20302,0,1,0,0,0,0,0,0
20305,1,1,1,1,0,0,0,0
20306,0,1,1,0,0,0,0,0
20312,1,1,0,0,0,1,0,0
20313,0,1,0,1,0,0,0,0
20315,1,1,1,1,0,0,0,0
20319,0,1,1,0,0,0,0,0
20321,1,1,1,1,0,0,0,0
20327,0,1,1,1,0,0,0,0
20328,1,1,0,0,0,0,0,0
20329,0,0,1,0,0,0,0,0
20334,1,1,1,1,0,0,0,1
20336,0,0,0,0,0,0,0,1
20338,1,1,0,0,0,0,0,0
20339,0,0,0,0,0,0,0,1
20340,1,1,1,1,0,0,0,1
20341,1,1,1,1,0,0,0,0
20342,1,1,0,0,0,0,0,0
20343,0,1,0,1,0,0,0,0
20344,0,1,0,1,0,0,0,0
20345,1,1,0,0,0,1,0,0
20346,1,1,0,0,0,0,0,1
20349,1,1,1,1,0,0,0,0
20354,1,1,1,0,0,0,0,0
20357,1,1,1,1,1,0,0,1
20362,1,1,0,0,0,0,0,1
20365,1,1,1,1,0,0,0,0
20366,0,1,0,1,1,0,0,0
20370,1,1,1,0,0,0,0,0
20371,1,1,1,1,0,0,0,0
20372,1,1,1,1,0,0,0,1
20373,1,1,1,1,1,0,0,1
20375,1,1,1,0,1,0,0,0
20377,1,1,1,1,0,0,0,0
20378,1,1,1,1,1,1,0,1
20379,1,1,1,1,0,0,0,0
20380,1,1,1,0,0,0,0,0
20382,1,1,0,0,0,0,0,0
20383,1,1,1,0,0,0,0,0
20384,0,1,0,1,1,0,0,1
20385,1,1,1,0,0,1,0,0
20387,1,1,1,0,0,0,0,1
20391,1,1,1,1,0,0,0,1
20393,1,1,0,0,0,0,0,0
20394,1,1,1,0,0,0,0,0
20399,0,1,1,0,1,0,0,0
20400,0,1,0,0,1,0,0,0
20402,0,1,1,1,0,0,0,0
20404,0,1,1,1,0,0,0,0
20405,1,1,0,0,0,0,0,1
20412,0,0,0,0,0,0,0,0
20423,0,0,0,0,0,0,0,0
20408,1,1,1,0,0,0,0,0
20411,1,1,1,1,0,0,0,0
20413,0,1,1,0,0,0,0,0
20416,1,1,1,0,0,0,0,0
20420,1,1,1,0,0,0,0,1
20421,0,1,0,0,0,0,0,1
20422,1,1,1,0,0,0,0,0
20424,0,1,0,1,1,0,0,0
20425,1,1,1,1,1,0,0,0
20426,1,1,1,0,0,0,0,0
20428,0,1,1,1,1,0,0,0
20432,1,1,1,1,0,0,0,1
20436,0,1,0,1,0,0,0,0
20438,1,1,0,0,0,0,0,0
20439,1,1,0,1,0,0,0,1
20442,1,1,0,0,0,1,0,0
20443,1,1,1,0,0,0,0,1
20445,1,1,1,0,0,0,0,0
20447,1,1,1,0,0,0,0,0
20448,1,1,1,0,0,0,0,0
20449,1,1,1,1,1,0,0,0
20461,0,0,0,0,0,0,0,0
20450,1,1,1,1,1,0,0,0
20451,0,1,1,0,0,0,0,0
20453,1,1,0,0,0,1,0,0
20455,0,1,1,0,0,0,0,0
20458,1,1,1,1,0,0,0,0
20460,1,1,1,0,0,0,0,0
20463,0,1,1,0,0,0,0,0
20465,1,1,1,0,1,0,0,0
20467,1,1,0,0,1,0,0,0
20468,0,0,0,0,0,0,0,0
20469,1,1,1,1,0,0,0,0
20470,1,1,0,0,0,0,0,0
20472,1,1,0,1,1,0,0,0
20473,0,1,0,0,0,0,0,0
20475,0,0,0,0,0,0,0,0
20478,1,1,1,0,0,0,0,0
20479,1,0,0,0,1,0,0,0
20480,0,1,0,0,0,0,0,0
20481,1,1,1,1,0,0,0,1
20482,1,1,0,0,0,0,0,0
20484,1,1,0,0,0,0,0,0
20485,1,0,0,0,0,0,0,0
20486,0,1,0,1,0,0,0,0
20488,1,1,1,1,1,1,0,1
20490,0,0,0,0,0,0,0,0
20492,1,1,1,0,0,0,0,0
20493,0,0,0,0,1,0,0,0
20494,1,1,1,1,0,0,0,1
20495,0,0,0,0,0,0,0,0
20496,1,1,0,0,0,0,0,0
20497,0,0,0,0,0,0,0,0
20498,0,0,0,0,1,1,0,0
20499,1,1,0,0,0,0,0,0
20500,0,1,0,0,0,0,0,0
20501,1,0,0,1,1,0,0,1
20502,1,1,1,1,0,0,0,1
20503,1,1,1,1,0,0,0,1
20504,1,1,0,0,0,0,0,0
20505,1,1,1,0,0,0,0,0
20506,1,1,1,1,1,0,0,0
20507,1,1,1,1,0,0,0,0
20508,0,1,1,0,0,0,0,1
20513,1,1,1,1,0,0,0,1
20514,0,1,1,0,0,0,0,0
20516,1,1,1,1,0,0,0,1
20517,1,1,1,0,0,0,0,0
20518,0,1,0,1,0,0,0,0
20520,1,1,1,0,0,0,0,0
20521,1,1,1,0,0,0,0,0
20522,1,1,1,1,0,0,0,0
20523,1,1,0,0,0,0,0,1
20524,1,0,0,0,0,0,0,0
20525,1,1,1,0,0,0,0,0
20527,1,1,1,1,1,0,0,1
20528,1,1,0,0,0,0,0,0
20529,1,1,1,0,0,0,0,0
20530,1,1,0,0,0,0,0,0
20531,0,1,1,0,0,0,0,0
20534,1,1,1,1,0,0,0,1
20535,1,1,1,1,1,0,0,1
20536,0,1,1,1,1,0,0,0
20538,1,1,0,0,0,0,0,0
20539,1,1,0,0,0,0,0,0
20541,1,0,0,0,1,0,0,0
20542,1,1,0,0,0,0,0,0
20544,1,1,0,1,1,0,0,1
20545,0,0,0,0,0,0,0,0
20546,1,1,0,1,1,0,0,0
20547,1,1,0,1,0,0,0,0
20548,1,1,1,1,0,0,0,1
20549,1,0,0,0,0,0,0,0
20551,1,1,1,1,0,0,0,1
20552,0,1,0,1,1,0,0,0
20553,1,1,1,0,0,0,0,0
20556,1,1,1,1,0,0,0,0
20557,1,1,0,0,1,0,0,0
20558,1,1,1,0,1,0,0,0
20559,1,1,1,0,0,0,0,0
20561,1,1,1,0,0,0,0,1
20563,0,0,1,0,0,0,0,0
20565,1,1,1,1,0,0,0,1
20567,1,1,1,1,0,0,0,1
20568,0,1,1,1,0,0,0,1
20570,1,1,1,1,0,0,0,1
20571,1,1,0,0,0,0,0,0
20572,1,1,1,1,0,0,0,0
20573,0,0,0,0,0,0,0,1
20574,1,1,1,1,0,0,0,1
20576,1,1,0,0,0,0,0,0
20578,1,1,1,1,0,0,0,1
20579,1,1,1,0,0,0,0,0
20581,0,1,1,1,0,0,0,0
20583,1,1,1,1,0,0,0,0
20584,0,1,1,0,0,0,0,1
20586,1,1,1,0,0,0,0,0
20588,1,1,0,1,0,0,0,0
20589,1,1,0,0,0,0,0,0
20590,1,1,0,1,0,0,0,0
20592,0,0,0,1,1,0,0,0
20595,1,1,0,1,0,0,0,0
20597,0,1,1,1,1,0,0,0
20599,1,1,1,0,0,0,0,0
20600,0,1,1,0,0,0,0,0
20602,0,1,1,0,0,0,0,0
20603,1,0,0,0,0,0,0,0
20604,0,0,0,1,0,0,0,0
20605,1,1,0,1,0,0,0,0
20606,1,1,0,0,0,0,1,0
20607,1,1,1,1,0,0,0,1
20609,0,1,1,0,0,0,0,1
20610,1,1,1,0,0,0,0,0
20611,1,1,1,1,0,0,0,1
20612,0,1,1,0,0,0,0,1
20615,1,1,1,1,1,0,0,1
20616,1,1,0,0,1,0,0,0
20617,0,1,1,0,0,0,0,0
20622,1,1,0,0,0,0,0,0
20623,1,1,1,1,0,0,0,0
20624,1,1,1,0,0,0,0,1
20626,1,1,1,1,0,0,0,1
20627,1,0,1,1,0,0,0,0
20628,1,1,0,0,0,0,0,0
20630,0,0,0,0,0,0,0,0
20636,1,1,0,0,0,0,0,0
20637,1,1,1,1,0,0,0,1
20638,1,1,0,0,0,0,0,0
20639,1,1,0,0,0,0,0,0
20642,0,0,0,0,0,0,0,0
20643,1,0,0,0,0,0,0,0
20644,1,0,0,0,0,0,0,0
20646,1,1,1,0,0,0,0,0
20647,1,1,0,0,0,0,0,0
20648,1,0,0,0,0,0,0,0
20649,1,1,1,0,0,0,0,0
20651,0,1,1,1,0,0,0,0
20652,1,1,1,1,0,0,0,0
20654,1,1,1,0,1,0,0,0
20656,1,1,1,1,0,0,0,0
20657,1,0,0,0,0,0,0,0
20658,1,1,0,0,1,0,1,0
20661,1,1,1,0,1,0,0,0
20662,1,1,1,1,0,0,0,0
20663,0,0,0,0,0,0,0,0
20664,1,1,0,0,0,0,0,0
20665,1,1,1,1,0,0,0,0
20667,1,1,1,1,0,0,0,0
20668,1,1,1,0,0,0,0,0
20671,1,1,1,1,0,0,0,0
20673,1,1,1,1,0,0,0,0
20676,1,0,0,0,0,0,0,0
20677,1,1,1,1,0,0,0,0
20678,0,1,0,0,0,0,0,0
20680,1,1,1,1,0,0,0,1
20683,0,0,0,0,0,0,0,0
20684,1,1,1,0,0,0,0,0
20685,1,1,1,1,0,0,0,0
20688,1,0,0,0,0,0,0,0
20690,1,1,1,0,0,0,0,0
20691,1,1,1,0,0,0,0,0
20693,1,0,0,0,0,0,0,0
20694,0,1,0,0,0,0,0,0
20695,0,1,0,1,1,0,0,0
20696,1,1,0,0,0,0,0,0
20698,0,1,1,0,0,0,0,0
20700,1,1,1,1,0,0,0,1
20701,1,1,1,1,0,0,0,0
20702,1,1,1,1,0,0,0,0
20705,0,0,0,0,0,0,0,1
20706,0,0,0,0,0,0,0,0
20707,0,0,0,0,0,1,0,1
20708,0,1,1,0,0,0,0,0
20709,1,1,1,1,0,0,0,0
20711,1,1,1,1,0,0,0,0
20712,0,1,1,0,0,0,0,0
20713,0,0,0,0,0,0,0,0
20716,0,1,1,0,0,0,0,0
20719,1,1,1,1,1,0,0,1
20720,1,0,0,1,1,0,0,0
20726,1,1,0,0,0,0,0,0
20727,0,0,1,0,0,0,0,0
20730,1,1,0,0,0,0,0,0
20731,1,1,1,1,0,0,0,0
20732,1,1,1,1,0,0,0,0
20733,1,1,0,0,0,0,0,0
20736,1,1,0,0,0,0,0,0
20739,1,1,1,1,0,0,0,1
20740,1,0,0,0,1,0,0,0
20741,1,1,0,0,0,0,0,0
20742,1,1,0,0,1,1,1,0
20743,1,1,0,0,0,0,0,0
20744,1,1,0,0,1,0,0,0
20745,1,1,1,0,0,0,0,0
20747,1,1,0,1,0,0,0,0
20750,1,1,1,0,0,0,0,0
20751,1,1,0,0,0,0,0,0
20752,1,1,1,1,0,0,0,1
20756,1,1,1,1,1,0,0,0
20757,1,1,1,0,0,0,0,0
20759,0,0,0,0,0,0,0,0
20762,1,1,1,1,1,1,0,1
20763,1,1,1,1,0,0,0,1
20765,0,1,1,0,0,0,0,1
20766,0,0,0,0,0,0,0,0
20767,0,1,1,0,0,0,0,1
20768,1,1,1,1,0,0,0,0
20769,0,0,0,0,0,0,0,0
20771,1,1,1,0,1,0,0,1
20772,1,1,1,1,0,0,0,0
20773,1,1,1,1,0,0,0,0
20774,1,1,0,0,0,0,0,0
20775,0,0,0,0,0,0,0,0
20776,0,1,1,0,0,0,0,0
20777,1,1,1,0,0,0,0,0
20778,1,1,1,1,0,0,0,1
20780,1,1,1,0,1,0,0,0
20781,0,0,0,1,0,0,0,0
20782,1,0,0,0,0,0,0,0
20783,1,1,0,0,0,0,0,0
20785,1,1,1,0,0,0,0,0
20786,0,1,1,1,1,0,0,0
20791,0,0,1,0,0,0,0,0
20792,0,0,0,0,0,0,0,0
20794,0,0,0,0,0,0,0,0
20795,0,1,1,1,1,0,0,0
20796,1,1,1,1,1,0,0,0
20798,1,1,1,0,1,0,0,0
20799,1,1,0,0,0,0,0,0
20800,1,1,0,0,0,0,0,0
20801,0,1,0,0,0,0,0,0
20802,1,1,1,0,0,0,0,0
20803,0,0,0,0,0,0,0,0
20805,1,1,1,0,1,0,0,0
20806,1,1,1,1,0,0,0,0
20808,1,1,0,0,1,0,0,1
20810,1,1,1,1,0,0,0,1
20811,1,1,1,0,0,0,0,0
20812,1,1,1,0,0,0,0,0
20813,1,1,0,0,0,0,0,0
20814,1,1,1,0,0,0,0,0
20816,1,1,1,1,0,0,0,1
20817,1,1,0,0,0,0,0,0
20818,1,1,1,0,0,0,0,0
20820,0,0,0,0,0,0,0,0
20823,0,1,1,1,1,0,0,0
20824,1,0,0,0,0,0,0,0
20826,1,0,0,0,0,0,0,0
20827,1,1,1,0,1,0,0,1
20828,1,1,1,0,0,0,0,0
20830,1,1,1,1,0,0,0,0
20832,1,1,1,1,1,1,0,1
20833,0,0,0,0,0,0,0,0
20838,0,0,0,0,0,0,0,0
20839,1,1,1,1,1,0,0,0
20840,1,0,0,0,0,0,0,0
20841,1,1,1,1,0,0,0,0
20842,1,1,1,1,1,0,0,1
20843,0,1,0,1,0,0,0,0
20844,1,1,1,0,0,0,0,0
20845,0,0,1,0,0,0,0,0
20846,1,1,0,0,0,0,0,0
20848,0,0,0,0,0,0,0,0
20850,0,0,0,0,0,0,0,0
20852,0,0,0,0,0,0,0,0
20856,1,1,1,0,0,0,0,0
20857,1,1,1,0,0,0,0,0
20861,1,1,1,1,0,0,0,1
20862,1,0,0,0,0,0,0,0
20865,1,1,1,0,0,0,0,0
20868,1,1,1,1,0,0,0,1
20870,0,0,0,0,0,0,0,0
20872,1,1,0,0,0,0,0,0
20874,1,0,0,0,1,0,0,1
20875,1,1,1,0,0,0,0,0
20876,1,1,0,1,1,0,0,1
20878,0,1,0,0,0,0,0,0
20881,1,1,1,1,0,0,0,1
20883,1,1,1,0,1,0,0,0
20885,1,0,1,0,0,0,0,0
20886,0,1,0,1,0,0,0,1
20888,1,1,0,1,0,0,0,0
20889,0,1,1,1,1,0,0,0
20890,1,1,1,0,0,0,0,0
20891,1,1,0,1,0,0,0,0
20896,1,0,0,0,0,0,0,0
20899,1,1,1,0,0,0,0,0
20900,1,1,0,0,0,0,0,0
20901,1,1,0,0,0,0,0,0
20902,1,1,1,0,0,0,0,0
20903,1,1,0,0,0,0,0,0
20904,1,1,0,0,0,0,0,0
20905,0,1,0,0,0,0,0,0
20906,1,1,0,1,1,1,0,1
20907,1,0,0,0,0,0,0,0
20909,1,1,0,1,1,1,0,0
20910,1,1,1,1,0,0,0,0
20912,1,1,0,1,0,1,0,1
20913,1,1,0,0,0,0,0,0
20917,1,1,1,1,0,0,0,0
20918,1,1,1,1,0,0,0,0
20920,1,1,0,0,0,0,0,0
20923,0,0,0,0,0,0,0,0
20924,1,1,1,1,1,0,0,1
20925,1,1,0,0,1,0,0,0
20926,1,1,1,1,0,0,0,0
20929,1,1,0,0,0,0,0,0
20931,1,1,1,1,0,0,0,0
20933,1,1,1,1,0,0,0,1
20934,0,1,0,0,0,0,0,0
20936,1,0,0,0,0,0,0,0
20937,1,1,1,1,0,0,0,1
20938,1,1,0,0,0,0,0,0
20939,0,0,0,0,0,0,0,0
20940,1,1,1,0,0,0,0,0
20942,1,1,1,1,0,0,0,1
20944,1,0,0,0,0,0,0,0
20945,1,1,1,0,0,0,0,0
20947,1,1,1,1,0,0,0,1
20948,1,1,0,0,0,0,0,0
20949,1,0,0,0,0,0,0,1
20952,1,1,0,0,0,0,0,0
20953,0,0,0,0,0,0,0,0
20956,0,0,0,0,0,0,0,0
20957,1,1,0,1,1,0,0,1
20958,1,1,0,0,0,0,0,0
20960,1,1,1,0,0,0,0,0
20961,1,1,1,1,0,0,0,1
20962,1,0,0,0,0,0,0,0
20963,1,1,1,0,0,0,0,0
20964,0,0,0,0,0,0,0,0
20965,0,1,1,1,0,0,0,1
20967,1,1,1,0,0,0,0,0
20973,1,0,0,0,0,0,0,0
20975,1,1,1,1,1,0,0,0
20977,1,1,1,1,1,0,0,0
20978,1,1,1,0,0,0,0,0
20985,1,1,1,1,1,0,0,0
20986,1,1,1,1,0,0,0,1
20988,0,0,0,0,0,0,0,1
20990,1,1,0,1,0,0,0,1
20992,0,0,0,0,0,0,0,0
20993,0,1,1,0,0,0,0,0
20994,1,1,0,0,0,0,0,0
20997,1,0,1,0,0,0,0,0
21003,1,0,0,0,0,0,0,0
21007,0,0,0,0,0,0,0,0
21013,1,1,1,1,0,0,0,0
21014,1,1,1,1,0,0,0,1
21015,1,0,0,1,0,0,0,1
21016,1,1,1,1,0,0,0,1
21017,1,1,1,1,0,0,0,1
21019,0,1,1,0,0,0,0,0
21021,1,1,0,0,0,0,0,0
21022,1,1,0,0,0,0,0,0
21024,0,0,0,0,1,0,0,0
21026,1,1,0,0,0,0,0,0
21028,0,1,1,0,0,0,0,1
21029,0,0,1,1,0,1,0,1
21030,1,0,0,0,0,0,0,0
21031,1,1,1,0,0,0,0,0
21033,1,1,1,0,0,0,0,0
21034,0,0,0,0,0,0,0,0
21035,1,1,1,0,0,0,0,0
21036,1,1,1,0,0,0,0,0
21038,1,1,1,0,0,0,0,0
21039,1,1,1,0,0,0,0,0
21040,1,1,1,0,0,0,0,0
21042,1,0,0,0,0,0,0,0
21043,1,1,1,1,0,0,0,0
21044,0,1,0,0,0,0,1,0
21045,1,0,0,0,0,0,0,0
21046,0,1,0,0,0,0,0,0
21047,1,0,0,0,0,0,0,0
21048,1,1,1,1,0,0,0,0
21051,0,1,0,0,0,0,0,0
21052,1,1,0,0,0,0,0,0
21053,0,1,1,1,1,0,0,0
21054,1,1,0,1,0,0,0,1
21055,1,1,0,0,1,0,0,0
21056,1,1,0,0,0,0,0,0
21057,1,1,1,0,0,0,0,0
21058,1,1,1,0,0,0,0,0
21059,1,0,1,0,0,0,0,1
21060,1,1,1,1,0,0,0,0
21061,0,0,0,0,0,0,0,0
21064,0,0,0,0,1,0,0,0
21065,1,1,1,0,0,0,0,1
21066,1,1,1,1,0,0,0,0
21067,1,1,0,0,1,0,0,1
21070,0,1,0,0,0,0,0,0
21073,1,1,1,0,0,0,0,0
21075,1,1,1,0,0,0,0,0
21076,1,1,1,1,0,0,0,1
21077,1,1,1,0,0,0,0,0
21078,1,0,0,0,0,0,0,0
21079,1,1,1,1,0,0,0,1
21081,1,1,1,1,0,0,0,1
21082,1,1,1,1,1,0,0,1
21083,1,1,1,0,0,0,0,0
21084,1,1,1,0,0,0,0,0
21086,0,1,1,1,0,0,0,0
21088,1,1,0,0,0,0,0,0
21090,0,0,0,1,1,0,0,0
21092,0,0,0,0,1,1,0,0
21093,1,1,1,0,0,0,0,0
21095,1,1,1,1,0,0,0,1
21097,1,1,1,1,0,0,0,0
21104,1,0,0,0,0,0,0,0
21106,1,1,1,0,0,0,0,0
21107,1,1,1,0,0,0,0,0
21108,1,1,1,0,0,0,0,0
21110,1,1,1,1,0,0,0,0
21112,1,0,0,0,0,0,0,0
21114,0,0,0,0,0,0,0,0
21117,1,0,0,0,0,0,0,0
21118,1,1,1,0,0,0,0,0
21119,1,1,1,1,0,0,0,1
21121,0,0,0,0,0,0,0,0
21123,1,1,1,1,0,0,0,0
21124,1,1,0,0,1,0,0,0
21128,1,1,1,1,0,0,0,0
21129,1,1,0,1,0,0,0,0
21130,1,1,1,0,0,0,0,0
21131,1,0,0,0,0,0,0,0
21132,1,1,1,1,0,0,0,0
21133,0,0,0,0,0,0,0,0
21134,1,0,0,0,0,0,0,0
21135,1,1,1,1,0,0,0,1
21136,1,1,1,1,0,0,0,1
21138,1,0,0,0,0,0,0,0
21141,1,1,1,0,0,0,0,0
21142,1,1,1,1,0,0,0,0
21144,0,0,0,0,0,0,0,0
21146,1,0,0,0,0,0,0,0
21147,1,1,1,1,0,0,0,0
21148,0,1,1,1,1,0,0,1
21149,1,1,1,0,0,0,0,0
21151,1,1,1,0,1,0,0,0
21152,1,1,1,1,0,0,0,0
21153,0,0,0,0,0,0,0,0
21154,0,0,0,0,0,0,0,0
21155,1,1,1,1,0,0,0,0
21157,1,1,1,1,1,0,0,1
21158,1,1,0,0,0,0,0,0
21159,1,1,1,1,0,0,0,0
21165,1,1,1,1,0,0,0,1
21166,1,1,1,0,1,0,0,0
21167,1,1,1,1,0,0,0,1
21169,1,1,1,1,0,0,0,1
21170,0,0,1,1,0,0,0,0
21171,1,1,0,1,0,0,0,0
21174,1,1,1,1,1,0,0,1
21175,1,1,1,1,0,0,0,0
21176,1,1,0,0,0,0,0,0
21177,1,1,1,0,0,0,0,0
21178,1,1,1,0,1,0,0,1
21179,1,1,1,1,1,0,0,1
21180,1,1,1,1,0,0,0,0
21182,1,1,0,1,0,0,0,1
21185,0,1,0,1,0,0,0,1
21190,1,1,1,0,0,0,0,0
21191,0,0,0,0,0,0,0,0
21192,1,1,0,0,0,0,0,0
21195,1,1,0,1,0,0,0,0
21196,1,1,1,1,0,0,0,1
21197,1,1,1,1,0,0,0,0
21198,1,1,0,0,0,0,0,0
21201,1,0,0,0,1,0,0,1
21202,1,1,1,0,0,0,0,0
21203,1,1,0,0,0,0,0,0
21204,1,1,0,1,1,0,0,0
21205,1,1,1,1,0,0,0,1
21208,1,1,1,1,0,0,0,1
21209,1,1,1,0,0,0,0,0
21210,1,1,1,0,1,0,0,0
21211,1,0,0,0,0,0,0,0
21212,1,1,0,0,0,0,0,0
21214,0,0,0,0,0,0,0,0
21216,1,1,1,0,0,0,0,0
21217,0,1,1,0,0,0,0,0
21218,1,1,1,1,0,0,0,1
21221,0,1,1,1,0,0,0,0
21222,1,1,1,1,1,0,0,1
21224,1,1,0,0,0,0,0,0
21229,0,1,1,1,1,0,0,0
21231,1,1,0,1,1,0,0,0
21233,1,1,0,1,0,0,0,0
21235,1,1,0,0,0,0,0,0
21236,1,1,1,1,1,0,0,1
21240,1,1,1,1,0,0,0,1
21241,0,1,0,1,1,0,0,0
21243,0,1,0,1,1,0,0,0
21245,1,1,1,1,0,0,0,0
21246,1,1,0,0,0,0,0,0
21252,0,1,1,1,1,0,0,0
21253,1,1,1,1,0,0,0,0
21254,1,1,1,1,0,0,0,1
21255,0,1,1,0,0,0,0,0
21256,0,0,0,0,0,0,0,0
21258,0,0,0,0,0,0,0,0
21260,1,1,1,1,0,0,0,0
21262,1,0,0,0,0,0,0,0
21268,1,1,1,1,0,0,0,1
21269,1,1,0,0,0,0,0,0
21270,1,1,0,0,0,0,0,0
21271,0,0,0,0,0,0,0,0
21272,1,1,1,0,1,0,0,0
21278,1,1,1,1,0,0,0,0
21280,1,1,1,1,1,0,0,1
21282,1,1,0,0,0,0,0,0
21283,1,1,1,1,0,0,0,0
21284,0,1,1,0,1,0,0,0
21288,0,0,0,0,0,0,0,0
21290,0,0,0,0,0,0,0,0
21297,0,1,0,0,0,0,0,0
21299,0,1,1,1,0,1,0,0
21300,0,1,1,1,1,0,0,0
21303,1,1,1,1,0,0,0,0
21305,0,1,0,0,0,0,0,1
21307,1,1,1,1,0,0,0,1
21308,1,1,0,0,0,0,0,0
21309,0,0,0,0,0,0,0,0
21312,1,1,1,1,0,0,0,0
21314,0,1,1,0,0,0,0,0
21315,0,0,0,0,0,0,0,0
21317,1,1,1,1,0,0,0,0
21320,1,0,0,0,0,0,0,0
21321,1,1,1,1,1,0,0,1
21323,1,1,1,1,0,0,0,0
21330,1,1,1,1,0,0,0,0
21331,1,0,1,1,0,0,0,0
21334,1,1,1,0,0,0,0,0
21338,0,1,0,0,0,0,0,0
21341,0,0,0,0,0,0,0,0
21343,0,0,1,0,0,0,0,0
21344,0,0,0,0,0,0,0,0
21345,0,1,1,0,0,0,0,0
21346,1,1,0,0,0,0,0,0
21347,1,0,0,1,0,0,0,0
21348,1,1,1,1,0,0,0,0
21349,1,1,1,1,0,0,0,0
21350,1,1,1,1,1,0,0,1
21353,1,1,1,1,0,0,0,1
21356,1,1,0,0,0,0,0,0
21358,1,1,1,1,0,1,0,0
21359,1,1,0,0,0,0,0,0
21360,1,0,0,0,0,0,0,0
21362,1,1,1,0,1,0,0,0
21369,0,1,1,1,1,0,0,0
21370,1,1,1,0,1,0,0,0
21371,0,0,0,0,0,0,0,0
21372,1,1,1,1,0,0,0,1
21373,1,1,0,1,0,0,0,0
21374,1,1,1,1,0,0,0,1
21375,1,0,0,0,0,0,0,0
21376,1,0,0,0,0,0,0,0
21377,0,1,1,0,1,0,0,0
21378,0,0,0,0,0,0,0,0
21380,0,0,1,1,1,0,0,0
21381,1,1,1,1,1,0,0,1
21383,1,1,1,0,0,0,0,0
21384,1,1,0,0,0,0,0,0
21386,1,1,1,0,0,0,0,0
21387,1,1,0,0,0,0,0,0
21389,1,1,1,1,0,0,0,1
21393,1,0,0,0,0,0,0,0
21396,1,1,1,0,0,0,0,0
21397,1,1,0,0,1,0,0,1
21398,1,1,0,0,0,0,0,0
21399,0,1,1,1,1,0,0,0
21401,1,0,0,0,0,0,0,0
21404,0,1,0,0,0,0,0,0
21405,1,0,0,0,0,0,0,0
21407,1,1,1,0,0,0,0,0
21408,1,1,0,1,0,0,0,1
21410,1,1,1,0,0,0,0,0
21412,0,0,1,0,0,0,0,0
21413,1,1,1,1,0,0,0,1
21414,0,1,0,0,0,0,0,0
21415,0,0,0,0,0,0,0,0
21416,1,1,0,0,0,0,0,0
21417,1,1,0,0,0,0,0,0
21418,0,0,0,0,1,0,0,0
21420,1,1,1,1,0,0,0,1
21422,1,1,1,0,1,0,0,0
21424,1,1,1,0,0,0,0,0
21426,0,1,0,1,1,0,0,1
21428,1,1,1,1,0,0,0,0
21429,1,1,1,1,0,0,0,1
21430,1,1,1,1,0,0,0,1
21431,1,1,0,0,0,0,0,0
21432,0,1,1,1,1,0,0,0
21433,1,1,1,0,0,0,0,0
21434,1,1,0,1,0,0,0,0
21435,1,1,1,1,0,0,0,1
21436,1,1,1,0,0,0,0,0
21437,1,0,0,0,0,0,0,0
21438,1,1,1,0,0,0,0,0
21439,1,1,1,0,0,0,0,0
21443,0,1,1,0,0,0,0,0
21444,1,1,1,0,0,0,0,0
21446,1,1,1,0,0,0,0,0
21447,0,1,1,1,0,0,0,1
21449,1,1,1,1,1,0,0,0
21453,1,1,0,0,1,0,1,1
21456,1,1,1,1,0,0,0,1
21458,1,1,0,0,0,0,0,0
21459,1,1,1,1,0,0,0,0
21460,0,0,0,0,0,0,0,0
21461,1,0,0,0,0,0,0,0
21462,0,0,1,0,0,0,0,0
21463,1,1,1,1,0,0,0,0
21464,1,1,1,0,0,0,0,0
21467,1,0,0,0,0,0,0,0
21470,1,1,1,0,0,0,0,0
21471,0,1,0,0,0,0,0,0
21473,1,1,0,1,1,0,0,0
21475,0,1,1,1,0,0,0,0
21476,1,1,1,1,0,0,0,0
21479,1,1,1,1,1,0,0,1
21480,1,1,1,0,0,0,0,0
21481,1,1,1,0,1,0,0,1
21482,1,1,1,1,0,0,0,0
21483,1,1,0,0,0,0,0,0
21484,0,0,1,0,0,0,0,0
21485,1,1,0,0,0,0,0,0
21486,0,0,0,0,0,0,0,0
21488,1,1,1,1,0,0,0,1
21490,1,1,1,0,0,0,0,1
21491,1,1,0,1,1,0,0,1
21492,1,1,1,1,0,0,0,0
21494,1,1,1,0,0,0,0,0
21495,1,1,0,0,0,0,0,0
21496,1,0,0,0,0,0,0,0
21498,1,1,1,1,0,0,0,1
21501,1,1,1,0,0,0,0,1
21502,1,1,0,1,0,0,0,1
21503,1,1,1,1,1,0,0,0
21504,0,0,0,0,0,0,0,0
21505,1,1,1,1,0,0,0,1
21507,0,0,0,0,0,0,0,0
21509,1,1,1,0,0,0,0,0
21510,1,1,1,1,0,0,0,1
21511,1,1,1,1,0,0,0,1
21512,1,1,1,0,0,0,0,0
21514,1,1,1,0,0,0,0,0
21515,1,1,1,1,1,0,0,1
21518,1,1,1,1,0,0,0,0
21519,0,0,0,0,0,0,0,0
21521,1,0,0,0,0,0,0,0
21522,0,0,0,0,0,0,0,0
21524,1,1,1,1,0,0,0,0
21525,0,1,1,0,0,0,0,0
21527,1,1,1,0,0,0,0,0
21530,1,1,1,1,0,0,0,0
21531,0,0,0,0,0,0,0,0
21532,0,1,1,1,1,0,0,1
21535,1,0,0,0,0,0,0,0
21536,0,1,1,1,1,0,0,1
21539,1,1,1,1,0,0,0,1
21540,1,1,1,0,0,0,0,0
21544,1,1,0,0,0,0,0,0
21546,1,1,0,0,0,0,0,0
21547,0,0,1,0,0,0,0,0
21548,1,1,1,1,0,0,0,0
21549,1,1,0,1,1,0,0,1
21550,0,1,1,0,1,0,0,0
21551,1,0,0,0,0,0,0,0
21552,1,1,0,0,0,0,0,0
21553,1,1,1,1,0,0,0,1
21554,1,1,1,1,0,0,0,1
21555,1,1,1,0,0,0,0,0
21556,1,1,0,0,0,0,0,0
21558,1,1,1,1,0,0,0,0
21559,1,0,0,0,0,0,0,0
21562,1,1,1,1,0,0,0,1
21563,1,1,1,1,0,0,0,1
21564,1,1,0,1,0,0,0,0
21565,1,1,1,0,0,0,0,0
21566,1,1,1,1,0,0,0,1
21568,1,1,0,0,0,0,0,0
21571,1,1,1,1,1,1,0,0
21573,1,1,1,1,0,1,0,0
21574,0,0,0,0,0,0,0,0
21576,1,0,1,1,0,0,0,1
21577,0,1,1,1,1,0,0,0
21580,0,0,0,0,0,0,0,0
21582,1,1,0,0,0,0,0,0
21583,1,1,1,0,0,0,0,0
21584,1,1,1,0,0,0,0,0
21585,1,1,1,0,0,0,0,0
21589,1,1,0,1,0,0,0,0
21590,0,0,0,0,0,0,0,0
21591,1,0,0,0,0,0,0,0
21592,1,1,0,0,0,0,0,0
21593,1,1,0,0,0,0,0,0
21594,1,1,1,1,0,0,0,1
21595,0,1,1,0,0,0,0,0
21596,1,1,1,0,0,0,0,0
21598,1,1,0,0,0,0,0,0
21599,1,0,0,0,0,0,0,0
21600,1,1,0,0,0,0,0,0
21601,1,0,0,0,0,0,0,0
21602,1,1,1,1,0,0,0,0
21605,1,1,0,0,0,0,0,0
21606,1,1,0,0,0,0,0,0
21607,1,1,1,1,1,0,0,0
21608,1,0,0,0,0,0,0,0
21611,0,1,1,0,0,0,0,0
21612,0,0,0,0,0,0,0,0
21613,1,1,1,0,0,0,0,0
21614,1,1,1,1,1,0,0,1
21615,1,1,1,1,0,0,0,1
21616,1,1,0,1,1,0,0,1
21618,1,1,1,1,0,0,0,0
21619,1,1,1,1,0,0,0,1
21621,0,1,1,0,1,0,0,0
21622,1,1,0,0,1,0,0,1
21623,0,0,0,0,0,0,0,0
21624,0,1,0,0,0,0,0,0
21629,1,1,1,0,0,0,0,0
21630,1,1,1,1,0,0,0,1
21631,0,0,0,0,0,0,0,0
21632,0,0,0,0,0,0,0,0
21636,1,1,0,0,0,0,1,1
21639,1,1,1,0,0,0,0,0
21641,1,0,0,0,0,0,0,0
21643,1,1,1,1,0,0,0,1
21645,1,1,1,0,0,0,0,0
21647,1,1,1,1,1,0,0,0
21649,0,0,0,0,0,0,0,0
21650,1,1,1,1,0,0,0,0
21651,1,1,1,1,1,0,0,1
21652,0,0,0,0,0,0,0,0
21655,1,1,0,1,1,0,0,1
21659,1,0,0,0,0,0,0,0
21662,1,1,1,0,0,0,0,0
21663,1,1,1,0,0,0,0,0
21664,0,0,0,0,0,0,0,0
21665,1,1,1,1,0,0,0,1
21666,0,0,0,0,0,0,0,0
21667,1,0,0,0,1,0,0,1
21668,1,1,1,1,0,0,0,1
21669,0,0,0,0,0,0,0,0
21672,0,0,0,0,0,0,0,0
21673,1,1,0,1,1,0,0,1
21674,0,1,1,1,1,1,0,0
21675,1,1,1,1,0,0,0,1
21676,0,1,1,1,0,0,0,0
21678,1,1,1,0,0,0,0,0
21682,1,1,0,1,0,0,0,0
21683,1,0,0,0,0,0,0,0
21684,1,1,0,1,1,1,1,1
21685,1,1,0,1,0,0,0,1
21689,1,0,0,0,0,0,0,0
21692,1,0,0,0,1,0,0,0
21693,1,1,1,0,0,0,0,0
21694,0,1,1,1,0,0,0,0
21698,0,1,0,0,0,0,0,0
21701,1,1,1,1,0,0,0,0
21703,1,1,0,0,0,0,0,0
21706,1,1,0,0,1,0,0,0
21708,1,0,0,0,0,0,0,0
21709,1,1,0,0,1,0,0,0
21710,1,1,0,0,0,0,0,0
21711,1,1,1,0,0,0,0,0
21712,0,0,0,0,0,0,0,0
21713,0,1,1,0,0,0,0,0
21714,1,1,0,0,0,0,0,0
21715,0,0,0,0,0,0,0,0
21717,1,1,1,0,0,0,0,0
21718,1,1,0,0,0,0,0,0
21719,1,1,1,0,0,0,0,0
21720,1,1,0,0,0,0,0,0
21721,1,1,1,0,0,0,0,0
21726,1,1,1,1,0,0,0,0
21727,0,0,0,0,0,0,0,0
21728,1,1,1,0,0,0,0,0
21733,1,1,0,1,1,0,0,1
21734,1,1,1,1,1,0,0,0
21735,0,0,0,0,0,0,0,0
21736,1,1,1,1,1,0,0,1
21737,0,0,1,0,0,0,0,0
21742,1,1,1,1,0,0,0,0
21743,1,1,1,1,0,0,0,0
21744,1,0,0,0,0,0,0,0
21745,1,1,1,0,0,0,0,0
21748,1,1,0,0,0,0,0,0
21749,1,1,0,0,0,0,0,0
21750,1,1,1,1,0,0,0,1
21751,0,0,1,0,0,0,0,0
21752,1,0,0,0,0,0,0,0
21753,1,1,0,1,0,0,0,0
21754,1,1,1,0,0,0,0,0
21755,1,0,0,0,0,0,0,0
21756,0,1,1,0,0,0,0,0
21757,1,1,0,0,0,0,0,0
21759,1,1,1,1,0,0,0,1
21760,1,1,1,0,0,0,0,0
21766,0,1,1,0,0,0,0,0
21767,1,1,1,1,0,0,0,1
21769,1,0,0,0,0,0,0,0
21770,1,1,1,0,0,0,0,0
21771,1,1,0,0,0,0,0,0
21773,1,1,1,0,0,0,0,0
21774,1,1,1,1,0,0,0,0
21776,1,0,0,0,0,0,0,0
21779,1,1,1,0,0,0,0,0
21780,1,1,1,1,1,0,0,0
21781,1,1,1,1,0,0,0,0
21782,1,0,0,0,0,0,0,0
21784,0,0,0,0,1,0,0,0
21785,1,1,1,1,0,0,0,0
21786,1,1,1,1,0,0,0,1
21787,1,1,1,1,0,0,0,0
21790,0,0,1,0,0,0,0,0
21791,0,1,1,0,0,0,0,0
21793,0,1,1,1,0,0,0,0
21794,1,1,1,1,0,0,0,1
21796,1,1,1,1,0,0,0,1
21797,0,1,0,0,0,0,0,0
21801,0,1,1,1,1,0,0,1
21802,0,1,0,0,0,0,0,0
21808,0,0,0,0,0,0,0,0
21803,0,0,0,0,0,0,0,0
21804,0,0,0,0,0,0,0,0
21806,1,1,0,1,1,0,0,1
21807,0,1,0,0,0,0,0,1
21809,0,0,0,0,0,0,0,0
21810,1,1,1,1,0,0,0,1
21811,1,1,1,1,1,0,0,0
21813,0,1,1,0,0,0,0,0
21814,0,0,0,0,0,0,0,0
21815,0,1,0,1,1,0,0,0
21816,0,1,0,0,0,0,0,0
21818,0,0,0,0,0,0,0,1
21820,1,1,1,1,0,0,0,1
21822,0,0,0,0,0,0,0,0
21825,0,0,0,0,0,0,0,0
21833,0,0,0,0,0,0,0,0
21824,0,1,1,0,0,0,0,0
21826,0,1,0,0,0,0,0,0
21828,1,1,1,1,1,0,0,1
21829,1,1,1,1,0,0,0,1
21832,0,1,1,0,0,0,0,1
21834,0,1,0,0,1,0,0,0
21835,1,1,1,1,0,0,0,1
21838,0,0,1,0,0,0,0,1
21839,0,0,0,0,0,0,0,0
21843,0,1,1,1,1,0,0,0
21846,1,1,1,0,1,0,0,1
21847,0,0,0,0,0,0,0,0
21849,1,1,1,0,0,0,0,1
21850,1,1,0,1,0,0,0,1
21851,1,1,1,1,0,0,0,1
21853,0,1,0,0,0,0,0,0
21854,1,1,0,1,0,0,0,1
21858,0,0,0,0,0,0,0,0
21859,0,1,1,0,1,1,0,0
21860,1,1,1,1,0,0,0,1
21861,1,1,0,1,0,0,0,1
21863,0,0,0,1,1,0,0,0
21867,0,1,1,1,0,0,0,0
21869,0,0,0,0,0,0,0,1
21870,0,0,0,0,0,0,0,0
21871,0,1,0,1,0,0,0,0
21872,1,1,1,1,0,0,0,1
21873,0,1,1,1,0,0,0,0
21874,1,1,1,0,0,0,0,1
21875,0,1,0,1,0,0,0,0
21876,1,1,1,0,0,1,0,1
21881,0,0,0,0,0,0,0,0
21884,1,1,0,0,0,0,0,0
21886,0,1,1,0,0,0,0,0
21887,0,1,1,1,1,0,0,0
21888,1,1,1,0,0,0,0,0
21890,1,1,0,0,0,0,0,0
21891,0,1,0,0,0,0,0,0
21892,1,1,1,1,0,0,0,1
21895,1,1,1,1,0,0,0,1
21896,0,1,1,0,0,0,0,1
21897,0,0,0,0,0,0,0,0
21898,0,1,0,1,0,0,0,0
21900,0,0,0,0,0,0,0,0
21901,1,1,0,1,0,0,0,0
21903,0,1,0,1,0,0,0,0
21904,1,1,1,1,1,0,0,0
21905,1,1,1,1,0,0,0,1
21907,0,0,0,0,0,0,0,0
21908,0,0,0,0,0,0,0,0
21909,0,1,1,1,1,0,0,0
21911,0,1,1,1,0,0,0,1
21912,0,1,1,1,0,0,0,0
21915,0,1,0,1,0,0,0,0
21917,0,0,1,0,0,0,0,0
21918,0,1,1,1,0,0,0,0
21920,1,1,0,1,1,0,0,1
21922,0,1,1,1,1,0,0,0
21924,0,1,0,1,0,0,0,1
21925,0,1,0,0,0,0,0,0
21926,0,0,0,0,0,0,0,0
21927,0,1,1,1,0,0,0,0
21929,0,0,1,0,0,0,0,1
21930,1,1,0,0,0,0,0,1
21933,0,0,1,0,0,0,0,1
21934,1,1,1,1,0,0,0,0
21935,0,1,1,1,0,0,0,0
21937,0,1,1,0,0,0,0,0
21938,0,0,1,0,0,0,0,0
21939,0,0,0,1,0,0,0,1
21940,1,1,0,1,0,0,0,0
21941,1,1,1,1,0,0,0,1
21942,0,1,1,1,0,0,0,0
21943,0,1,1,1,0,0,0,0
21944,0,0,0,0,0,0,0,1
21945,1,1,1,1,0,0,0,1
21953,0,0,0,0,0,0,0,0
21949,0,1,0,0,0,0,0,1
21951,0,0,0,0,0,0,0,1
21955,1,1,0,0,0,0,0,1
21956,1,1,0,1,0,0,0,0
21957,0,1,0,1,0,0,0,0
21958,1,1,1,1,1,1,0,1
21962,0,0,1,0,0,0,0,1
21963,0,1,0,0,1,1,0,1
21966,0,0,0,0,0,0,0,0
21969,0,0,0,0,0,0,0,0
21967,0,0,1,0,0,0,0,0
21973,1,1,1,0,1,0,0,0
21974,0,1,0,1,0,0,0,0
21976,0,0,0,0,0,0,0,0
21978,0,0,0,0,0,0,0,0
21979,1,1,1,1,1,0,0,1
21981,0,1,1,1,0,0,0,0
21982,1,1,0,1,0,0,0,1
21984,1,1,0,1,0,0,0,1
21985,0,0,0,0,0,0,0,0
21986,1,1,1,1,0,0,0,0
21987,0,0,0,0,0,0,0,0
21993,0,0,0,0,0,0,0,1
22000,0,0,1,0,0,0,0,1
21988,0,1,0,0,1,0,0,0
21989,0,1,1,1,1,0,0,0
21990,0,0,0,0,0,0,0,1
21991,1,1,1,1,0,0,0,0
21994,0,0,0,0,0,0,0,1
21995,1,1,0,1,0,0,0,1
21997,0,0,0,1,1,0,0,0
21998,0,1,0,0,0,0,0,0
21999,1,1,1,1,0,0,0,1
22001,0,1,1,1,1,0,0,0
22002,1,1,0,1,0,0,0,1
22003,0,0,0,0,0,0,0,0
22004,0,1,1,1,0,0,0,0
22005,1,1,1,1,0,0,0,1
22009,1,1,0,1,0,0,0,0
22010,1,1,1,1,0,0,0,0
22011,0,1,0,0,1,0,0,0
22016,1,1,0,0,0,0,0,0
22018,1,1,0,0,0,0,0,1
22019,0,0,0,1,0,0,0,1
22020,0,0,0,0,0,0,0,0
22022,1,1,0,1,0,0,0,1
22023,1,1,1,1,1,0,0,1
22024,1,1,1,1,0,0,0,1
22027,0,1,1,1,0,1,0,1
22029,1,1,0,1,1,0,0,1
22030,1,1,0,1,0,0,0,0
22033,0,1,1,0,0,0,0,0
22045,0,0,1,0,0,0,0,1
22036,0,1,1,1,0,0,0,0
22040,0,1,0,1,0,0,0,0
22041,1,1,1,1,1,0,0,1
22044,1,1,1,1,0,0,0,1
22046,1,1,1,1,0,0,0,1
22047,0,1,0,0,0,0,0,1
22049,1,1,0,1,0,0,0,1
22055,1,1,1,1,1,0,0,0
22056,1,1,0,1,1,0,0,1
22057,0,0,1,0,0,0,0,0
22058,1,1,1,1,0,0,0,1
22061,0,1,0,1,0,0,0,1
22072,0,0,0,0,0,0,0,0
22075,0,0,0,0,0,0,0,0
22076,0,0,0,0,0,0,0,1
22081,0,0,0,0,0,0,0,0
22094,0,0,0,0,0,0,0,0
22111,0,0,0,0,0,0,0,1
22116,0,0,0,0,0,0,0,1
22121,0,0,0,0,0,0,0,0
22134,0,0,0,0,0,0,0,0
22136,0,0,0,0,0,0,0,0
22151,0,0,0,0,0,0,0,0
22174,0,0,0,0,0,0,0,0
22185,0,0,0,0,0,0,0,0
22199,0,0,0,0,0,0,0,0
22210,0,0,0,0,0,0,0,0
22225,0,0,1,0,0,0,0,1
22227,0,0,1,0,0,0,0,0
22250,0,0,0,0,0,0,0,0
22067,0,1,1,1,1,0,0,0
22069,1,1,0,1,1,0,0,1
22077,0,1,1,1,0,0,0,0
22078,0,1,0,1,1,0,0,0
22079,0,0,0,0,0,0,0,1
22080,0,1,1,0,0,0,0,1
22082,0,1,0,1,0,0,0,0
22084,1,1,1,1,1,0,0,1
22085,0,0,0,0,0,0,0,0
22088,1,1,1,1,0,0,0,1
22095,0,0,0,0,0,0,0,0
22101,0,0,0,0,0,0,0,1
22089,1,1,1,1,1,0,0,1
22093,0,1,1,1,0,0,0,1
22099,0,1,0,1,1,0,0,0
22102,0,0,0,0,0,0,0,1
22104,0,0,0,0,0,0,0,0
22105,0,0,1,0,0,0,0,0
22106,0,1,0,1,1,1,0,1
22108,1,1,0,1,0,0,0,1
22109,1,1,1,1,0,0,0,1
22110,1,1,1,1,0,0,0,1
22114,1,1,1,1,0,0,0,1
22117,0,1,1,1,0,0,0,0
22118,0,1,0,1,1,0,0,0
22120,0,0,0,0,0,0,0,1
22122,1,1,1,1,0,0,0,1
22124,0,1,0,1,0,0,0,1
22125,1,1,0,1,1,0,0,1
22126,1,1,1,1,0,0,0,1
22127,1,1,1,0,1,0,0,0
22129,1,1,0,1,0,0,0,0
22130,0,1,0,1,0,0,0,0
22131,0,1,0,1,0,0,0,0
22132,0,0,0,0,0,0,0,0
22133,1,1,0,1,0,1,0,1
22135,0,0,0,0,0,0,0,1
22140,1,1,0,0,0,0,0,1
22142,1,1,0,1,1,0,0,0
22144,0,1,0,1,0,0,0,0
22146,0,1,0,0,0,0,0,0
22147,0,0,0,0,0,0,0,0
22153,0,0,0,0,0,0,0,0
22161,0,0,0,0,0,0,0,0
22150,1,1,0,1,0,0,0,1
22156,1,1,1,1,1,0,0,0
22158,1,1,1,1,1,0,0,1
22159,0,0,0,0,0,0,0,0
22162,0,0,0,0,0,0,0,0
22163,1,1,1,0,0,0,0,0
22169,0,0,0,0,0,0,0,1
22171,1,1,0,0,0,0,0,1
22172,1,1,1,1,0,0,0,1
22175,1,1,1,1,0,0,0,1
22177,0,1,1,1,0,0,0,1
22178,1,1,1,1,0,0,0,1
22195,0,0,0,0,0,0,0,0
22198,0,0,0,0,0,0,0,0
22180,0,1,0,1,1,0,0,0
22182,0,1,1,0,0,0,0,0
22184,0,1,1,0,0,0,0,0
22187,0,1,0,1,0,0,0,1
22189,0,1,0,1,0,0,0,0
22190,1,1,1,1,0,0,0,1
22191,1,1,0,1,0,0,0,1
22193,0,1,0,0,0,0,0,0
22194,0,1,0,0,0,0,0,0
22197,1,1,1,1,0,0,0,1
22200,0,1,1,1,1,0,0,0
22201,0,1,1,1,1,1,0,1
22202,1,1,1,1,0,0,0,0
22204,0,0,0,0,0,0,0,0
22206,1,1,1,1,0,0,0,1
22207,0,1,0,0,0,0,0,1
22212,1,1,1,1,0,0,0,0
22214,1,1,0,0,0,0,0,1
22216,1,1,0,1,1,0,0,1
22217,0,1,0,1,0,0,0,0
22219,1,1,1,1,0,0,0,1
22220,1,1,1,1,0,0,0,1
22222,0,1,0,0,0,0,0,0
22223,1,1,1,1,1,0,0,1
22224,1,1,1,1,0,0,0,1
22228,0,1,1,1,1,0,0,0
22232,0,1,1,0,0,0,0,1
22236,0,1,1,1,0,0,0,0
22238,1,1,1,1,0,0,0,1
22239,1,1,1,1,0,0,0,1
22241,0,1,0,0,0,1,0,0
22242,0,1,0,0,0,0,0,0
22244,0,1,1,0,0,0,0,1
22245,0,1,0,0,0,0,0,0
22247,0,1,0,0,0,0,0,0
22251,0,0,0,0,0,0,0,1
22252,0,1,1,0,0,0,0,0
22253,1,1,1,1,0,0,0,1
22254,1,1,1,1,0,0,0,0
22255,1,1,0,1,0,0,0,0
22256,1,1,1,0,0,0,0,1
22257,1,1,1,0,0,0,0,1
22263,1,1,0,0,0,0,0,0
22264,1,1,0,0,0,0,0,1
22265,1,1,0,1,0,0,0,0
22267,1,1,1,0,0,0,0,1
22268,1,1,1,0,0,0,0,1
22270,1,1,0,1,0,0,0,1
22271,0,1,0,0,1,0,0,1
22279,1,1,1,1,1,0,0,0
22281,0,1,1,0,0,0,0,0
22282,1,1,0,0,0,0,0,0
22288,0,0,0,0,0,0,0,0
22291,0,0,0,0,0,0,0,0
22296,1,1,0,1,1,0,0,1
22301,0,1,0,0,0,0,0,0
22309,0,1,0,1,0,0,0,1
22312,1,1,0,1,1,0,0,1
22313,1,1,1,0,1,0,0,1
22314,0,1,1,1,0,0,0,0
22315,1,1,0,1,0,0,0,1
22318,1,1,1,1,0,0,0,1
22326,1,1,0,1,0,0,0,1
22328,1,1,1,0,0,0,0,1
22329,1,1,1,0,0,0,0,1
22330,1,1,0,0,0,0,0,0
